dataset_row,club,height_block,tm_club_path_deg,manual_camera_ops_path_deg,signed_error_deg,absolute_error_deg,selected_frame_offsets,complete
6,9Iron,low_2.875in,2.494,5.200045174345032,2.706045174345032,2.706045174345032,-2:+1,True
12,9Iron,low_2.875in,1.649,3.6496869312905704,2.0006869312905704,2.0006869312905704,-2:+1,True
16,9Iron,high_5.25in,1.353,4.03959408042713,2.68659408042713,2.68659408042713,-2:+1,True
18,9Iron,high_5.25in,2.351,3.3481715590953463,0.9971715590953463,0.9971715590953463,-2:+1,True
29,9Iron,high_5.25in,3.264,4.932003444510855,1.668003444510855,1.668003444510855,-2:+1,True
35,5Iron,high_5.25in,0.286,2.7148271987065162,2.428827198706516,2.428827198706516,-2:+1,True
37,5Iron,high_5.25in,1.087,5.854091559905931,4.767091559905931,4.767091559905931,-2:+1,True
45,5Iron,high_5.25in,-0.897,1.6718564820373043,2.5688564820373045,2.5688564820373045,-2:+1,True
47,5Iron,low_2.875in,-0.039,2.1870223224206775,2.2260223224206777,2.2260223224206777,-2:+1,True
48,5Iron,low_2.875in,0.481,3.051709117197693,2.5707091171976932,2.5707091171976932,-2:+1,True
61,Driver,low_2.875in,0.201,2.543360615814102,2.342360615814102,2.342360615814102,-2:+1,True
63,Driver,low_2.875in,-3.816,0.8819844847729085,4.697984484772908,4.697984484772908,-2:+1,True
69,Driver,high_5.25in,-1.934,3.501479532628652,5.435479532628652,5.435479532628652,-2:+1,True
75,Driver,high_5.25in,-2.736,4.3252206439941565,7.061220643994156,7.061220643994156,-2:+1,True
83,Driver,high_5.25in,-5.321,0.05058124154607199,5.371581241546072,5.371581241546072,-2:+1,True
