dataset_row,club,height_block,tm_club_path_deg,estimate_-4_-3_deg,error_-4_-3_deg,estimate_-3_-2_deg,error_-3_-2_deg,estimate_-2_-1_deg,error_-2_-1_deg,estimate_-1_0_deg,error_-1_0_deg,estimate_0_1_deg,error_0_1_deg,estimate_-4_-1_deg,error_-4_-1_deg,estimate_-3_0_deg,error_-3_0_deg,estimate_-2_1_deg,error_-2_1_deg
6,9Iron,low_2.875in,2.494,7.583682340139916,5.089682340139916,11.883459345076108,9.389459345076109,8.566125878053061,6.072125878053061,6.1407815564769646,3.6467815564769643,2.276801161143584,-0.2171988388564161,9.187283995429386,6.693283995429386,8.77963420110128,6.28563420110128,5.200045174345032,2.706045174345032
12,9Iron,low_2.875in,1.649,21.627091816368942,19.97809181636894,7.110396941517082,5.461396941517082,3.3364101939977457,1.6874101939977457,4.985054487558714,3.336054487558714,2.4129866265361497,0.7639866265361497,8.308215778658191,6.659215778658191,5.400541620843369,3.751541620843369,3.6496869312905704,2.0006869312905704
16,9Iron,high_5.25in,1.353,7.917230064469472,6.564230064469473,4.153616830513745,2.8006168305137455,15.844212249829983,14.491212249829983,1.272618422432203,-0.08038157756779696,2.982805302629386,1.629805302629386,6.625415246735133,5.272415246735133,4.601126959205346,3.2481269592053463,4.03959408042713,2.68659408042713
18,9Iron,high_5.25in,2.351,17.009269754959075,14.658269754959075,8.861733893366914,6.510733893366914,4.5231464252340485,2.1721464252340486,3.303706184668084,0.952706184668084,2.458441703765821,0.10744170376582085,9.445949003733078,7.0949490037330785,5.7344073024167646,3.3834073024167646,3.3481715590953463,0.9971715590953463
29,9Iron,high_5.25in,3.264,17.517067019662747,14.253067019662748,10.890390660707654,7.626390660707655,7.164489233816605,3.900489233816605,6.186450315883079,2.922450315883079,1.556975350402247,-1.7070246495977528,11.385944842794073,8.121944842794074,8.113951624446376,4.849951624446376,4.932003444510855,1.668003444510855
35,5Iron,high_5.25in,0.286,11.902061526064061,11.616061526064062,5.103552364198596,4.817552364198597,7.823907944275489,7.5379079442754895,3.7245924115288584,3.4385924115288584,0.5718468930194855,0.28584689301948557,7.35463930371492,7.06863930371492,5.184092980374077,4.898092980374077,2.7148271987065162,2.428827198706516
37,5Iron,high_5.25in,1.087,9.889279267347433,8.802279267347433,5.3818065171672815,4.294806517167282,10.817512524498284,9.730512524498284,2.6366117896710195,1.5496117896710195,5.560536943937188,4.473536943937188,8.251020914495315,7.164020914495316,5.7832967063067215,4.696296706306722,5.854091559905931,4.767091559905931
45,5Iron,high_5.25in,-0.897,10.650107035723451,11.547107035723451,6.641614380761871,7.538614380761871,2.594272524980051,3.491272524980051,3.426283681303299,4.323283681303299,-0.6044780487202377,0.2925219512797623,6.351081438059148,7.248081438059148,4.237609374135594,5.134609374135594,1.6718564820373043,2.5688564820373045
47,5Iron,low_2.875in,-0.039,11.203489355153835,11.242489355153834,3.705254746613553,3.744254746613553,4.86826276977062,4.90726276977062,1.199190277639241,1.2381902776392408,1.4473536948107706,1.4863536948107705,6.321325038267248,6.360325038267248,3.3083377172214488,3.347337717221449,2.1870223224206775,2.2260223224206777
48,5Iron,low_2.875in,0.481,7.333116909876738,6.852116909876738,4.6622121148126965,4.181212114812697,5.756616163919898,5.275616163919898,5.096735306390533,4.615735306390533,-0.9103981982178972,-1.3913981982178973,6.1873066138954895,5.70630661389549,5.238642510791025,4.757642510791025,3.051709117197693,2.5707091171976932
61,Driver,low_2.875in,0.201,12.741411580466917,12.540411580466916,8.064646109187315,7.863646109187315,4.009425005109209,3.8084250051092092,2.635737816317372,2.434737816317372,-1.766350187591511,-1.9673501875915111,8.61117049716266,8.41017049716266,4.097346569122393,3.8963465691223926,2.543360615814102,2.342360615814102
63,Driver,low_2.875in,-3.816,6.511260333635493,10.327260333635493,6.2148537021773365,10.030853702177335,3.3801830241776045,7.196183024177604,3.5428032172292805,7.35880321722928,-5.065163739592436,-1.2491637395924364,5.262659229840221,9.07865922984022,4.349069259776371,8.16506925977637,0.8819844847729085,4.697984484772908
69,Driver,high_5.25in,-1.934,19.33704846158229,21.271048461582293,11.96916748826291,13.903167488262909,3.643177360503103,5.577177360503103,3.8140122076449807,5.74801220764498,2.4066950471288235,4.340695047128824,11.771973884860245,13.705973884860244,6.175897823696049,8.109897823696048,3.501479532628652,5.435479532628652
75,Driver,high_5.25in,-2.736,12.061641119909238,14.797641119909239,5.053108489908703,7.789108489908703,2.9306171149066635,5.666617114906664,5.509555316763316,8.245555316763316,3.691420063507575,6.427420063507576,7.2889698361591515,10.024969836159151,4.902070673125828,7.638070673125828,4.3252206439941565,7.061220643994156
83,Driver,high_5.25in,-5.321,7.4299274074191075,12.750927407419107,9.347218443327488,14.668218443327488,-1.6014861409647063,3.7195138590352936,2.5012586188440027,7.822258618844002,-0.38464443420140243,4.936355565798597,4.589525246094591,9.91052524609459,3.2016562770969768,8.522656277096976,0.05058124154607199,5.371581241546072
