of_session_id,of_shot_number,session_log_path,terminal_log_path,iwr_dump_path,camera_directory,camera_files
20260824_104617,1,/Users/john.pacino/openflight_sessions/session_20260824_104617_trackman.jsonl,/Users/john.pacino/openflight_sessions/terminal_logs/kiosk_20260824_104604.log,/Users/john.pacino/openflight_sessions/iwr6843/iwr6843_20260824_104747_544_001.l3dump,/Users/john.pacino/openflight_sessions/trackman/camera/camera_20260824_104747_544_001,/Users/john.pacino/openflight_sessions/trackman/camera/camera_20260824_104747_544_001/first.pgm;/Users/john.pacino/openflight_sessions/trackman/camera/camera_20260824_104747_544_001/frames.npz;/Users/john.pacino/openflight_sessions/trackman/camera/camera_20260824_104747_544_001/last.pgm;/Users/john.pacino/openflight_sessions/trackman/camera/camera_20260824_104747_544_001/metadata.json;/Users/john.pacino/openflight_sessions/trackman/camera/camera_20260824_104747_544_001/trigger.pgm
20260824_104617,2,/Users/john.pacino/openflight_sessions/session_20260824_104617_trackman.jsonl,/Users/john.pacino/openflight_sessions/terminal_logs/kiosk_20260824_104604.log,/Users/john.pacino/openflight_sessions/iwr6843/iwr6843_20260824_104907_741_002.l3dump,/Users/john.pacino/openflight_sessions/trackman/camera/camera_20260824_104907_741_002,/Users/john.pacino/openflight_sessions/trackman/camera/camera_20260824_104907_741_002/first.pgm;/Users/john.pacino/openflight_sessions/trackman/camera/camera_20260824_104907_741_002/frames.npz;/Users/john.pacino/openflight_sessions/trackman/camera/camera_20260824_104907_741_002/last.pgm;/Users/john.pacino/openflight_sessions/trackman/camera/camera_20260824_104907_741_002/metadata.json;/Users/john.pacino/openflight_sessions/trackman/camera/camera_20260824_104907_741_002/trigger.pgm
20260824_110351,1,/Users/john.pacino/openflight_sessions/session_20260824_110351_trackman.jsonl,/Users/john.pacino/openflight_sessions/terminal_logs/kiosk_20260824_110340.log,/Users/john.pacino/openflight_sessions/iwr6843/iwr6843_20260824_110518_637_002.l3dump,/Users/john.pacino/openflight_sessions/trackman/camera/camera_20260824_110518_637_002,/Users/john.pacino/openflight_sessions/trackman/camera/camera_20260824_110518_637_002/first.pgm;/Users/john.pacino/openflight_sessions/trackman/camera/camera_20260824_110518_637_002/frames.npz;/Users/john.pacino/openflight_sessions/trackman/camera/camera_20260824_110518_637_002/last.pgm;/Users/john.pacino/openflight_sessions/trackman/camera/camera_20260824_110518_637_002/metadata.json;/Users/john.pacino/openflight_sessions/trackman/camera/camera_20260824_110518_637_002/trigger.pgm
20260824_110351,2,/Users/john.pacino/openflight_sessions/session_20260824_110351_trackman.jsonl,/Users/john.pacino/openflight_sessions/terminal_logs/kiosk_20260824_110340.log,/Users/john.pacino/openflight_sessions/iwr6843/iwr6843_20260824_110538_535_003.l3dump,/Users/john.pacino/openflight_sessions/trackman/camera/camera_20260824_110538_535_003,/Users/john.pacino/openflight_sessions/trackman/camera/camera_20260824_110538_535_003/first.pgm;/Users/john.pacino/openflight_sessions/trackman/camera/camera_20260824_110538_535_003/frames.npz;/Users/john.pacino/openflight_sessions/trackman/camera/camera_20260824_110538_535_003/last.pgm;/Users/john.pacino/openflight_sessions/trackman/camera/camera_20260824_110538_535_003/metadata.json;/Users/john.pacino/openflight_sessions/trackman/camera/camera_20260824_110538_535_003/trigger.pgm
20260824_110351,3,/Users/john.pacino/openflight_sessions/session_20260824_110351_trackman.jsonl,/Users/john.pacino/openflight_sessions/terminal_logs/kiosk_20260824_110340.log,/Users/john.pacino/openflight_sessions/iwr6843/iwr6843_20260824_110612_766_004.l3dump,/Users/john.pacino/openflight_sessions/trackman/camera/camera_20260824_110612_766_004,/Users/john.pacino/openflight_sessions/trackman/camera/camera_20260824_110612_766_004/first.pgm;/Users/john.pacino/openflight_sessions/trackman/camera/camera_20260824_110612_766_004/frames.npz;/Users/john.pacino/openflight_sessions/trackman/camera/camera_20260824_110612_766_004/last.pgm;/Users/john.pacino/openflight_sessions/trackman/camera/camera_20260824_110612_766_004/metadata.json;/Users/john.pacino/openflight_sessions/trackman/camera/camera_20260824_110612_766_004/trigger.pgm
20260824_110351,4,/Users/john.pacino/openflight_sessions/session_20260824_110351_trackman.jsonl,/Users/john.pacino/openflight_sessions/terminal_logs/kiosk_20260824_110340.log,/Users/john.pacino/openflight_sessions/iwr6843/iwr6843_20260824_110641_522_005.l3dump,/Users/john.pacino/openflight_sessions/trackman/camera/camera_20260824_110641_522_005,/Users/john.pacino/openflight_sessions/trackman/camera/camera_20260824_110641_522_005/first.pgm;/Users/john.pacino/openflight_sessions/trackman/camera/camera_20260824_110641_522_005/frames.npz;/Users/john.pacino/openflight_sessions/trackman/camera/camera_20260824_110641_522_005/last.pgm;/Users/john.pacino/openflight_sessions/trackman/camera/camera_20260824_110641_522_005/metadata.json;/Users/john.pacino/openflight_sessions/trackman/camera/camera_20260824_110641_522_005/trigger.pgm
20260824_111222,1,/Users/john.pacino/openflight_sessions/session_20260824_111222_trackman.jsonl,/Users/john.pacino/openflight_sessions/terminal_logs/kiosk_20260824_111211.log,/Users/john.pacino/openflight_sessions/iwr6843/iwr6843_20260824_111334_117_001.l3dump,/Users/john.pacino/openflight_sessions/trackman/camera/camera_20260824_111334_117_001,/Users/john.pacino/openflight_sessions/trackman/camera/camera_20260824_111334_117_001/first.pgm;/Users/john.pacino/openflight_sessions/trackman/camera/camera_20260824_111334_117_001/frames.npz;/Users/john.pacino/openflight_sessions/trackman/camera/camera_20260824_111334_117_001/last.pgm;/Users/john.pacino/openflight_sessions/trackman/camera/camera_20260824_111334_117_001/metadata.json;/Users/john.pacino/openflight_sessions/trackman/camera/camera_20260824_111334_117_001/trigger.pgm
20260824_111222,2,/Users/john.pacino/openflight_sessions/session_20260824_111222_trackman.jsonl,/Users/john.pacino/openflight_sessions/terminal_logs/kiosk_20260824_111211.log,/Users/john.pacino/openflight_sessions/iwr6843/iwr6843_20260824_111402_435_002.l3dump,/Users/john.pacino/openflight_sessions/trackman/camera/camera_20260824_111402_435_002,/Users/john.pacino/openflight_sessions/trackman/camera/camera_20260824_111402_435_002/first.pgm;/Users/john.pacino/openflight_sessions/trackman/camera/camera_20260824_111402_435_002/frames.npz;/Users/john.pacino/openflight_sessions/trackman/camera/camera_20260824_111402_435_002/last.pgm;/Users/john.pacino/openflight_sessions/trackman/camera/camera_20260824_111402_435_002/metadata.json;/Users/john.pacino/openflight_sessions/trackman/camera/camera_20260824_111402_435_002/trigger.pgm
20260824_111222,3,/Users/john.pacino/openflight_sessions/session_20260824_111222_trackman.jsonl,/Users/john.pacino/openflight_sessions/terminal_logs/kiosk_20260824_111211.log,/Users/john.pacino/openflight_sessions/iwr6843/iwr6843_20260824_111428_580_003.l3dump,/Users/john.pacino/openflight_sessions/trackman/camera/camera_20260824_111428_580_003,/Users/john.pacino/openflight_sessions/trackman/camera/camera_20260824_111428_580_003/first.pgm;/Users/john.pacino/openflight_sessions/trackman/camera/camera_20260824_111428_580_003/frames.npz;/Users/john.pacino/openflight_sessions/trackman/camera/camera_20260824_111428_580_003/last.pgm;/Users/john.pacino/openflight_sessions/trackman/camera/camera_20260824_111428_580_003/metadata.json;/Users/john.pacino/openflight_sessions/trackman/camera/camera_20260824_111428_580_003/trigger.pgm
20260824_111222,4,/Users/john.pacino/openflight_sessions/session_20260824_111222_trackman.jsonl,/Users/john.pacino/openflight_sessions/terminal_logs/kiosk_20260824_111211.log,/Users/john.pacino/openflight_sessions/iwr6843/iwr6843_20260824_111502_844_004.l3dump,/Users/john.pacino/openflight_sessions/trackman/camera/camera_20260824_111502_844_004,/Users/john.pacino/openflight_sessions/trackman/camera/camera_20260824_111502_844_004/first.pgm;/Users/john.pacino/openflight_sessions/trackman/camera/camera_20260824_111502_844_004/frames.npz;/Users/john.pacino/openflight_sessions/trackman/camera/camera_20260824_111502_844_004/last.pgm;/Users/john.pacino/openflight_sessions/trackman/camera/camera_20260824_111502_844_004/metadata.json;/Users/john.pacino/openflight_sessions/trackman/camera/camera_20260824_111502_844_004/trigger.pgm
20260824_111222,5,/Users/john.pacino/openflight_sessions/session_20260824_111222_trackman.jsonl,/Users/john.pacino/openflight_sessions/terminal_logs/kiosk_20260824_111211.log,/Users/john.pacino/openflight_sessions/iwr6843/iwr6843_20260824_111530_455_005.l3dump,/Users/john.pacino/openflight_sessions/trackman/camera/camera_20260824_111530_455_005,/Users/john.pacino/openflight_sessions/trackman/camera/camera_20260824_111530_455_005/first.pgm;/Users/john.pacino/openflight_sessions/trackman/camera/camera_20260824_111530_455_005/frames.npz;/Users/john.pacino/openflight_sessions/trackman/camera/camera_20260824_111530_455_005/last.pgm;/Users/john.pacino/openflight_sessions/trackman/camera/camera_20260824_111530_455_005/metadata.json;/Users/john.pacino/openflight_sessions/trackman/camera/camera_20260824_111530_455_005/trigger.pgm
20260824_111222,6,/Users/john.pacino/openflight_sessions/session_20260824_111222_trackman.jsonl,/Users/john.pacino/openflight_sessions/terminal_logs/kiosk_20260824_111211.log,/Users/john.pacino/openflight_sessions/iwr6843/iwr6843_20260824_111602_285_006.l3dump,/Users/john.pacino/openflight_sessions/trackman/camera/camera_20260824_111602_285_006,/Users/john.pacino/openflight_sessions/trackman/camera/camera_20260824_111602_285_006/first.pgm;/Users/john.pacino/openflight_sessions/trackman/camera/camera_20260824_111602_285_006/frames.npz;/Users/john.pacino/openflight_sessions/trackman/camera/camera_20260824_111602_285_006/last.pgm;/Users/john.pacino/openflight_sessions/trackman/camera/camera_20260824_111602_285_006/metadata.json;/Users/john.pacino/openflight_sessions/trackman/camera/camera_20260824_111602_285_006/trigger.pgm
20260824_111222,7,/Users/john.pacino/openflight_sessions/session_20260824_111222_trackman.jsonl,/Users/john.pacino/openflight_sessions/terminal_logs/kiosk_20260824_111211.log,/Users/john.pacino/openflight_sessions/iwr6843/iwr6843_20260824_111633_789_007.l3dump,/Users/john.pacino/openflight_sessions/trackman/camera/camera_20260824_111633_789_007,/Users/john.pacino/openflight_sessions/trackman/camera/camera_20260824_111633_789_007/first.pgm;/Users/john.pacino/openflight_sessions/trackman/camera/camera_20260824_111633_789_007/frames.npz;/Users/john.pacino/openflight_sessions/trackman/camera/camera_20260824_111633_789_007/last.pgm;/Users/john.pacino/openflight_sessions/trackman/camera/camera_20260824_111633_789_007/metadata.json;/Users/john.pacino/openflight_sessions/trackman/camera/camera_20260824_111633_789_007/trigger.pgm
20260824_111222,8,/Users/john.pacino/openflight_sessions/session_20260824_111222_trackman.jsonl,/Users/john.pacino/openflight_sessions/terminal_logs/kiosk_20260824_111211.log,/Users/john.pacino/openflight_sessions/iwr6843/iwr6843_20260824_111658_780_008.l3dump,/Users/john.pacino/openflight_sessions/trackman/camera/camera_20260824_111658_780_008,/Users/john.pacino/openflight_sessions/trackman/camera/camera_20260824_111658_780_008/first.pgm;/Users/john.pacino/openflight_sessions/trackman/camera/camera_20260824_111658_780_008/frames.npz;/Users/john.pacino/openflight_sessions/trackman/camera/camera_20260824_111658_780_008/last.pgm;/Users/john.pacino/openflight_sessions/trackman/camera/camera_20260824_111658_780_008/metadata.json;/Users/john.pacino/openflight_sessions/trackman/camera/camera_20260824_111658_780_008/trigger.pgm
20260824_111222,9,/Users/john.pacino/openflight_sessions/session_20260824_111222_trackman.jsonl,/Users/john.pacino/openflight_sessions/terminal_logs/kiosk_20260824_111211.log,/Users/john.pacino/openflight_sessions/iwr6843/iwr6843_20260824_111720_945_009.l3dump,/Users/john.pacino/openflight_sessions/trackman/camera/camera_20260824_111720_945_009,/Users/john.pacino/openflight_sessions/trackman/camera/camera_20260824_111720_945_009/first.pgm;/Users/john.pacino/openflight_sessions/trackman/camera/camera_20260824_111720_945_009/frames.npz;/Users/john.pacino/openflight_sessions/trackman/camera/camera_20260824_111720_945_009/last.pgm;/Users/john.pacino/openflight_sessions/trackman/camera/camera_20260824_111720_945_009/metadata.json;/Users/john.pacino/openflight_sessions/trackman/camera/camera_20260824_111720_945_009/trigger.pgm
20260824_111222,10,/Users/john.pacino/openflight_sessions/session_20260824_111222_trackman.jsonl,/Users/john.pacino/openflight_sessions/terminal_logs/kiosk_20260824_111211.log,/Users/john.pacino/openflight_sessions/iwr6843/iwr6843_20260824_112741_573_010.l3dump,/Users/john.pacino/openflight_sessions/trackman/camera/camera_20260824_112741_573_010,/Users/john.pacino/openflight_sessions/trackman/camera/camera_20260824_112741_573_010/first.pgm;/Users/john.pacino/openflight_sessions/trackman/camera/camera_20260824_112741_573_010/frames.npz;/Users/john.pacino/openflight_sessions/trackman/camera/camera_20260824_112741_573_010/last.pgm;/Users/john.pacino/openflight_sessions/trackman/camera/camera_20260824_112741_573_010/metadata.json;/Users/john.pacino/openflight_sessions/trackman/camera/camera_20260824_112741_573_010/trigger.pgm
20260824_111222,11,/Users/john.pacino/openflight_sessions/session_20260824_111222_trackman.jsonl,/Users/john.pacino/openflight_sessions/terminal_logs/kiosk_20260824_111211.log,/Users/john.pacino/openflight_sessions/iwr6843/iwr6843_20260824_112803_142_011.l3dump,/Users/john.pacino/openflight_sessions/trackman/camera/camera_20260824_112803_142_011,/Users/john.pacino/openflight_sessions/trackman/camera/camera_20260824_112803_142_011/first.pgm;/Users/john.pacino/openflight_sessions/trackman/camera/camera_20260824_112803_142_011/frames.npz;/Users/john.pacino/openflight_sessions/trackman/camera/camera_20260824_112803_142_011/last.pgm;/Users/john.pacino/openflight_sessions/trackman/camera/camera_20260824_112803_142_011/metadata.json;/Users/john.pacino/openflight_sessions/trackman/camera/camera_20260824_112803_142_011/trigger.pgm
20260824_111222,12,/Users/john.pacino/openflight_sessions/session_20260824_111222_trackman.jsonl,/Users/john.pacino/openflight_sessions/terminal_logs/kiosk_20260824_111211.log,/Users/john.pacino/openflight_sessions/iwr6843/iwr6843_20260824_112902_835_015.l3dump,/Users/john.pacino/openflight_sessions/trackman/camera/camera_20260824_112902_835_015,/Users/john.pacino/openflight_sessions/trackman/camera/camera_20260824_112902_835_015/first.pgm;/Users/john.pacino/openflight_sessions/trackman/camera/camera_20260824_112902_835_015/frames.npz;/Users/john.pacino/openflight_sessions/trackman/camera/camera_20260824_112902_835_015/last.pgm;/Users/john.pacino/openflight_sessions/trackman/camera/camera_20260824_112902_835_015/metadata.json;/Users/john.pacino/openflight_sessions/trackman/camera/camera_20260824_112902_835_015/trigger.pgm
20260824_111222,13,/Users/john.pacino/openflight_sessions/session_20260824_111222_trackman.jsonl,/Users/john.pacino/openflight_sessions/terminal_logs/kiosk_20260824_111211.log,/Users/john.pacino/openflight_sessions/iwr6843/iwr6843_20260824_112940_807_016.l3dump,/Users/john.pacino/openflight_sessions/trackman/camera/camera_20260824_112940_807_016,/Users/john.pacino/openflight_sessions/trackman/camera/camera_20260824_112940_807_016/first.pgm;/Users/john.pacino/openflight_sessions/trackman/camera/camera_20260824_112940_807_016/frames.npz;/Users/john.pacino/openflight_sessions/trackman/camera/camera_20260824_112940_807_016/last.pgm;/Users/john.pacino/openflight_sessions/trackman/camera/camera_20260824_112940_807_016/metadata.json;/Users/john.pacino/openflight_sessions/trackman/camera/camera_20260824_112940_807_016/trigger.pgm
20260824_111222,14,/Users/john.pacino/openflight_sessions/session_20260824_111222_trackman.jsonl,/Users/john.pacino/openflight_sessions/terminal_logs/kiosk_20260824_111211.log,/Users/john.pacino/openflight_sessions/iwr6843/iwr6843_20260824_113017_589_017.l3dump,/Users/john.pacino/openflight_sessions/trackman/camera/camera_20260824_113017_589_017,/Users/john.pacino/openflight_sessions/trackman/camera/camera_20260824_113017_589_017/first.pgm;/Users/john.pacino/openflight_sessions/trackman/camera/camera_20260824_113017_589_017/frames.npz;/Users/john.pacino/openflight_sessions/trackman/camera/camera_20260824_113017_589_017/last.pgm;/Users/john.pacino/openflight_sessions/trackman/camera/camera_20260824_113017_589_017/metadata.json;/Users/john.pacino/openflight_sessions/trackman/camera/camera_20260824_113017_589_017/trigger.pgm
20260824_111222,15,/Users/john.pacino/openflight_sessions/session_20260824_111222_trackman.jsonl,/Users/john.pacino/openflight_sessions/terminal_logs/kiosk_20260824_111211.log,/Users/john.pacino/openflight_sessions/iwr6843/iwr6843_20260824_113047_998_018.l3dump,/Users/john.pacino/openflight_sessions/trackman/camera/camera_20260824_113047_998_018,/Users/john.pacino/openflight_sessions/trackman/camera/camera_20260824_113047_998_018/first.pgm;/Users/john.pacino/openflight_sessions/trackman/camera/camera_20260824_113047_998_018/frames.npz;/Users/john.pacino/openflight_sessions/trackman/camera/camera_20260824_113047_998_018/last.pgm;/Users/john.pacino/openflight_sessions/trackman/camera/camera_20260824_113047_998_018/metadata.json;/Users/john.pacino/openflight_sessions/trackman/camera/camera_20260824_113047_998_018/trigger.pgm
20260824_111222,16,/Users/john.pacino/openflight_sessions/session_20260824_111222_trackman.jsonl,/Users/john.pacino/openflight_sessions/terminal_logs/kiosk_20260824_111211.log,/Users/john.pacino/openflight_sessions/iwr6843/iwr6843_20260824_115147_304_020.l3dump,/Users/john.pacino/openflight_sessions/trackman/camera/camera_20260824_115147_304_020,/Users/john.pacino/openflight_sessions/trackman/camera/camera_20260824_115147_304_020/first.pgm;/Users/john.pacino/openflight_sessions/trackman/camera/camera_20260824_115147_304_020/frames.npz;/Users/john.pacino/openflight_sessions/trackman/camera/camera_20260824_115147_304_020/last.pgm;/Users/john.pacino/openflight_sessions/trackman/camera/camera_20260824_115147_304_020/metadata.json;/Users/john.pacino/openflight_sessions/trackman/camera/camera_20260824_115147_304_020/trigger.pgm
20260824_111222,17,/Users/john.pacino/openflight_sessions/session_20260824_111222_trackman.jsonl,/Users/john.pacino/openflight_sessions/terminal_logs/kiosk_20260824_111211.log,/Users/john.pacino/openflight_sessions/iwr6843/iwr6843_20260824_115211_975_021.l3dump,/Users/john.pacino/openflight_sessions/trackman/camera/camera_20260824_115211_975_021,/Users/john.pacino/openflight_sessions/trackman/camera/camera_20260824_115211_975_021/first.pgm;/Users/john.pacino/openflight_sessions/trackman/camera/camera_20260824_115211_975_021/frames.npz;/Users/john.pacino/openflight_sessions/trackman/camera/camera_20260824_115211_975_021/last.pgm;/Users/john.pacino/openflight_sessions/trackman/camera/camera_20260824_115211_975_021/metadata.json;/Users/john.pacino/openflight_sessions/trackman/camera/camera_20260824_115211_975_021/trigger.pgm
20260824_111222,18,/Users/john.pacino/openflight_sessions/session_20260824_111222_trackman.jsonl,/Users/john.pacino/openflight_sessions/terminal_logs/kiosk_20260824_111211.log,/Users/john.pacino/openflight_sessions/iwr6843/iwr6843_20260824_115239_835_022.l3dump,/Users/john.pacino/openflight_sessions/trackman/camera/camera_20260824_115239_835_022,/Users/john.pacino/openflight_sessions/trackman/camera/camera_20260824_115239_835_022/first.pgm;/Users/john.pacino/openflight_sessions/trackman/camera/camera_20260824_115239_835_022/frames.npz;/Users/john.pacino/openflight_sessions/trackman/camera/camera_20260824_115239_835_022/last.pgm;/Users/john.pacino/openflight_sessions/trackman/camera/camera_20260824_115239_835_022/metadata.json;/Users/john.pacino/openflight_sessions/trackman/camera/camera_20260824_115239_835_022/trigger.pgm
20260824_111222,19,/Users/john.pacino/openflight_sessions/session_20260824_111222_trackman.jsonl,/Users/john.pacino/openflight_sessions/terminal_logs/kiosk_20260824_111211.log,/Users/john.pacino/openflight_sessions/iwr6843/iwr6843_20260824_115302_698_023.l3dump,/Users/john.pacino/openflight_sessions/trackman/camera/camera_20260824_115302_698_023,/Users/john.pacino/openflight_sessions/trackman/camera/camera_20260824_115302_698_023/first.pgm;/Users/john.pacino/openflight_sessions/trackman/camera/camera_20260824_115302_698_023/frames.npz;/Users/john.pacino/openflight_sessions/trackman/camera/camera_20260824_115302_698_023/last.pgm;/Users/john.pacino/openflight_sessions/trackman/camera/camera_20260824_115302_698_023/metadata.json;/Users/john.pacino/openflight_sessions/trackman/camera/camera_20260824_115302_698_023/trigger.pgm
20260824_111222,20,/Users/john.pacino/openflight_sessions/session_20260824_111222_trackman.jsonl,/Users/john.pacino/openflight_sessions/terminal_logs/kiosk_20260824_111211.log,/Users/john.pacino/openflight_sessions/iwr6843/iwr6843_20260824_115331_321_024.l3dump,/Users/john.pacino/openflight_sessions/trackman/camera/camera_20260824_115331_321_024,/Users/john.pacino/openflight_sessions/trackman/camera/camera_20260824_115331_321_024/first.pgm;/Users/john.pacino/openflight_sessions/trackman/camera/camera_20260824_115331_321_024/frames.npz;/Users/john.pacino/openflight_sessions/trackman/camera/camera_20260824_115331_321_024/last.pgm;/Users/john.pacino/openflight_sessions/trackman/camera/camera_20260824_115331_321_024/metadata.json;/Users/john.pacino/openflight_sessions/trackman/camera/camera_20260824_115331_321_024/trigger.pgm
20260824_111222,21,/Users/john.pacino/openflight_sessions/session_20260824_111222_trackman.jsonl,/Users/john.pacino/openflight_sessions/terminal_logs/kiosk_20260824_111211.log,/Users/john.pacino/openflight_sessions/iwr6843/iwr6843_20260824_115406_329_025.l3dump,/Users/john.pacino/openflight_sessions/trackman/camera/camera_20260824_115406_329_025,/Users/john.pacino/openflight_sessions/trackman/camera/camera_20260824_115406_329_025/first.pgm;/Users/john.pacino/openflight_sessions/trackman/camera/camera_20260824_115406_329_025/frames.npz;/Users/john.pacino/openflight_sessions/trackman/camera/camera_20260824_115406_329_025/last.pgm;/Users/john.pacino/openflight_sessions/trackman/camera/camera_20260824_115406_329_025/metadata.json;/Users/john.pacino/openflight_sessions/trackman/camera/camera_20260824_115406_329_025/trigger.pgm
20260824_111222,22,/Users/john.pacino/openflight_sessions/session_20260824_111222_trackman.jsonl,/Users/john.pacino/openflight_sessions/terminal_logs/kiosk_20260824_111211.log,/Users/john.pacino/openflight_sessions/iwr6843/iwr6843_20260824_115438_061_026.l3dump,/Users/john.pacino/openflight_sessions/trackman/camera/camera_20260824_115438_061_026,/Users/john.pacino/openflight_sessions/trackman/camera/camera_20260824_115438_061_026/first.pgm;/Users/john.pacino/openflight_sessions/trackman/camera/camera_20260824_115438_061_026/frames.npz;/Users/john.pacino/openflight_sessions/trackman/camera/camera_20260824_115438_061_026/last.pgm;/Users/john.pacino/openflight_sessions/trackman/camera/camera_20260824_115438_061_026/metadata.json;/Users/john.pacino/openflight_sessions/trackman/camera/camera_20260824_115438_061_026/trigger.pgm
20260824_111222,23,/Users/john.pacino/openflight_sessions/session_20260824_111222_trackman.jsonl,/Users/john.pacino/openflight_sessions/terminal_logs/kiosk_20260824_111211.log,/Users/john.pacino/openflight_sessions/iwr6843/iwr6843_20260824_115508_005_027.l3dump,/Users/john.pacino/openflight_sessions/trackman/camera/camera_20260824_115508_005_027,/Users/john.pacino/openflight_sessions/trackman/camera/camera_20260824_115508_005_027/first.pgm;/Users/john.pacino/openflight_sessions/trackman/camera/camera_20260824_115508_005_027/frames.npz;/Users/john.pacino/openflight_sessions/trackman/camera/camera_20260824_115508_005_027/last.pgm;/Users/john.pacino/openflight_sessions/trackman/camera/camera_20260824_115508_005_027/metadata.json;/Users/john.pacino/openflight_sessions/trackman/camera/camera_20260824_115508_005_027/trigger.pgm
20260824_111222,24,/Users/john.pacino/openflight_sessions/session_20260824_111222_trackman.jsonl,/Users/john.pacino/openflight_sessions/terminal_logs/kiosk_20260824_111211.log,/Users/john.pacino/openflight_sessions/iwr6843/iwr6843_20260824_115540_522_028.l3dump,/Users/john.pacino/openflight_sessions/trackman/camera/camera_20260824_115540_522_028,/Users/john.pacino/openflight_sessions/trackman/camera/camera_20260824_115540_522_028/first.pgm;/Users/john.pacino/openflight_sessions/trackman/camera/camera_20260824_115540_522_028/frames.npz;/Users/john.pacino/openflight_sessions/trackman/camera/camera_20260824_115540_522_028/last.pgm;/Users/john.pacino/openflight_sessions/trackman/camera/camera_20260824_115540_522_028/metadata.json;/Users/john.pacino/openflight_sessions/trackman/camera/camera_20260824_115540_522_028/trigger.pgm
20260824_111222,25,/Users/john.pacino/openflight_sessions/session_20260824_111222_trackman.jsonl,/Users/john.pacino/openflight_sessions/terminal_logs/kiosk_20260824_111211.log,/Users/john.pacino/openflight_sessions/iwr6843/iwr6843_20260824_115609_916_029.l3dump,/Users/john.pacino/openflight_sessions/trackman/camera/camera_20260824_115609_916_029,/Users/john.pacino/openflight_sessions/trackman/camera/camera_20260824_115609_916_029/first.pgm;/Users/john.pacino/openflight_sessions/trackman/camera/camera_20260824_115609_916_029/frames.npz;/Users/john.pacino/openflight_sessions/trackman/camera/camera_20260824_115609_916_029/last.pgm;/Users/john.pacino/openflight_sessions/trackman/camera/camera_20260824_115609_916_029/metadata.json;/Users/john.pacino/openflight_sessions/trackman/camera/camera_20260824_115609_916_029/trigger.pgm
20260824_120337,1,/Users/john.pacino/openflight_sessions/session_20260824_120337_trackman.jsonl,/Users/john.pacino/openflight_sessions/terminal_logs/kiosk_20260824_120326.log,/Users/john.pacino/openflight_sessions/iwr6843/iwr6843_20260824_120408_601_001.l3dump,/Users/john.pacino/openflight_sessions/trackman/camera/camera_20260824_120408_601_001,/Users/john.pacino/openflight_sessions/trackman/camera/camera_20260824_120408_601_001/first.pgm;/Users/john.pacino/openflight_sessions/trackman/camera/camera_20260824_120408_601_001/frames.npz;/Users/john.pacino/openflight_sessions/trackman/camera/camera_20260824_120408_601_001/last.pgm;/Users/john.pacino/openflight_sessions/trackman/camera/camera_20260824_120408_601_001/metadata.json;/Users/john.pacino/openflight_sessions/trackman/camera/camera_20260824_120408_601_001/trigger.pgm
20260824_120337,2,/Users/john.pacino/openflight_sessions/session_20260824_120337_trackman.jsonl,/Users/john.pacino/openflight_sessions/terminal_logs/kiosk_20260824_120326.log,/Users/john.pacino/openflight_sessions/iwr6843/iwr6843_20260824_120539_800_002.l3dump,/Users/john.pacino/openflight_sessions/trackman/camera/camera_20260824_120539_800_002,/Users/john.pacino/openflight_sessions/trackman/camera/camera_20260824_120539_800_002/first.pgm;/Users/john.pacino/openflight_sessions/trackman/camera/camera_20260824_120539_800_002/frames.npz;/Users/john.pacino/openflight_sessions/trackman/camera/camera_20260824_120539_800_002/last.pgm;/Users/john.pacino/openflight_sessions/trackman/camera/camera_20260824_120539_800_002/metadata.json;/Users/john.pacino/openflight_sessions/trackman/camera/camera_20260824_120539_800_002/trigger.pgm
20260824_120337,3,/Users/john.pacino/openflight_sessions/session_20260824_120337_trackman.jsonl,/Users/john.pacino/openflight_sessions/terminal_logs/kiosk_20260824_120326.log,/Users/john.pacino/openflight_sessions/iwr6843/iwr6843_20260824_120615_852_003.l3dump,/Users/john.pacino/openflight_sessions/trackman/camera/camera_20260824_120615_852_003,/Users/john.pacino/openflight_sessions/trackman/camera/camera_20260824_120615_852_003/first.pgm;/Users/john.pacino/openflight_sessions/trackman/camera/camera_20260824_120615_852_003/frames.npz;/Users/john.pacino/openflight_sessions/trackman/camera/camera_20260824_120615_852_003/last.pgm;/Users/john.pacino/openflight_sessions/trackman/camera/camera_20260824_120615_852_003/metadata.json;/Users/john.pacino/openflight_sessions/trackman/camera/camera_20260824_120615_852_003/trigger.pgm
20260824_120337,4,/Users/john.pacino/openflight_sessions/session_20260824_120337_trackman.jsonl,/Users/john.pacino/openflight_sessions/terminal_logs/kiosk_20260824_120326.log,/Users/john.pacino/openflight_sessions/iwr6843/iwr6843_20260824_120638_798_004.l3dump,/Users/john.pacino/openflight_sessions/trackman/camera/camera_20260824_120638_798_004,/Users/john.pacino/openflight_sessions/trackman/camera/camera_20260824_120638_798_004/first.pgm;/Users/john.pacino/openflight_sessions/trackman/camera/camera_20260824_120638_798_004/frames.npz;/Users/john.pacino/openflight_sessions/trackman/camera/camera_20260824_120638_798_004/last.pgm;/Users/john.pacino/openflight_sessions/trackman/camera/camera_20260824_120638_798_004/metadata.json;/Users/john.pacino/openflight_sessions/trackman/camera/camera_20260824_120638_798_004/trigger.pgm
20260824_120337,5,/Users/john.pacino/openflight_sessions/session_20260824_120337_trackman.jsonl,/Users/john.pacino/openflight_sessions/terminal_logs/kiosk_20260824_120326.log,/Users/john.pacino/openflight_sessions/iwr6843/iwr6843_20260824_120707_478_005.l3dump,/Users/john.pacino/openflight_sessions/trackman/camera/camera_20260824_120707_478_005,/Users/john.pacino/openflight_sessions/trackman/camera/camera_20260824_120707_478_005/first.pgm;/Users/john.pacino/openflight_sessions/trackman/camera/camera_20260824_120707_478_005/frames.npz;/Users/john.pacino/openflight_sessions/trackman/camera/camera_20260824_120707_478_005/last.pgm;/Users/john.pacino/openflight_sessions/trackman/camera/camera_20260824_120707_478_005/metadata.json;/Users/john.pacino/openflight_sessions/trackman/camera/camera_20260824_120707_478_005/trigger.pgm
20260824_120337,6,/Users/john.pacino/openflight_sessions/session_20260824_120337_trackman.jsonl,/Users/john.pacino/openflight_sessions/terminal_logs/kiosk_20260824_120326.log,/Users/john.pacino/openflight_sessions/iwr6843/iwr6843_20260824_120724_299_006.l3dump,/Users/john.pacino/openflight_sessions/trackman/camera/camera_20260824_120724_299_006,/Users/john.pacino/openflight_sessions/trackman/camera/camera_20260824_120724_299_006/first.pgm;/Users/john.pacino/openflight_sessions/trackman/camera/camera_20260824_120724_299_006/frames.npz;/Users/john.pacino/openflight_sessions/trackman/camera/camera_20260824_120724_299_006/last.pgm;/Users/john.pacino/openflight_sessions/trackman/camera/camera_20260824_120724_299_006/metadata.json;/Users/john.pacino/openflight_sessions/trackman/camera/camera_20260824_120724_299_006/trigger.pgm
20260824_120337,7,/Users/john.pacino/openflight_sessions/session_20260824_120337_trackman.jsonl,/Users/john.pacino/openflight_sessions/terminal_logs/kiosk_20260824_120326.log,/Users/john.pacino/openflight_sessions/iwr6843/iwr6843_20260824_120746_889_007.l3dump,/Users/john.pacino/openflight_sessions/trackman/camera/camera_20260824_120746_889_007,/Users/john.pacino/openflight_sessions/trackman/camera/camera_20260824_120746_889_007/first.pgm;/Users/john.pacino/openflight_sessions/trackman/camera/camera_20260824_120746_889_007/frames.npz;/Users/john.pacino/openflight_sessions/trackman/camera/camera_20260824_120746_889_007/last.pgm;/Users/john.pacino/openflight_sessions/trackman/camera/camera_20260824_120746_889_007/metadata.json;/Users/john.pacino/openflight_sessions/trackman/camera/camera_20260824_120746_889_007/trigger.pgm
20260824_120337,8,/Users/john.pacino/openflight_sessions/session_20260824_120337_trackman.jsonl,/Users/john.pacino/openflight_sessions/terminal_logs/kiosk_20260824_120326.log,/Users/john.pacino/openflight_sessions/iwr6843/iwr6843_20260824_120814_285_008.l3dump,/Users/john.pacino/openflight_sessions/trackman/camera/camera_20260824_120814_285_008,/Users/john.pacino/openflight_sessions/trackman/camera/camera_20260824_120814_285_008/first.pgm;/Users/john.pacino/openflight_sessions/trackman/camera/camera_20260824_120814_285_008/frames.npz;/Users/john.pacino/openflight_sessions/trackman/camera/camera_20260824_120814_285_008/last.pgm;/Users/john.pacino/openflight_sessions/trackman/camera/camera_20260824_120814_285_008/metadata.json;/Users/john.pacino/openflight_sessions/trackman/camera/camera_20260824_120814_285_008/trigger.pgm
20260824_120337,9,/Users/john.pacino/openflight_sessions/session_20260824_120337_trackman.jsonl,/Users/john.pacino/openflight_sessions/terminal_logs/kiosk_20260824_120326.log,/Users/john.pacino/openflight_sessions/iwr6843/iwr6843_20260824_120840_278_009.l3dump,/Users/john.pacino/openflight_sessions/trackman/camera/camera_20260824_120840_278_009,/Users/john.pacino/openflight_sessions/trackman/camera/camera_20260824_120840_278_009/first.pgm;/Users/john.pacino/openflight_sessions/trackman/camera/camera_20260824_120840_278_009/frames.npz;/Users/john.pacino/openflight_sessions/trackman/camera/camera_20260824_120840_278_009/last.pgm;/Users/john.pacino/openflight_sessions/trackman/camera/camera_20260824_120840_278_009/metadata.json;/Users/john.pacino/openflight_sessions/trackman/camera/camera_20260824_120840_278_009/trigger.pgm
20260824_120337,10,/Users/john.pacino/openflight_sessions/session_20260824_120337_trackman.jsonl,/Users/john.pacino/openflight_sessions/terminal_logs/kiosk_20260824_120326.log,/Users/john.pacino/openflight_sessions/iwr6843/iwr6843_20260824_120913_402_010.l3dump,/Users/john.pacino/openflight_sessions/trackman/camera/camera_20260824_120913_402_010,/Users/john.pacino/openflight_sessions/trackman/camera/camera_20260824_120913_402_010/first.pgm;/Users/john.pacino/openflight_sessions/trackman/camera/camera_20260824_120913_402_010/frames.npz;/Users/john.pacino/openflight_sessions/trackman/camera/camera_20260824_120913_402_010/last.pgm;/Users/john.pacino/openflight_sessions/trackman/camera/camera_20260824_120913_402_010/metadata.json;/Users/john.pacino/openflight_sessions/trackman/camera/camera_20260824_120913_402_010/trigger.pgm
20260824_120337,11,/Users/john.pacino/openflight_sessions/session_20260824_120337_trackman.jsonl,/Users/john.pacino/openflight_sessions/terminal_logs/kiosk_20260824_120326.log,/Users/john.pacino/openflight_sessions/iwr6843/iwr6843_20260824_120934_201_011.l3dump,/Users/john.pacino/openflight_sessions/trackman/camera/camera_20260824_120934_201_011,/Users/john.pacino/openflight_sessions/trackman/camera/camera_20260824_120934_201_011/first.pgm;/Users/john.pacino/openflight_sessions/trackman/camera/camera_20260824_120934_201_011/frames.npz;/Users/john.pacino/openflight_sessions/trackman/camera/camera_20260824_120934_201_011/last.pgm;/Users/john.pacino/openflight_sessions/trackman/camera/camera_20260824_120934_201_011/metadata.json;/Users/john.pacino/openflight_sessions/trackman/camera/camera_20260824_120934_201_011/trigger.pgm
20260824_120337,12,/Users/john.pacino/openflight_sessions/session_20260824_120337_trackman.jsonl,/Users/john.pacino/openflight_sessions/terminal_logs/kiosk_20260824_120326.log,/Users/john.pacino/openflight_sessions/iwr6843/iwr6843_20260824_120958_896_012.l3dump,/Users/john.pacino/openflight_sessions/trackman/camera/camera_20260824_120958_896_012,/Users/john.pacino/openflight_sessions/trackman/camera/camera_20260824_120958_896_012/first.pgm;/Users/john.pacino/openflight_sessions/trackman/camera/camera_20260824_120958_896_012/frames.npz;/Users/john.pacino/openflight_sessions/trackman/camera/camera_20260824_120958_896_012/last.pgm;/Users/john.pacino/openflight_sessions/trackman/camera/camera_20260824_120958_896_012/metadata.json;/Users/john.pacino/openflight_sessions/trackman/camera/camera_20260824_120958_896_012/trigger.pgm
20260824_120337,13,/Users/john.pacino/openflight_sessions/session_20260824_120337_trackman.jsonl,/Users/john.pacino/openflight_sessions/terminal_logs/kiosk_20260824_120326.log,/Users/john.pacino/openflight_sessions/iwr6843/iwr6843_20260824_121024_299_013.l3dump,/Users/john.pacino/openflight_sessions/trackman/camera/camera_20260824_121024_299_013,/Users/john.pacino/openflight_sessions/trackman/camera/camera_20260824_121024_299_013/first.pgm;/Users/john.pacino/openflight_sessions/trackman/camera/camera_20260824_121024_299_013/frames.npz;/Users/john.pacino/openflight_sessions/trackman/camera/camera_20260824_121024_299_013/last.pgm;/Users/john.pacino/openflight_sessions/trackman/camera/camera_20260824_121024_299_013/metadata.json;/Users/john.pacino/openflight_sessions/trackman/camera/camera_20260824_121024_299_013/trigger.pgm
20260824_120337,14,/Users/john.pacino/openflight_sessions/session_20260824_120337_trackman.jsonl,/Users/john.pacino/openflight_sessions/terminal_logs/kiosk_20260824_120326.log,/Users/john.pacino/openflight_sessions/iwr6843/iwr6843_20260824_121049_233_014.l3dump,/Users/john.pacino/openflight_sessions/trackman/camera/camera_20260824_121049_233_014,/Users/john.pacino/openflight_sessions/trackman/camera/camera_20260824_121049_233_014/first.pgm;/Users/john.pacino/openflight_sessions/trackman/camera/camera_20260824_121049_233_014/frames.npz;/Users/john.pacino/openflight_sessions/trackman/camera/camera_20260824_121049_233_014/last.pgm;/Users/john.pacino/openflight_sessions/trackman/camera/camera_20260824_121049_233_014/metadata.json;/Users/john.pacino/openflight_sessions/trackman/camera/camera_20260824_121049_233_014/trigger.pgm
20260824_120337,15,/Users/john.pacino/openflight_sessions/session_20260824_120337_trackman.jsonl,/Users/john.pacino/openflight_sessions/terminal_logs/kiosk_20260824_120326.log,/Users/john.pacino/openflight_sessions/iwr6843/iwr6843_20260824_121116_485_015.l3dump,/Users/john.pacino/openflight_sessions/trackman/camera/camera_20260824_121116_485_015,/Users/john.pacino/openflight_sessions/trackman/camera/camera_20260824_121116_485_015/first.pgm;/Users/john.pacino/openflight_sessions/trackman/camera/camera_20260824_121116_485_015/frames.npz;/Users/john.pacino/openflight_sessions/trackman/camera/camera_20260824_121116_485_015/last.pgm;/Users/john.pacino/openflight_sessions/trackman/camera/camera_20260824_121116_485_015/metadata.json;/Users/john.pacino/openflight_sessions/trackman/camera/camera_20260824_121116_485_015/trigger.pgm
20260824_120337,16,/Users/john.pacino/openflight_sessions/session_20260824_120337_trackman.jsonl,/Users/john.pacino/openflight_sessions/terminal_logs/kiosk_20260824_120326.log,/Users/john.pacino/openflight_sessions/iwr6843/iwr6843_20260824_121144_793_016.l3dump,/Users/john.pacino/openflight_sessions/trackman/camera/camera_20260824_121144_793_016,/Users/john.pacino/openflight_sessions/trackman/camera/camera_20260824_121144_793_016/first.pgm;/Users/john.pacino/openflight_sessions/trackman/camera/camera_20260824_121144_793_016/frames.npz;/Users/john.pacino/openflight_sessions/trackman/camera/camera_20260824_121144_793_016/last.pgm;/Users/john.pacino/openflight_sessions/trackman/camera/camera_20260824_121144_793_016/metadata.json;/Users/john.pacino/openflight_sessions/trackman/camera/camera_20260824_121144_793_016/trigger.pgm
20260824_120337,17,/Users/john.pacino/openflight_sessions/session_20260824_120337_trackman.jsonl,/Users/john.pacino/openflight_sessions/terminal_logs/kiosk_20260824_120326.log,/Users/john.pacino/openflight_sessions/iwr6843/iwr6843_20260824_121226_625_017.l3dump,/Users/john.pacino/openflight_sessions/trackman/camera/camera_20260824_121226_625_017,/Users/john.pacino/openflight_sessions/trackman/camera/camera_20260824_121226_625_017/first.pgm;/Users/john.pacino/openflight_sessions/trackman/camera/camera_20260824_121226_625_017/frames.npz;/Users/john.pacino/openflight_sessions/trackman/camera/camera_20260824_121226_625_017/last.pgm;/Users/john.pacino/openflight_sessions/trackman/camera/camera_20260824_121226_625_017/metadata.json;/Users/john.pacino/openflight_sessions/trackman/camera/camera_20260824_121226_625_017/trigger.pgm
20260824_120337,18,/Users/john.pacino/openflight_sessions/session_20260824_120337_trackman.jsonl,/Users/john.pacino/openflight_sessions/terminal_logs/kiosk_20260824_120326.log,/Users/john.pacino/openflight_sessions/iwr6843/iwr6843_20260824_121250_800_018.l3dump,/Users/john.pacino/openflight_sessions/trackman/camera/camera_20260824_121250_800_018,/Users/john.pacino/openflight_sessions/trackman/camera/camera_20260824_121250_800_018/first.pgm;/Users/john.pacino/openflight_sessions/trackman/camera/camera_20260824_121250_800_018/frames.npz;/Users/john.pacino/openflight_sessions/trackman/camera/camera_20260824_121250_800_018/last.pgm;/Users/john.pacino/openflight_sessions/trackman/camera/camera_20260824_121250_800_018/metadata.json;/Users/john.pacino/openflight_sessions/trackman/camera/camera_20260824_121250_800_018/trigger.pgm
20260824_120337,19,/Users/john.pacino/openflight_sessions/session_20260824_120337_trackman.jsonl,/Users/john.pacino/openflight_sessions/terminal_logs/kiosk_20260824_120326.log,/Users/john.pacino/openflight_sessions/iwr6843/iwr6843_20260824_121317_498_019.l3dump,/Users/john.pacino/openflight_sessions/trackman/camera/camera_20260824_121317_498_019,/Users/john.pacino/openflight_sessions/trackman/camera/camera_20260824_121317_498_019/first.pgm;/Users/john.pacino/openflight_sessions/trackman/camera/camera_20260824_121317_498_019/frames.npz;/Users/john.pacino/openflight_sessions/trackman/camera/camera_20260824_121317_498_019/last.pgm;/Users/john.pacino/openflight_sessions/trackman/camera/camera_20260824_121317_498_019/metadata.json;/Users/john.pacino/openflight_sessions/trackman/camera/camera_20260824_121317_498_019/trigger.pgm
20260824_120337,20,/Users/john.pacino/openflight_sessions/session_20260824_120337_trackman.jsonl,/Users/john.pacino/openflight_sessions/terminal_logs/kiosk_20260824_120326.log,/Users/john.pacino/openflight_sessions/iwr6843/iwr6843_20260824_121350_078_020.l3dump,/Users/john.pacino/openflight_sessions/trackman/camera/camera_20260824_121350_078_020,/Users/john.pacino/openflight_sessions/trackman/camera/camera_20260824_121350_078_020/first.pgm;/Users/john.pacino/openflight_sessions/trackman/camera/camera_20260824_121350_078_020/frames.npz;/Users/john.pacino/openflight_sessions/trackman/camera/camera_20260824_121350_078_020/last.pgm;/Users/john.pacino/openflight_sessions/trackman/camera/camera_20260824_121350_078_020/metadata.json;/Users/john.pacino/openflight_sessions/trackman/camera/camera_20260824_121350_078_020/trigger.pgm
20260824_120337,21,/Users/john.pacino/openflight_sessions/session_20260824_120337_trackman.jsonl,/Users/john.pacino/openflight_sessions/terminal_logs/kiosk_20260824_120326.log,/Users/john.pacino/openflight_sessions/iwr6843/iwr6843_20260824_121425_990_021.l3dump,/Users/john.pacino/openflight_sessions/trackman/camera/camera_20260824_121425_990_021,/Users/john.pacino/openflight_sessions/trackman/camera/camera_20260824_121425_990_021/first.pgm;/Users/john.pacino/openflight_sessions/trackman/camera/camera_20260824_121425_990_021/frames.npz;/Users/john.pacino/openflight_sessions/trackman/camera/camera_20260824_121425_990_021/last.pgm;/Users/john.pacino/openflight_sessions/trackman/camera/camera_20260824_121425_990_021/metadata.json;/Users/john.pacino/openflight_sessions/trackman/camera/camera_20260824_121425_990_021/trigger.pgm
20260824_120337,22,/Users/john.pacino/openflight_sessions/session_20260824_120337_trackman.jsonl,/Users/john.pacino/openflight_sessions/terminal_logs/kiosk_20260824_120326.log,/Users/john.pacino/openflight_sessions/iwr6843/iwr6843_20260824_121452_248_022.l3dump,/Users/john.pacino/openflight_sessions/trackman/camera/camera_20260824_121452_248_022,/Users/john.pacino/openflight_sessions/trackman/camera/camera_20260824_121452_248_022/first.pgm;/Users/john.pacino/openflight_sessions/trackman/camera/camera_20260824_121452_248_022/frames.npz;/Users/john.pacino/openflight_sessions/trackman/camera/camera_20260824_121452_248_022/last.pgm;/Users/john.pacino/openflight_sessions/trackman/camera/camera_20260824_121452_248_022/metadata.json;/Users/john.pacino/openflight_sessions/trackman/camera/camera_20260824_121452_248_022/trigger.pgm
20260824_120337,23,/Users/john.pacino/openflight_sessions/session_20260824_120337_trackman.jsonl,/Users/john.pacino/openflight_sessions/terminal_logs/kiosk_20260824_120326.log,/Users/john.pacino/openflight_sessions/iwr6843/iwr6843_20260824_121518_833_023.l3dump,/Users/john.pacino/openflight_sessions/trackman/camera/camera_20260824_121518_833_023,/Users/john.pacino/openflight_sessions/trackman/camera/camera_20260824_121518_833_023/first.pgm;/Users/john.pacino/openflight_sessions/trackman/camera/camera_20260824_121518_833_023/frames.npz;/Users/john.pacino/openflight_sessions/trackman/camera/camera_20260824_121518_833_023/last.pgm;/Users/john.pacino/openflight_sessions/trackman/camera/camera_20260824_121518_833_023/metadata.json;/Users/john.pacino/openflight_sessions/trackman/camera/camera_20260824_121518_833_023/trigger.pgm
20260824_120337,24,/Users/john.pacino/openflight_sessions/session_20260824_120337_trackman.jsonl,/Users/john.pacino/openflight_sessions/terminal_logs/kiosk_20260824_120326.log,/Users/john.pacino/openflight_sessions/iwr6843/iwr6843_20260824_121543_505_024.l3dump,/Users/john.pacino/openflight_sessions/trackman/camera/camera_20260824_121543_505_024,/Users/john.pacino/openflight_sessions/trackman/camera/camera_20260824_121543_505_024/first.pgm;/Users/john.pacino/openflight_sessions/trackman/camera/camera_20260824_121543_505_024/frames.npz;/Users/john.pacino/openflight_sessions/trackman/camera/camera_20260824_121543_505_024/last.pgm;/Users/john.pacino/openflight_sessions/trackman/camera/camera_20260824_121543_505_024/metadata.json;/Users/john.pacino/openflight_sessions/trackman/camera/camera_20260824_121543_505_024/trigger.pgm
20260824_120337,25,/Users/john.pacino/openflight_sessions/session_20260824_120337_trackman.jsonl,/Users/john.pacino/openflight_sessions/terminal_logs/kiosk_20260824_120326.log,/Users/john.pacino/openflight_sessions/iwr6843/iwr6843_20260824_121610_806_025.l3dump,/Users/john.pacino/openflight_sessions/trackman/camera/camera_20260824_121610_806_025,/Users/john.pacino/openflight_sessions/trackman/camera/camera_20260824_121610_806_025/first.pgm;/Users/john.pacino/openflight_sessions/trackman/camera/camera_20260824_121610_806_025/frames.npz;/Users/john.pacino/openflight_sessions/trackman/camera/camera_20260824_121610_806_025/last.pgm;/Users/john.pacino/openflight_sessions/trackman/camera/camera_20260824_121610_806_025/metadata.json;/Users/john.pacino/openflight_sessions/trackman/camera/camera_20260824_121610_806_025/trigger.pgm
20260824_120337,26,/Users/john.pacino/openflight_sessions/session_20260824_120337_trackman.jsonl,/Users/john.pacino/openflight_sessions/terminal_logs/kiosk_20260824_120326.log,/Users/john.pacino/openflight_sessions/iwr6843/iwr6843_20260824_121634_869_026.l3dump,/Users/john.pacino/openflight_sessions/trackman/camera/camera_20260824_121634_869_026,/Users/john.pacino/openflight_sessions/trackman/camera/camera_20260824_121634_869_026/first.pgm;/Users/john.pacino/openflight_sessions/trackman/camera/camera_20260824_121634_869_026/frames.npz;/Users/john.pacino/openflight_sessions/trackman/camera/camera_20260824_121634_869_026/last.pgm;/Users/john.pacino/openflight_sessions/trackman/camera/camera_20260824_121634_869_026/metadata.json;/Users/john.pacino/openflight_sessions/trackman/camera/camera_20260824_121634_869_026/trigger.pgm
20260824_120337,27,/Users/john.pacino/openflight_sessions/session_20260824_120337_trackman.jsonl,/Users/john.pacino/openflight_sessions/terminal_logs/kiosk_20260824_120326.log,/Users/john.pacino/openflight_sessions/iwr6843/iwr6843_20260824_121700_622_027.l3dump,/Users/john.pacino/openflight_sessions/trackman/camera/camera_20260824_121700_622_027,/Users/john.pacino/openflight_sessions/trackman/camera/camera_20260824_121700_622_027/first.pgm;/Users/john.pacino/openflight_sessions/trackman/camera/camera_20260824_121700_622_027/frames.npz;/Users/john.pacino/openflight_sessions/trackman/camera/camera_20260824_121700_622_027/last.pgm;/Users/john.pacino/openflight_sessions/trackman/camera/camera_20260824_121700_622_027/metadata.json;/Users/john.pacino/openflight_sessions/trackman/camera/camera_20260824_121700_622_027/trigger.pgm
20260824_120337,28,/Users/john.pacino/openflight_sessions/session_20260824_120337_trackman.jsonl,/Users/john.pacino/openflight_sessions/terminal_logs/kiosk_20260824_120326.log,/Users/john.pacino/openflight_sessions/iwr6843/iwr6843_20260824_121728_185_028.l3dump,/Users/john.pacino/openflight_sessions/trackman/camera/camera_20260824_121728_185_028,/Users/john.pacino/openflight_sessions/trackman/camera/camera_20260824_121728_185_028/first.pgm;/Users/john.pacino/openflight_sessions/trackman/camera/camera_20260824_121728_185_028/frames.npz;/Users/john.pacino/openflight_sessions/trackman/camera/camera_20260824_121728_185_028/last.pgm;/Users/john.pacino/openflight_sessions/trackman/camera/camera_20260824_121728_185_028/metadata.json;/Users/john.pacino/openflight_sessions/trackman/camera/camera_20260824_121728_185_028/trigger.pgm
20260824_120337,29,/Users/john.pacino/openflight_sessions/session_20260824_120337_trackman.jsonl,/Users/john.pacino/openflight_sessions/terminal_logs/kiosk_20260824_120326.log,/Users/john.pacino/openflight_sessions/iwr6843/iwr6843_20260824_121752_363_029.l3dump,/Users/john.pacino/openflight_sessions/trackman/camera/camera_20260824_121752_363_029,/Users/john.pacino/openflight_sessions/trackman/camera/camera_20260824_121752_363_029/first.pgm;/Users/john.pacino/openflight_sessions/trackman/camera/camera_20260824_121752_363_029/frames.npz;/Users/john.pacino/openflight_sessions/trackman/camera/camera_20260824_121752_363_029/last.pgm;/Users/john.pacino/openflight_sessions/trackman/camera/camera_20260824_121752_363_029/metadata.json;/Users/john.pacino/openflight_sessions/trackman/camera/camera_20260824_121752_363_029/trigger.pgm
20260824_120337,30,/Users/john.pacino/openflight_sessions/session_20260824_120337_trackman.jsonl,/Users/john.pacino/openflight_sessions/terminal_logs/kiosk_20260824_120326.log,/Users/john.pacino/openflight_sessions/iwr6843/iwr6843_20260824_121817_864_030.l3dump,/Users/john.pacino/openflight_sessions/trackman/camera/camera_20260824_121817_864_030,/Users/john.pacino/openflight_sessions/trackman/camera/camera_20260824_121817_864_030/first.pgm;/Users/john.pacino/openflight_sessions/trackman/camera/camera_20260824_121817_864_030/frames.npz;/Users/john.pacino/openflight_sessions/trackman/camera/camera_20260824_121817_864_030/last.pgm;/Users/john.pacino/openflight_sessions/trackman/camera/camera_20260824_121817_864_030/metadata.json;/Users/john.pacino/openflight_sessions/trackman/camera/camera_20260824_121817_864_030/trigger.pgm
20260824_120337,31,/Users/john.pacino/openflight_sessions/session_20260824_120337_trackman.jsonl,/Users/john.pacino/openflight_sessions/terminal_logs/kiosk_20260824_120326.log,/Users/john.pacino/openflight_sessions/iwr6843/iwr6843_20260824_121837_765_031.l3dump,/Users/john.pacino/openflight_sessions/trackman/camera/camera_20260824_121837_765_031,/Users/john.pacino/openflight_sessions/trackman/camera/camera_20260824_121837_765_031/first.pgm;/Users/john.pacino/openflight_sessions/trackman/camera/camera_20260824_121837_765_031/frames.npz;/Users/john.pacino/openflight_sessions/trackman/camera/camera_20260824_121837_765_031/last.pgm;/Users/john.pacino/openflight_sessions/trackman/camera/camera_20260824_121837_765_031/metadata.json;/Users/john.pacino/openflight_sessions/trackman/camera/camera_20260824_121837_765_031/trigger.pgm
20260824_121914,1,/Users/john.pacino/openflight_sessions/session_20260824_121914_trackman.jsonl,/Users/john.pacino/openflight_sessions/terminal_logs/kiosk_20260824_121905.log,/Users/john.pacino/openflight_sessions/iwr6843/iwr6843_20260824_122030_056_001.l3dump,/Users/john.pacino/openflight_sessions/trackman/camera/camera_20260824_122030_056_001,/Users/john.pacino/openflight_sessions/trackman/camera/camera_20260824_122030_056_001/first.pgm;/Users/john.pacino/openflight_sessions/trackman/camera/camera_20260824_122030_056_001/frames.npz;/Users/john.pacino/openflight_sessions/trackman/camera/camera_20260824_122030_056_001/last.pgm;/Users/john.pacino/openflight_sessions/trackman/camera/camera_20260824_122030_056_001/metadata.json;/Users/john.pacino/openflight_sessions/trackman/camera/camera_20260824_122030_056_001/trigger.pgm
20260824_121914,2,/Users/john.pacino/openflight_sessions/session_20260824_121914_trackman.jsonl,/Users/john.pacino/openflight_sessions/terminal_logs/kiosk_20260824_121905.log,/Users/john.pacino/openflight_sessions/iwr6843/iwr6843_20260824_122048_417_002.l3dump,/Users/john.pacino/openflight_sessions/trackman/camera/camera_20260824_122048_417_002,/Users/john.pacino/openflight_sessions/trackman/camera/camera_20260824_122048_417_002/first.pgm;/Users/john.pacino/openflight_sessions/trackman/camera/camera_20260824_122048_417_002/frames.npz;/Users/john.pacino/openflight_sessions/trackman/camera/camera_20260824_122048_417_002/last.pgm;/Users/john.pacino/openflight_sessions/trackman/camera/camera_20260824_122048_417_002/metadata.json;/Users/john.pacino/openflight_sessions/trackman/camera/camera_20260824_122048_417_002/trigger.pgm
20260824_121914,3,/Users/john.pacino/openflight_sessions/session_20260824_121914_trackman.jsonl,/Users/john.pacino/openflight_sessions/terminal_logs/kiosk_20260824_121905.log,/Users/john.pacino/openflight_sessions/iwr6843/iwr6843_20260824_122118_819_003.l3dump,/Users/john.pacino/openflight_sessions/trackman/camera/camera_20260824_122118_819_003,/Users/john.pacino/openflight_sessions/trackman/camera/camera_20260824_122118_819_003/first.pgm;/Users/john.pacino/openflight_sessions/trackman/camera/camera_20260824_122118_819_003/frames.npz;/Users/john.pacino/openflight_sessions/trackman/camera/camera_20260824_122118_819_003/last.pgm;/Users/john.pacino/openflight_sessions/trackman/camera/camera_20260824_122118_819_003/metadata.json;/Users/john.pacino/openflight_sessions/trackman/camera/camera_20260824_122118_819_003/trigger.pgm
20260824_121914,4,/Users/john.pacino/openflight_sessions/session_20260824_121914_trackman.jsonl,/Users/john.pacino/openflight_sessions/terminal_logs/kiosk_20260824_121905.log,/Users/john.pacino/openflight_sessions/iwr6843/iwr6843_20260824_122142_347_004.l3dump,/Users/john.pacino/openflight_sessions/trackman/camera/camera_20260824_122142_347_004,/Users/john.pacino/openflight_sessions/trackman/camera/camera_20260824_122142_347_004/first.pgm;/Users/john.pacino/openflight_sessions/trackman/camera/camera_20260824_122142_347_004/frames.npz;/Users/john.pacino/openflight_sessions/trackman/camera/camera_20260824_122142_347_004/last.pgm;/Users/john.pacino/openflight_sessions/trackman/camera/camera_20260824_122142_347_004/metadata.json;/Users/john.pacino/openflight_sessions/trackman/camera/camera_20260824_122142_347_004/trigger.pgm
20260824_121914,5,/Users/john.pacino/openflight_sessions/session_20260824_121914_trackman.jsonl,/Users/john.pacino/openflight_sessions/terminal_logs/kiosk_20260824_121905.log,/Users/john.pacino/openflight_sessions/iwr6843/iwr6843_20260824_122204_491_005.l3dump,/Users/john.pacino/openflight_sessions/trackman/camera/camera_20260824_122204_491_005,/Users/john.pacino/openflight_sessions/trackman/camera/camera_20260824_122204_491_005/first.pgm;/Users/john.pacino/openflight_sessions/trackman/camera/camera_20260824_122204_491_005/frames.npz;/Users/john.pacino/openflight_sessions/trackman/camera/camera_20260824_122204_491_005/last.pgm;/Users/john.pacino/openflight_sessions/trackman/camera/camera_20260824_122204_491_005/metadata.json;/Users/john.pacino/openflight_sessions/trackman/camera/camera_20260824_122204_491_005/trigger.pgm
20260824_121914,6,/Users/john.pacino/openflight_sessions/session_20260824_121914_trackman.jsonl,/Users/john.pacino/openflight_sessions/terminal_logs/kiosk_20260824_121905.log,/Users/john.pacino/openflight_sessions/iwr6843/iwr6843_20260824_122226_693_006.l3dump,/Users/john.pacino/openflight_sessions/trackman/camera/camera_20260824_122226_693_006,/Users/john.pacino/openflight_sessions/trackman/camera/camera_20260824_122226_693_006/first.pgm;/Users/john.pacino/openflight_sessions/trackman/camera/camera_20260824_122226_693_006/frames.npz;/Users/john.pacino/openflight_sessions/trackman/camera/camera_20260824_122226_693_006/last.pgm;/Users/john.pacino/openflight_sessions/trackman/camera/camera_20260824_122226_693_006/metadata.json;/Users/john.pacino/openflight_sessions/trackman/camera/camera_20260824_122226_693_006/trigger.pgm
20260824_121914,7,/Users/john.pacino/openflight_sessions/session_20260824_121914_trackman.jsonl,/Users/john.pacino/openflight_sessions/terminal_logs/kiosk_20260824_121905.log,/Users/john.pacino/openflight_sessions/iwr6843/iwr6843_20260824_122248_630_007.l3dump,/Users/john.pacino/openflight_sessions/trackman/camera/camera_20260824_122248_630_007,/Users/john.pacino/openflight_sessions/trackman/camera/camera_20260824_122248_630_007/first.pgm;/Users/john.pacino/openflight_sessions/trackman/camera/camera_20260824_122248_630_007/frames.npz;/Users/john.pacino/openflight_sessions/trackman/camera/camera_20260824_122248_630_007/last.pgm;/Users/john.pacino/openflight_sessions/trackman/camera/camera_20260824_122248_630_007/metadata.json;/Users/john.pacino/openflight_sessions/trackman/camera/camera_20260824_122248_630_007/trigger.pgm
20260824_121914,8,/Users/john.pacino/openflight_sessions/session_20260824_121914_trackman.jsonl,/Users/john.pacino/openflight_sessions/terminal_logs/kiosk_20260824_121905.log,/Users/john.pacino/openflight_sessions/iwr6843/iwr6843_20260824_122331_678_008.l3dump,/Users/john.pacino/openflight_sessions/trackman/camera/camera_20260824_122331_678_008,/Users/john.pacino/openflight_sessions/trackman/camera/camera_20260824_122331_678_008/first.pgm;/Users/john.pacino/openflight_sessions/trackman/camera/camera_20260824_122331_678_008/frames.npz;/Users/john.pacino/openflight_sessions/trackman/camera/camera_20260824_122331_678_008/last.pgm;/Users/john.pacino/openflight_sessions/trackman/camera/camera_20260824_122331_678_008/metadata.json;/Users/john.pacino/openflight_sessions/trackman/camera/camera_20260824_122331_678_008/trigger.pgm
20260824_121914,9,/Users/john.pacino/openflight_sessions/session_20260824_121914_trackman.jsonl,/Users/john.pacino/openflight_sessions/terminal_logs/kiosk_20260824_121905.log,/Users/john.pacino/openflight_sessions/iwr6843/iwr6843_20260824_122355_561_009.l3dump,/Users/john.pacino/openflight_sessions/trackman/camera/camera_20260824_122355_561_009,/Users/john.pacino/openflight_sessions/trackman/camera/camera_20260824_122355_561_009/first.pgm;/Users/john.pacino/openflight_sessions/trackman/camera/camera_20260824_122355_561_009/frames.npz;/Users/john.pacino/openflight_sessions/trackman/camera/camera_20260824_122355_561_009/last.pgm;/Users/john.pacino/openflight_sessions/trackman/camera/camera_20260824_122355_561_009/metadata.json;/Users/john.pacino/openflight_sessions/trackman/camera/camera_20260824_122355_561_009/trigger.pgm
20260824_121914,10,/Users/john.pacino/openflight_sessions/session_20260824_121914_trackman.jsonl,/Users/john.pacino/openflight_sessions/terminal_logs/kiosk_20260824_121905.log,/Users/john.pacino/openflight_sessions/iwr6843/iwr6843_20260824_122418_415_010.l3dump,/Users/john.pacino/openflight_sessions/trackman/camera/camera_20260824_122418_415_010,/Users/john.pacino/openflight_sessions/trackman/camera/camera_20260824_122418_415_010/first.pgm;/Users/john.pacino/openflight_sessions/trackman/camera/camera_20260824_122418_415_010/frames.npz;/Users/john.pacino/openflight_sessions/trackman/camera/camera_20260824_122418_415_010/last.pgm;/Users/john.pacino/openflight_sessions/trackman/camera/camera_20260824_122418_415_010/metadata.json;/Users/john.pacino/openflight_sessions/trackman/camera/camera_20260824_122418_415_010/trigger.pgm
20260824_121914,11,/Users/john.pacino/openflight_sessions/session_20260824_121914_trackman.jsonl,/Users/john.pacino/openflight_sessions/terminal_logs/kiosk_20260824_121905.log,/Users/john.pacino/openflight_sessions/iwr6843/iwr6843_20260824_122441_407_011.l3dump,/Users/john.pacino/openflight_sessions/trackman/camera/camera_20260824_122441_407_011,/Users/john.pacino/openflight_sessions/trackman/camera/camera_20260824_122441_407_011/first.pgm;/Users/john.pacino/openflight_sessions/trackman/camera/camera_20260824_122441_407_011/frames.npz;/Users/john.pacino/openflight_sessions/trackman/camera/camera_20260824_122441_407_011/last.pgm;/Users/john.pacino/openflight_sessions/trackman/camera/camera_20260824_122441_407_011/metadata.json;/Users/john.pacino/openflight_sessions/trackman/camera/camera_20260824_122441_407_011/trigger.pgm
20260824_121914,12,/Users/john.pacino/openflight_sessions/session_20260824_121914_trackman.jsonl,/Users/john.pacino/openflight_sessions/terminal_logs/kiosk_20260824_121905.log,/Users/john.pacino/openflight_sessions/iwr6843/iwr6843_20260824_122458_698_012.l3dump,/Users/john.pacino/openflight_sessions/trackman/camera/camera_20260824_122458_698_012,/Users/john.pacino/openflight_sessions/trackman/camera/camera_20260824_122458_698_012/first.pgm;/Users/john.pacino/openflight_sessions/trackman/camera/camera_20260824_122458_698_012/frames.npz;/Users/john.pacino/openflight_sessions/trackman/camera/camera_20260824_122458_698_012/last.pgm;/Users/john.pacino/openflight_sessions/trackman/camera/camera_20260824_122458_698_012/metadata.json;/Users/john.pacino/openflight_sessions/trackman/camera/camera_20260824_122458_698_012/trigger.pgm
20260824_121914,13,/Users/john.pacino/openflight_sessions/session_20260824_121914_trackman.jsonl,/Users/john.pacino/openflight_sessions/terminal_logs/kiosk_20260824_121905.log,/Users/john.pacino/openflight_sessions/iwr6843/iwr6843_20260824_122529_011_013.l3dump,/Users/john.pacino/openflight_sessions/trackman/camera/camera_20260824_122529_011_013,/Users/john.pacino/openflight_sessions/trackman/camera/camera_20260824_122529_011_013/first.pgm;/Users/john.pacino/openflight_sessions/trackman/camera/camera_20260824_122529_011_013/frames.npz;/Users/john.pacino/openflight_sessions/trackman/camera/camera_20260824_122529_011_013/last.pgm;/Users/john.pacino/openflight_sessions/trackman/camera/camera_20260824_122529_011_013/metadata.json;/Users/john.pacino/openflight_sessions/trackman/camera/camera_20260824_122529_011_013/trigger.pgm
20260824_121914,14,/Users/john.pacino/openflight_sessions/session_20260824_121914_trackman.jsonl,/Users/john.pacino/openflight_sessions/terminal_logs/kiosk_20260824_121905.log,/Users/john.pacino/openflight_sessions/iwr6843/iwr6843_20260824_122658_231_014.l3dump,/Users/john.pacino/openflight_sessions/trackman/camera/camera_20260824_122658_231_014,/Users/john.pacino/openflight_sessions/trackman/camera/camera_20260824_122658_231_014/first.pgm;/Users/john.pacino/openflight_sessions/trackman/camera/camera_20260824_122658_231_014/frames.npz;/Users/john.pacino/openflight_sessions/trackman/camera/camera_20260824_122658_231_014/last.pgm;/Users/john.pacino/openflight_sessions/trackman/camera/camera_20260824_122658_231_014/metadata.json;/Users/john.pacino/openflight_sessions/trackman/camera/camera_20260824_122658_231_014/trigger.pgm
20260824_121914,15,/Users/john.pacino/openflight_sessions/session_20260824_121914_trackman.jsonl,/Users/john.pacino/openflight_sessions/terminal_logs/kiosk_20260824_121905.log,/Users/john.pacino/openflight_sessions/iwr6843/iwr6843_20260824_122731_235_015.l3dump,/Users/john.pacino/openflight_sessions/trackman/camera/camera_20260824_122731_235_015,/Users/john.pacino/openflight_sessions/trackman/camera/camera_20260824_122731_235_015/first.pgm;/Users/john.pacino/openflight_sessions/trackman/camera/camera_20260824_122731_235_015/frames.npz;/Users/john.pacino/openflight_sessions/trackman/camera/camera_20260824_122731_235_015/last.pgm;/Users/john.pacino/openflight_sessions/trackman/camera/camera_20260824_122731_235_015/metadata.json;/Users/john.pacino/openflight_sessions/trackman/camera/camera_20260824_122731_235_015/trigger.pgm
20260824_121914,16,/Users/john.pacino/openflight_sessions/session_20260824_121914_trackman.jsonl,/Users/john.pacino/openflight_sessions/terminal_logs/kiosk_20260824_121905.log,/Users/john.pacino/openflight_sessions/iwr6843/iwr6843_20260824_122810_230_016.l3dump,/Users/john.pacino/openflight_sessions/trackman/camera/camera_20260824_122810_230_016,/Users/john.pacino/openflight_sessions/trackman/camera/camera_20260824_122810_230_016/first.pgm;/Users/john.pacino/openflight_sessions/trackman/camera/camera_20260824_122810_230_016/frames.npz;/Users/john.pacino/openflight_sessions/trackman/camera/camera_20260824_122810_230_016/last.pgm;/Users/john.pacino/openflight_sessions/trackman/camera/camera_20260824_122810_230_016/metadata.json;/Users/john.pacino/openflight_sessions/trackman/camera/camera_20260824_122810_230_016/trigger.pgm
20260824_121914,17,/Users/john.pacino/openflight_sessions/session_20260824_121914_trackman.jsonl,/Users/john.pacino/openflight_sessions/terminal_logs/kiosk_20260824_121905.log,/Users/john.pacino/openflight_sessions/iwr6843/iwr6843_20260824_122841_611_017.l3dump,/Users/john.pacino/openflight_sessions/trackman/camera/camera_20260824_122841_611_017,/Users/john.pacino/openflight_sessions/trackman/camera/camera_20260824_122841_611_017/first.pgm;/Users/john.pacino/openflight_sessions/trackman/camera/camera_20260824_122841_611_017/frames.npz;/Users/john.pacino/openflight_sessions/trackman/camera/camera_20260824_122841_611_017/last.pgm;/Users/john.pacino/openflight_sessions/trackman/camera/camera_20260824_122841_611_017/metadata.json;/Users/john.pacino/openflight_sessions/trackman/camera/camera_20260824_122841_611_017/trigger.pgm
20260824_121914,18,/Users/john.pacino/openflight_sessions/session_20260824_121914_trackman.jsonl,/Users/john.pacino/openflight_sessions/terminal_logs/kiosk_20260824_121905.log,/Users/john.pacino/openflight_sessions/iwr6843/iwr6843_20260824_122916_845_018.l3dump,/Users/john.pacino/openflight_sessions/trackman/camera/camera_20260824_122916_845_018,/Users/john.pacino/openflight_sessions/trackman/camera/camera_20260824_122916_845_018/first.pgm;/Users/john.pacino/openflight_sessions/trackman/camera/camera_20260824_122916_845_018/frames.npz;/Users/john.pacino/openflight_sessions/trackman/camera/camera_20260824_122916_845_018/last.pgm;/Users/john.pacino/openflight_sessions/trackman/camera/camera_20260824_122916_845_018/metadata.json;/Users/john.pacino/openflight_sessions/trackman/camera/camera_20260824_122916_845_018/trigger.pgm
20260824_121914,19,/Users/john.pacino/openflight_sessions/session_20260824_121914_trackman.jsonl,/Users/john.pacino/openflight_sessions/terminal_logs/kiosk_20260824_121905.log,/Users/john.pacino/openflight_sessions/iwr6843/iwr6843_20260824_122953_432_019.l3dump,/Users/john.pacino/openflight_sessions/trackman/camera/camera_20260824_122953_432_019,/Users/john.pacino/openflight_sessions/trackman/camera/camera_20260824_122953_432_019/first.pgm;/Users/john.pacino/openflight_sessions/trackman/camera/camera_20260824_122953_432_019/frames.npz;/Users/john.pacino/openflight_sessions/trackman/camera/camera_20260824_122953_432_019/last.pgm;/Users/john.pacino/openflight_sessions/trackman/camera/camera_20260824_122953_432_019/metadata.json;/Users/john.pacino/openflight_sessions/trackman/camera/camera_20260824_122953_432_019/trigger.pgm
20260824_121914,20,/Users/john.pacino/openflight_sessions/session_20260824_121914_trackman.jsonl,/Users/john.pacino/openflight_sessions/terminal_logs/kiosk_20260824_121905.log,/Users/john.pacino/openflight_sessions/iwr6843/iwr6843_20260824_123025_035_020.l3dump,/Users/john.pacino/openflight_sessions/trackman/camera/camera_20260824_123025_035_020,/Users/john.pacino/openflight_sessions/trackman/camera/camera_20260824_123025_035_020/first.pgm;/Users/john.pacino/openflight_sessions/trackman/camera/camera_20260824_123025_035_020/frames.npz;/Users/john.pacino/openflight_sessions/trackman/camera/camera_20260824_123025_035_020/last.pgm;/Users/john.pacino/openflight_sessions/trackman/camera/camera_20260824_123025_035_020/metadata.json;/Users/john.pacino/openflight_sessions/trackman/camera/camera_20260824_123025_035_020/trigger.pgm
20260824_121914,21,/Users/john.pacino/openflight_sessions/session_20260824_121914_trackman.jsonl,/Users/john.pacino/openflight_sessions/terminal_logs/kiosk_20260824_121905.log,/Users/john.pacino/openflight_sessions/iwr6843/iwr6843_20260824_123100_201_021.l3dump,/Users/john.pacino/openflight_sessions/trackman/camera/camera_20260824_123100_201_021,/Users/john.pacino/openflight_sessions/trackman/camera/camera_20260824_123100_201_021/first.pgm;/Users/john.pacino/openflight_sessions/trackman/camera/camera_20260824_123100_201_021/frames.npz;/Users/john.pacino/openflight_sessions/trackman/camera/camera_20260824_123100_201_021/last.pgm;/Users/john.pacino/openflight_sessions/trackman/camera/camera_20260824_123100_201_021/metadata.json;/Users/john.pacino/openflight_sessions/trackman/camera/camera_20260824_123100_201_021/trigger.pgm
20260824_121914,22,/Users/john.pacino/openflight_sessions/session_20260824_121914_trackman.jsonl,/Users/john.pacino/openflight_sessions/terminal_logs/kiosk_20260824_121905.log,/Users/john.pacino/openflight_sessions/iwr6843/iwr6843_20260824_123121_381_022.l3dump,/Users/john.pacino/openflight_sessions/trackman/camera/camera_20260824_123121_381_022,/Users/john.pacino/openflight_sessions/trackman/camera/camera_20260824_123121_381_022/first.pgm;/Users/john.pacino/openflight_sessions/trackman/camera/camera_20260824_123121_381_022/frames.npz;/Users/john.pacino/openflight_sessions/trackman/camera/camera_20260824_123121_381_022/last.pgm;/Users/john.pacino/openflight_sessions/trackman/camera/camera_20260824_123121_381_022/metadata.json;/Users/john.pacino/openflight_sessions/trackman/camera/camera_20260824_123121_381_022/trigger.pgm
20260824_121914,23,/Users/john.pacino/openflight_sessions/session_20260824_121914_trackman.jsonl,/Users/john.pacino/openflight_sessions/terminal_logs/kiosk_20260824_121905.log,/Users/john.pacino/openflight_sessions/iwr6843/iwr6843_20260824_123155_558_023.l3dump,/Users/john.pacino/openflight_sessions/trackman/camera/camera_20260824_123155_558_023,/Users/john.pacino/openflight_sessions/trackman/camera/camera_20260824_123155_558_023/first.pgm;/Users/john.pacino/openflight_sessions/trackman/camera/camera_20260824_123155_558_023/frames.npz;/Users/john.pacino/openflight_sessions/trackman/camera/camera_20260824_123155_558_023/last.pgm;/Users/john.pacino/openflight_sessions/trackman/camera/camera_20260824_123155_558_023/metadata.json;/Users/john.pacino/openflight_sessions/trackman/camera/camera_20260824_123155_558_023/trigger.pgm
20260824_121914,24,/Users/john.pacino/openflight_sessions/session_20260824_121914_trackman.jsonl,/Users/john.pacino/openflight_sessions/terminal_logs/kiosk_20260824_121905.log,/Users/john.pacino/openflight_sessions/iwr6843/iwr6843_20260824_123401_365_025.l3dump,/Users/john.pacino/openflight_sessions/trackman/camera/camera_20260824_123401_365_025,/Users/john.pacino/openflight_sessions/trackman/camera/camera_20260824_123401_365_025/first.pgm;/Users/john.pacino/openflight_sessions/trackman/camera/camera_20260824_123401_365_025/frames.npz;/Users/john.pacino/openflight_sessions/trackman/camera/camera_20260824_123401_365_025/last.pgm;/Users/john.pacino/openflight_sessions/trackman/camera/camera_20260824_123401_365_025/metadata.json;/Users/john.pacino/openflight_sessions/trackman/camera/camera_20260824_123401_365_025/trigger.pgm
20260824_121914,25,/Users/john.pacino/openflight_sessions/session_20260824_121914_trackman.jsonl,/Users/john.pacino/openflight_sessions/terminal_logs/kiosk_20260824_121905.log,/Users/john.pacino/openflight_sessions/iwr6843/iwr6843_20260824_123439_993_026.l3dump,/Users/john.pacino/openflight_sessions/trackman/camera/camera_20260824_123439_993_026,/Users/john.pacino/openflight_sessions/trackman/camera/camera_20260824_123439_993_026/first.pgm;/Users/john.pacino/openflight_sessions/trackman/camera/camera_20260824_123439_993_026/frames.npz;/Users/john.pacino/openflight_sessions/trackman/camera/camera_20260824_123439_993_026/last.pgm;/Users/john.pacino/openflight_sessions/trackman/camera/camera_20260824_123439_993_026/metadata.json;/Users/john.pacino/openflight_sessions/trackman/camera/camera_20260824_123439_993_026/trigger.pgm
20260824_121914,26,/Users/john.pacino/openflight_sessions/session_20260824_121914_trackman.jsonl,/Users/john.pacino/openflight_sessions/terminal_logs/kiosk_20260824_121905.log,/Users/john.pacino/openflight_sessions/iwr6843/iwr6843_20260824_123514_365_027.l3dump,/Users/john.pacino/openflight_sessions/trackman/camera/camera_20260824_123514_365_027,/Users/john.pacino/openflight_sessions/trackman/camera/camera_20260824_123514_365_027/first.pgm;/Users/john.pacino/openflight_sessions/trackman/camera/camera_20260824_123514_365_027/frames.npz;/Users/john.pacino/openflight_sessions/trackman/camera/camera_20260824_123514_365_027/last.pgm;/Users/john.pacino/openflight_sessions/trackman/camera/camera_20260824_123514_365_027/metadata.json;/Users/john.pacino/openflight_sessions/trackman/camera/camera_20260824_123514_365_027/trigger.pgm
20260824_121914,27,/Users/john.pacino/openflight_sessions/session_20260824_121914_trackman.jsonl,/Users/john.pacino/openflight_sessions/terminal_logs/kiosk_20260824_121905.log,/Users/john.pacino/openflight_sessions/iwr6843/iwr6843_20260824_123535_746_028.l3dump,/Users/john.pacino/openflight_sessions/trackman/camera/camera_20260824_123535_746_028,/Users/john.pacino/openflight_sessions/trackman/camera/camera_20260824_123535_746_028/first.pgm;/Users/john.pacino/openflight_sessions/trackman/camera/camera_20260824_123535_746_028/frames.npz;/Users/john.pacino/openflight_sessions/trackman/camera/camera_20260824_123535_746_028/last.pgm;/Users/john.pacino/openflight_sessions/trackman/camera/camera_20260824_123535_746_028/metadata.json;/Users/john.pacino/openflight_sessions/trackman/camera/camera_20260824_123535_746_028/trigger.pgm
20260824_121914,28,/Users/john.pacino/openflight_sessions/session_20260824_121914_trackman.jsonl,/Users/john.pacino/openflight_sessions/terminal_logs/kiosk_20260824_121905.log,/Users/john.pacino/openflight_sessions/iwr6843/iwr6843_20260824_123556_774_029.l3dump,/Users/john.pacino/openflight_sessions/trackman/camera/camera_20260824_123556_774_029,/Users/john.pacino/openflight_sessions/trackman/camera/camera_20260824_123556_774_029/first.pgm;/Users/john.pacino/openflight_sessions/trackman/camera/camera_20260824_123556_774_029/frames.npz;/Users/john.pacino/openflight_sessions/trackman/camera/camera_20260824_123556_774_029/last.pgm;/Users/john.pacino/openflight_sessions/trackman/camera/camera_20260824_123556_774_029/metadata.json;/Users/john.pacino/openflight_sessions/trackman/camera/camera_20260824_123556_774_029/trigger.pgm
20260824_121914,29,/Users/john.pacino/openflight_sessions/session_20260824_121914_trackman.jsonl,/Users/john.pacino/openflight_sessions/terminal_logs/kiosk_20260824_121905.log,/Users/john.pacino/openflight_sessions/iwr6843/iwr6843_20260824_123627_243_030.l3dump,/Users/john.pacino/openflight_sessions/trackman/camera/camera_20260824_123627_243_030,/Users/john.pacino/openflight_sessions/trackman/camera/camera_20260824_123627_243_030/first.pgm;/Users/john.pacino/openflight_sessions/trackman/camera/camera_20260824_123627_243_030/frames.npz;/Users/john.pacino/openflight_sessions/trackman/camera/camera_20260824_123627_243_030/last.pgm;/Users/john.pacino/openflight_sessions/trackman/camera/camera_20260824_123627_243_030/metadata.json;/Users/john.pacino/openflight_sessions/trackman/camera/camera_20260824_123627_243_030/trigger.pgm
20260824_121914,30,/Users/john.pacino/openflight_sessions/session_20260824_121914_trackman.jsonl,/Users/john.pacino/openflight_sessions/terminal_logs/kiosk_20260824_121905.log,/Users/john.pacino/openflight_sessions/iwr6843/iwr6843_20260824_123655_687_031.l3dump,/Users/john.pacino/openflight_sessions/trackman/camera/camera_20260824_123655_687_031,/Users/john.pacino/openflight_sessions/trackman/camera/camera_20260824_123655_687_031/first.pgm;/Users/john.pacino/openflight_sessions/trackman/camera/camera_20260824_123655_687_031/frames.npz;/Users/john.pacino/openflight_sessions/trackman/camera/camera_20260824_123655_687_031/last.pgm;/Users/john.pacino/openflight_sessions/trackman/camera/camera_20260824_123655_687_031/metadata.json;/Users/john.pacino/openflight_sessions/trackman/camera/camera_20260824_123655_687_031/trigger.pgm
20260824_121914,31,/Users/john.pacino/openflight_sessions/session_20260824_121914_trackman.jsonl,/Users/john.pacino/openflight_sessions/terminal_logs/kiosk_20260824_121905.log,/Users/john.pacino/openflight_sessions/iwr6843/iwr6843_20260824_123728_441_032.l3dump,/Users/john.pacino/openflight_sessions/trackman/camera/camera_20260824_123728_441_032,/Users/john.pacino/openflight_sessions/trackman/camera/camera_20260824_123728_441_032/first.pgm;/Users/john.pacino/openflight_sessions/trackman/camera/camera_20260824_123728_441_032/frames.npz;/Users/john.pacino/openflight_sessions/trackman/camera/camera_20260824_123728_441_032/last.pgm;/Users/john.pacino/openflight_sessions/trackman/camera/camera_20260824_123728_441_032/metadata.json;/Users/john.pacino/openflight_sessions/trackman/camera/camera_20260824_123728_441_032/trigger.pgm
20260824_121914,32,/Users/john.pacino/openflight_sessions/session_20260824_121914_trackman.jsonl,/Users/john.pacino/openflight_sessions/terminal_logs/kiosk_20260824_121905.log,/Users/john.pacino/openflight_sessions/iwr6843/iwr6843_20260824_123758_233_033.l3dump,/Users/john.pacino/openflight_sessions/trackman/camera/camera_20260824_123758_233_033,/Users/john.pacino/openflight_sessions/trackman/camera/camera_20260824_123758_233_033/first.pgm;/Users/john.pacino/openflight_sessions/trackman/camera/camera_20260824_123758_233_033/frames.npz;/Users/john.pacino/openflight_sessions/trackman/camera/camera_20260824_123758_233_033/last.pgm;/Users/john.pacino/openflight_sessions/trackman/camera/camera_20260824_123758_233_033/metadata.json;/Users/john.pacino/openflight_sessions/trackman/camera/camera_20260824_123758_233_033/trigger.pgm
20260824_121914,33,/Users/john.pacino/openflight_sessions/session_20260824_121914_trackman.jsonl,/Users/john.pacino/openflight_sessions/terminal_logs/kiosk_20260824_121905.log,/Users/john.pacino/openflight_sessions/iwr6843/iwr6843_20260824_123830_182_034.l3dump,/Users/john.pacino/openflight_sessions/trackman/camera/camera_20260824_123830_182_034,/Users/john.pacino/openflight_sessions/trackman/camera/camera_20260824_123830_182_034/first.pgm;/Users/john.pacino/openflight_sessions/trackman/camera/camera_20260824_123830_182_034/frames.npz;/Users/john.pacino/openflight_sessions/trackman/camera/camera_20260824_123830_182_034/last.pgm;/Users/john.pacino/openflight_sessions/trackman/camera/camera_20260824_123830_182_034/metadata.json;/Users/john.pacino/openflight_sessions/trackman/camera/camera_20260824_123830_182_034/trigger.pgm
20260824_121914,34,/Users/john.pacino/openflight_sessions/session_20260824_121914_trackman.jsonl,/Users/john.pacino/openflight_sessions/terminal_logs/kiosk_20260824_121905.log,/Users/john.pacino/openflight_sessions/iwr6843/iwr6843_20260824_123859_327_035.l3dump,/Users/john.pacino/openflight_sessions/trackman/camera/camera_20260824_123859_327_035,/Users/john.pacino/openflight_sessions/trackman/camera/camera_20260824_123859_327_035/first.pgm;/Users/john.pacino/openflight_sessions/trackman/camera/camera_20260824_123859_327_035/frames.npz;/Users/john.pacino/openflight_sessions/trackman/camera/camera_20260824_123859_327_035/last.pgm;/Users/john.pacino/openflight_sessions/trackman/camera/camera_20260824_123859_327_035/metadata.json;/Users/john.pacino/openflight_sessions/trackman/camera/camera_20260824_123859_327_035/trigger.pgm
20260824_121914,35,/Users/john.pacino/openflight_sessions/session_20260824_121914_trackman.jsonl,/Users/john.pacino/openflight_sessions/terminal_logs/kiosk_20260824_121905.log,/Users/john.pacino/openflight_sessions/iwr6843/iwr6843_20260824_123927_477_036.l3dump,/Users/john.pacino/openflight_sessions/trackman/camera/camera_20260824_123927_477_036,/Users/john.pacino/openflight_sessions/trackman/camera/camera_20260824_123927_477_036/first.pgm;/Users/john.pacino/openflight_sessions/trackman/camera/camera_20260824_123927_477_036/frames.npz;/Users/john.pacino/openflight_sessions/trackman/camera/camera_20260824_123927_477_036/last.pgm;/Users/john.pacino/openflight_sessions/trackman/camera/camera_20260824_123927_477_036/metadata.json;/Users/john.pacino/openflight_sessions/trackman/camera/camera_20260824_123927_477_036/trigger.pgm
20260824_121914,36,/Users/john.pacino/openflight_sessions/session_20260824_121914_trackman.jsonl,/Users/john.pacino/openflight_sessions/terminal_logs/kiosk_20260824_121905.log,/Users/john.pacino/openflight_sessions/iwr6843/iwr6843_20260824_123950_874_037.l3dump,/Users/john.pacino/openflight_sessions/trackman/camera/camera_20260824_123950_874_037,/Users/john.pacino/openflight_sessions/trackman/camera/camera_20260824_123950_874_037/first.pgm;/Users/john.pacino/openflight_sessions/trackman/camera/camera_20260824_123950_874_037/frames.npz;/Users/john.pacino/openflight_sessions/trackman/camera/camera_20260824_123950_874_037/last.pgm;/Users/john.pacino/openflight_sessions/trackman/camera/camera_20260824_123950_874_037/metadata.json;/Users/john.pacino/openflight_sessions/trackman/camera/camera_20260824_123950_874_037/trigger.pgm
20260824_121914,37,/Users/john.pacino/openflight_sessions/session_20260824_121914_trackman.jsonl,/Users/john.pacino/openflight_sessions/terminal_logs/kiosk_20260824_121905.log,/Users/john.pacino/openflight_sessions/iwr6843/iwr6843_20260824_124024_181_038.l3dump,/Users/john.pacino/openflight_sessions/trackman/camera/camera_20260824_124024_181_038,/Users/john.pacino/openflight_sessions/trackman/camera/camera_20260824_124024_181_038/first.pgm;/Users/john.pacino/openflight_sessions/trackman/camera/camera_20260824_124024_181_038/frames.npz;/Users/john.pacino/openflight_sessions/trackman/camera/camera_20260824_124024_181_038/last.pgm;/Users/john.pacino/openflight_sessions/trackman/camera/camera_20260824_124024_181_038/metadata.json;/Users/john.pacino/openflight_sessions/trackman/camera/camera_20260824_124024_181_038/trigger.pgm
20260824_121914,38,/Users/john.pacino/openflight_sessions/session_20260824_121914_trackman.jsonl,/Users/john.pacino/openflight_sessions/terminal_logs/kiosk_20260824_121905.log,/Users/john.pacino/openflight_sessions/iwr6843/iwr6843_20260824_124054_128_039.l3dump,/Users/john.pacino/openflight_sessions/trackman/camera/camera_20260824_124054_128_039,/Users/john.pacino/openflight_sessions/trackman/camera/camera_20260824_124054_128_039/first.pgm;/Users/john.pacino/openflight_sessions/trackman/camera/camera_20260824_124054_128_039/frames.npz;/Users/john.pacino/openflight_sessions/trackman/camera/camera_20260824_124054_128_039/last.pgm;/Users/john.pacino/openflight_sessions/trackman/camera/camera_20260824_124054_128_039/metadata.json;/Users/john.pacino/openflight_sessions/trackman/camera/camera_20260824_124054_128_039/trigger.pgm
20260824_121914,39,/Users/john.pacino/openflight_sessions/session_20260824_121914_trackman.jsonl,/Users/john.pacino/openflight_sessions/terminal_logs/kiosk_20260824_121905.log,/Users/john.pacino/openflight_sessions/iwr6843/iwr6843_20260824_124123_978_040.l3dump,/Users/john.pacino/openflight_sessions/trackman/camera/camera_20260824_124123_978_040,/Users/john.pacino/openflight_sessions/trackman/camera/camera_20260824_124123_978_040/first.pgm;/Users/john.pacino/openflight_sessions/trackman/camera/camera_20260824_124123_978_040/frames.npz;/Users/john.pacino/openflight_sessions/trackman/camera/camera_20260824_124123_978_040/last.pgm;/Users/john.pacino/openflight_sessions/trackman/camera/camera_20260824_124123_978_040/metadata.json;/Users/john.pacino/openflight_sessions/trackman/camera/camera_20260824_124123_978_040/trigger.pgm
20260824_121914,40,/Users/john.pacino/openflight_sessions/session_20260824_121914_trackman.jsonl,/Users/john.pacino/openflight_sessions/terminal_logs/kiosk_20260824_121905.log,/Users/john.pacino/openflight_sessions/iwr6843/iwr6843_20260824_124155_931_041.l3dump,/Users/john.pacino/openflight_sessions/trackman/camera/camera_20260824_124155_931_041,/Users/john.pacino/openflight_sessions/trackman/camera/camera_20260824_124155_931_041/first.pgm;/Users/john.pacino/openflight_sessions/trackman/camera/camera_20260824_124155_931_041/frames.npz;/Users/john.pacino/openflight_sessions/trackman/camera/camera_20260824_124155_931_041/last.pgm;/Users/john.pacino/openflight_sessions/trackman/camera/camera_20260824_124155_931_041/metadata.json;/Users/john.pacino/openflight_sessions/trackman/camera/camera_20260824_124155_931_041/trigger.pgm
