match_status,match_delta_ms,tm_sequence,tm_group_index,tm_group_shot,tm_group_id,tm_stroke_id,tm_time_utc,tm_time_local,tm_club,tm_ball,tm_ball_speed_mph,tm_club_speed_mph,tm_launch_angle_deg,tm_launch_direction_deg,tm_attack_angle_deg,tm_club_path_deg,tm_face_angle_deg,tm_face_to_path_deg,tm_spin_rate_rpm,tm_spin_axis_deg,tm_carry_yd,of_session_id,of_shot_number,of_time_local,of_club,of_ball_speed_mph,of_club_speed_mph,of_launch_angle_deg,of_launch_direction_deg,of_launch_source,of_launch_confidence,of_horizontal_confidence,of_spin_rpm,of_effective_tilt_deg,of_configured_tilt_deg,of_inclinometer_raw_pitch_deg,of_inclinometer_calibrated_pitch_deg,iwr_config,iwr_capture_bytes,iwr_capture_error,camera_capture_error,session_log_path,terminal_log_path,iwr_dump_path,camera_directory,camera_files,ball_speed_error_mph,club_speed_error_mph,launch_angle_error_deg,launch_direction_error_deg,of_attack_angle_deg,of_attack_angle_status,of_club_path_deg,of_club_path_status,of_fused_attack_angle_deg,of_fused_attack_confidence,of_fused_club_path_deg,of_fused_club_path_confidence,of_fused_status,of_camera_horizontal_deg,of_camera_horizontal_confidence,of_camera_horizontal_status,of_camera_iwr_delta_deg,attack_angle_error_deg,club_path_error_deg,camera_fps,camera_frame_count,camera_gap_count,camera_mean_brightness,camera_exposure_us,camera_gain
matched,-531.947,3,2,16,08862338-ca9f-f111-9edb-83ad45319c98,f013784e-2d48-4d87-8ce9-5ebcee83a29b,2026-08-24T15:05:19.170660+00:00,2026-08-24T11:05:19.170660-04:00,9Iron,Premium,100.82542949176798,75.2259305654974,20.411999999999992,-2.160999999999997,-4.624,2.597,-3.291,-5.888,5309.679999999998,-15.308000000000005,137.40343488239915,20260824_110351,1,2026-08-24T11:05:18.638713-04:00,9-iron,100.51122390607797,,20.6,,estimated,0.35,,5053.7109375,10.5,10.5,,,config/iwr6843_l3dump_dense_36f2ms_53bin_iq8.cfg,549764,,,/Users/john.pacino/openflight_sessions/session_20260824_110351_trackman.jsonl,/Users/john.pacino/openflight_sessions/terminal_logs/kiosk_20260824_110340.log,/Users/john.pacino/openflight_sessions/iwr6843/iwr6843_20260824_110518_637_002.l3dump,/Users/john.pacino/openflight_sessions/trackman/camera/camera_20260824_110518_637_002,/Users/john.pacino/openflight_sessions/trackman/camera/camera_20260824_110518_637_002/first.pgm;/Users/john.pacino/openflight_sessions/trackman/camera/camera_20260824_110518_637_002/frames.npz;/Users/john.pacino/openflight_sessions/trackman/camera/camera_20260824_110518_637_002/last.pgm;/Users/john.pacino/openflight_sessions/trackman/camera/camera_20260824_110518_637_002/metadata.json;/Users/john.pacino/openflight_sessions/trackman/camera/camera_20260824_110518_637_002/trigger.pgm,-0.31420558569000434,,0.1880000000000095,,,,,,,withheld,,withheld,rejected_no_ops_speed,,,camera_withheld_fallback_iwr:rejected_no_stable_path,,,,467.61302636287724,99,0,119.16508838383838,1250,16.0
matched,-539.124,5,2,36,08862338-ca9f-f111-9edb-83ad45319c98,931a2f75-80f1-4744-8a10-cb61e63f9226,2026-08-24T15:06:13.304261+00:00,2026-08-24T11:06:13.304261-04:00,9Iron,Premium,107.19175017895479,78.581335003579,19.622999999999994,-1.5979999999999985,,3.007,-2.602,-5.609,6175.449999999999,-8.543,146.18822948753086,20260824_110351,3,2026-08-24T11:06:12.765137-04:00,9-iron,106.40878817028171,,18.8,,estimated,0.35,,3186.03515625,10.5,10.5,,,config/iwr6843_l3dump_dense_36f2ms_53bin_iq8.cfg,549764,,,/Users/john.pacino/openflight_sessions/session_20260824_110351_trackman.jsonl,/Users/john.pacino/openflight_sessions/terminal_logs/kiosk_20260824_110340.log,/Users/john.pacino/openflight_sessions/iwr6843/iwr6843_20260824_110612_766_004.l3dump,/Users/john.pacino/openflight_sessions/trackman/camera/camera_20260824_110612_766_004,/Users/john.pacino/openflight_sessions/trackman/camera/camera_20260824_110612_766_004/first.pgm;/Users/john.pacino/openflight_sessions/trackman/camera/camera_20260824_110612_766_004/frames.npz;/Users/john.pacino/openflight_sessions/trackman/camera/camera_20260824_110612_766_004/last.pgm;/Users/john.pacino/openflight_sessions/trackman/camera/camera_20260824_110612_766_004/metadata.json;/Users/john.pacino/openflight_sessions/trackman/camera/camera_20260824_110612_766_004/trigger.pgm,-0.7829620086730813,,-0.8229999999999933,,,,,,,withheld,,withheld,rejected_no_ops_speed,,,camera_withheld_fallback_iwr:rejected_no_stable_path,,,,467.6174888940846,99,0,120.5708254419192,1250,16.0
matched,-536.621,6,2,5,08862338-ca9f-f111-9edb-83ad45319c98,d105cd28-d1e1-485b-b0fd-1556e4b9fefa,2026-08-24T15:06:42.054656+00:00,2026-08-24T11:06:42.054656-04:00,9Iron,Premium,98.80547602004285,78.93029706513948,20.765,2.804,-4.564,1.082,3.258,2.175,5696.4299999999985,1.7370000000000003,133.36803239783544,20260824_110351,4,2026-08-24T11:06:41.518035-04:00,9-iron,99.14414771627138,,21.1,,estimated,0.35,,6152.34375,10.5,10.5,,,config/iwr6843_l3dump_dense_36f2ms_53bin_iq8.cfg,549764,,,/Users/john.pacino/openflight_sessions/session_20260824_110351_trackman.jsonl,/Users/john.pacino/openflight_sessions/terminal_logs/kiosk_20260824_110340.log,/Users/john.pacino/openflight_sessions/iwr6843/iwr6843_20260824_110641_522_005.l3dump,/Users/john.pacino/openflight_sessions/trackman/camera/camera_20260824_110641_522_005,/Users/john.pacino/openflight_sessions/trackman/camera/camera_20260824_110641_522_005/first.pgm;/Users/john.pacino/openflight_sessions/trackman/camera/camera_20260824_110641_522_005/frames.npz;/Users/john.pacino/openflight_sessions/trackman/camera/camera_20260824_110641_522_005/last.pgm;/Users/john.pacino/openflight_sessions/trackman/camera/camera_20260824_110641_522_005/metadata.json;/Users/john.pacino/openflight_sessions/trackman/camera/camera_20260824_110641_522_005/trigger.pgm,0.33867169622853055,,0.33500000000000085,,,,,,,withheld,,withheld,rejected_no_ops_speed,,,camera_withheld_fallback_iwr:rejected_no_stable_path,,,,467.6107951292132,99,0,118.73540293560606,1250,16.0
matched,-537.087,7,2,11,08862338-ca9f-f111-9edb-83ad45319c98,b554f9b3-d517-4744-8c71-44c164d3d36a,2026-08-24T15:13:34.651545+00:00,2026-08-24T11:13:34.651545-04:00,9Iron,Premium,104.15846456692904,77.22127773800993,21.653999999999986,1.5219999999999998,,1.435,1.542,0.107,6336.059999999996,0.7339999999999994,140.43191851961305,20260824_111222,1,2026-08-24T11:13:34.114458-04:00,9-iron,103.75334992421564,,19.6,,estimated,0.35,,4614.2578125,10.5,10.5,,,config/iwr6843_l3dump_wide_24f3ms_53bin_iq16.cfg,732812,,,/Users/john.pacino/openflight_sessions/session_20260824_111222_trackman.jsonl,/Users/john.pacino/openflight_sessions/terminal_logs/kiosk_20260824_111211.log,/Users/john.pacino/openflight_sessions/iwr6843/iwr6843_20260824_111334_117_001.l3dump,/Users/john.pacino/openflight_sessions/trackman/camera/camera_20260824_111334_117_001,/Users/john.pacino/openflight_sessions/trackman/camera/camera_20260824_111334_117_001/first.pgm;/Users/john.pacino/openflight_sessions/trackman/camera/camera_20260824_111334_117_001/frames.npz;/Users/john.pacino/openflight_sessions/trackman/camera/camera_20260824_111334_117_001/last.pgm;/Users/john.pacino/openflight_sessions/trackman/camera/camera_20260824_111334_117_001/metadata.json;/Users/john.pacino/openflight_sessions/trackman/camera/camera_20260824_111334_117_001/trigger.pgm,-0.40511464271340003,,-2.0539999999999843,,,,,,,withheld,,withheld,rejected_no_ops_speed,,,camera_withheld_fallback_iwr:rejected_implausible_reference_ball,,,,467.6174888940846,99,0,96.34668923611112,650,15.0
matched,-543.178,8,2,19,08862338-ca9f-f111-9edb-83ad45319c98,b8ab9e02-27e1-40bc-b567-6ef2b8a29b39,2026-08-24T15:14:02.973094+00:00,2026-08-24T11:14:02.973094-04:00,9Iron,Premium,106.87857909806718,79.12267358625618,21.884999999999998,0.7650000000000009,-7.165,1.012,0.709,-0.303,5960.419999999997,-3.3620000000000023,146.3424603772033,20260824_111222,2,2026-08-24T11:14:02.429916-04:00,9-iron,106.11485950975387,,18.9,,estimated,0.35,,2307.12890625,10.5,10.5,,,config/iwr6843_l3dump_wide_24f3ms_53bin_iq16.cfg,732812,,,/Users/john.pacino/openflight_sessions/session_20260824_111222_trackman.jsonl,/Users/john.pacino/openflight_sessions/terminal_logs/kiosk_20260824_111211.log,/Users/john.pacino/openflight_sessions/iwr6843/iwr6843_20260824_111402_435_002.l3dump,/Users/john.pacino/openflight_sessions/trackman/camera/camera_20260824_111402_435_002,/Users/john.pacino/openflight_sessions/trackman/camera/camera_20260824_111402_435_002/first.pgm;/Users/john.pacino/openflight_sessions/trackman/camera/camera_20260824_111402_435_002/frames.npz;/Users/john.pacino/openflight_sessions/trackman/camera/camera_20260824_111402_435_002/last.pgm;/Users/john.pacino/openflight_sessions/trackman/camera/camera_20260824_111402_435_002/metadata.json;/Users/john.pacino/openflight_sessions/trackman/camera/camera_20260824_111402_435_002/trigger.pgm,-0.7637195883133074,,-2.9849999999999994,,,,,,,withheld,,withheld,rejected_no_ops_speed,,,camera_withheld_fallback_iwr:rejected_no_stable_path,,,,467.61525761783423,99,0,96.29621385732324,650,15.0
matched,-537.369,10,2,42,08862338-ca9f-f111-9edb-83ad45319c98,becd859d-29d1-48f6-bcce-e529c1dfb75c,2026-08-24T15:15:03.377258+00:00,2026-08-24T11:15:03.377258-04:00,9Iron,Premium,102.11166785969925,77.17653901216885,21.213000000000005,0.3409999999999999,,0.523,0.302,-0.221,5927.760000000002,-0.21199999999999986,138.53295853099846,20260824_111222,4,2026-08-24T11:15:02.839889-04:00,9-iron,102.08185269631447,,20.1,,estimated,0.35,,3076.171875,10.5,10.5,,,config/iwr6843_l3dump_wide_24f3ms_53bin_iq16.cfg,732812,,,/Users/john.pacino/openflight_sessions/session_20260824_111222_trackman.jsonl,/Users/john.pacino/openflight_sessions/terminal_logs/kiosk_20260824_111211.log,/Users/john.pacino/openflight_sessions/iwr6843/iwr6843_20260824_111502_844_004.l3dump,/Users/john.pacino/openflight_sessions/trackman/camera/camera_20260824_111502_844_004,/Users/john.pacino/openflight_sessions/trackman/camera/camera_20260824_111502_844_004/first.pgm;/Users/john.pacino/openflight_sessions/trackman/camera/camera_20260824_111502_844_004/frames.npz;/Users/john.pacino/openflight_sessions/trackman/camera/camera_20260824_111502_844_004/last.pgm;/Users/john.pacino/openflight_sessions/trackman/camera/camera_20260824_111502_844_004/metadata.json;/Users/john.pacino/openflight_sessions/trackman/camera/camera_20260824_111502_844_004/trigger.pgm,-0.029815163384782295,,-1.113000000000003,,,,,,,withheld,,withheld,rejected_no_ops_speed,,,camera_withheld_fallback_iwr:rejected_implausible_reference_ball,,,,467.6174888940846,99,0,96.19014835858586,650,15.0
matched,-537.753,11,2,20,08862338-ca9f-f111-9edb-83ad45319c98,353b027e-d6f8-40b4-a3aa-71b5e26e0682,2026-08-24T15:15:30.986984+00:00,2026-08-24T11:15:30.986984-04:00,9Iron,Premium,101.27057981388678,78.79384395132418,23.919999999999977,2.222,-5.679,0.571,2.66,2.088,6538.749999999995,4.574000000000001,134.157538207855,20260824_111222,5,2026-08-24T11:15:30.449231-04:00,9-iron,101.2513987196623,,22.9,,estimated,0.35,,10986.328125,10.5,10.5,,,config/iwr6843_l3dump_wide_24f3ms_53bin_iq16.cfg,732812,,,/Users/john.pacino/openflight_sessions/session_20260824_111222_trackman.jsonl,/Users/john.pacino/openflight_sessions/terminal_logs/kiosk_20260824_111211.log,/Users/john.pacino/openflight_sessions/iwr6843/iwr6843_20260824_111530_455_005.l3dump,/Users/john.pacino/openflight_sessions/trackman/camera/camera_20260824_111530_455_005,/Users/john.pacino/openflight_sessions/trackman/camera/camera_20260824_111530_455_005/first.pgm;/Users/john.pacino/openflight_sessions/trackman/camera/camera_20260824_111530_455_005/frames.npz;/Users/john.pacino/openflight_sessions/trackman/camera/camera_20260824_111530_455_005/last.pgm;/Users/john.pacino/openflight_sessions/trackman/camera/camera_20260824_111530_455_005/metadata.json;/Users/john.pacino/openflight_sessions/trackman/camera/camera_20260824_111530_455_005/trigger.pgm,-0.019181094224478556,,-1.0199999999999783,,,,,,,withheld,,withheld,rejected_no_ops_speed,,,camera_withheld_fallback_iwr:rejected_implausible_reference_ball,,,,467.59963928027827,99,0,95.65550773358586,650,15.0
matched,-537.6030000000001,14,2,21,08862338-ca9f-f111-9edb-83ad45319c98,54c14c52-d98b-41f4-b101-7de75589c06c,2026-08-24T15:16:59.321834+00:00,2026-08-24T11:16:59.321834-04:00,9Iron,Premium,111.48890479599129,80.84958840372218,20.725999999999996,-0.6369999999999982,-6.297,2.34,-1.328,-3.668,6078.15,-9.166999999999996,153.54484345322786,20260824_111222,8,2026-08-24T11:16:58.784231-04:00,9-iron,110.65899964881616,,18.7,,estimated,0.35,,8239.74609375,10.5,10.5,,,config/iwr6843_l3dump_wide_24f3ms_53bin_iq16.cfg,732812,,,/Users/john.pacino/openflight_sessions/session_20260824_111222_trackman.jsonl,/Users/john.pacino/openflight_sessions/terminal_logs/kiosk_20260824_111211.log,/Users/john.pacino/openflight_sessions/iwr6843/iwr6843_20260824_111658_780_008.l3dump,/Users/john.pacino/openflight_sessions/trackman/camera/camera_20260824_111658_780_008,/Users/john.pacino/openflight_sessions/trackman/camera/camera_20260824_111658_780_008/first.pgm;/Users/john.pacino/openflight_sessions/trackman/camera/camera_20260824_111658_780_008/frames.npz;/Users/john.pacino/openflight_sessions/trackman/camera/camera_20260824_111658_780_008/last.pgm;/Users/john.pacino/openflight_sessions/trackman/camera/camera_20260824_111658_780_008/metadata.json;/Users/john.pacino/openflight_sessions/trackman/camera/camera_20260824_111658_780_008/trigger.pgm,-0.8299051471751255,,-2.0259999999999962,,,,,,,withheld,,withheld,rejected_no_ops_speed,,,camera_withheld_fallback_iwr:rejected_no_stable_path,,,,467.6174888940846,99,0,98.45153724747475,650,15.0
matched,-535.365,15,2,43,08862338-ca9f-f111-9edb-83ad45319c98,fb42cfc4-ff4d-4873-95b9-e67053d79381,2026-08-24T15:17:21.480014+00:00,2026-08-24T11:17:21.480014-04:00,9Iron,Premium,100.42054402290613,75.7270042949176,20.095,0.8269999999999982,,6.353,0.05,-6.302,3901.1200000000017,-17.702000000000005,141.1453235764511,20260824_111222,9,2026-08-24T11:17:20.944649-04:00,9-iron,100.5527380136404,,21.0,,estimated,0.35,,7470.703125,10.5,10.5,,,config/iwr6843_l3dump_wide_24f3ms_53bin_iq16.cfg,732812,,,/Users/john.pacino/openflight_sessions/session_20260824_111222_trackman.jsonl,/Users/john.pacino/openflight_sessions/terminal_logs/kiosk_20260824_111211.log,/Users/john.pacino/openflight_sessions/iwr6843/iwr6843_20260824_111720_945_009.l3dump,/Users/john.pacino/openflight_sessions/trackman/camera/camera_20260824_111720_945_009,/Users/john.pacino/openflight_sessions/trackman/camera/camera_20260824_111720_945_009/first.pgm;/Users/john.pacino/openflight_sessions/trackman/camera/camera_20260824_111720_945_009/frames.npz;/Users/john.pacino/openflight_sessions/trackman/camera/camera_20260824_111720_945_009/last.pgm;/Users/john.pacino/openflight_sessions/trackman/camera/camera_20260824_111720_945_009/metadata.json;/Users/john.pacino/openflight_sessions/trackman/camera/camera_20260824_111720_945_009/trigger.pgm,0.1321939907342653,,0.9050000000000011,,,,,,,withheld,,withheld,rejected_no_ops_speed,,,camera_withheld_fallback_iwr:rejected_no_stable_path,,,,467.61302636287724,99,0,97.13401089015152,650,15.0
matched,-527.5840000000001,16,2,41,08862338-ca9f-f111-9edb-83ad45319c98,181fa776-b636-49bd-a879-e3b3bbea0f04,2026-08-24T15:27:42.102622+00:00,2026-08-24T11:27:42.102622-04:00,9Iron,Premium,97.29778095919819,71.80565497494624,20.017999999999983,-3.2479999999999976,-3.435,0.741,-4.194,-4.935,4811.87,-9.790999999999995,132.69557663468595,20260824_111222,10,2026-08-24T11:27:41.575038-04:00,9-iron,97.27065232756573,,21.6,,estimated,0.35,,2307.12890625,10.5,10.5,,,config/iwr6843_l3dump_wide_24f3ms_53bin_iq16.cfg,732812,,,/Users/john.pacino/openflight_sessions/session_20260824_111222_trackman.jsonl,/Users/john.pacino/openflight_sessions/terminal_logs/kiosk_20260824_111211.log,/Users/john.pacino/openflight_sessions/iwr6843/iwr6843_20260824_112741_573_010.l3dump,/Users/john.pacino/openflight_sessions/trackman/camera/camera_20260824_112741_573_010,/Users/john.pacino/openflight_sessions/trackman/camera/camera_20260824_112741_573_010/first.pgm;/Users/john.pacino/openflight_sessions/trackman/camera/camera_20260824_112741_573_010/frames.npz;/Users/john.pacino/openflight_sessions/trackman/camera/camera_20260824_112741_573_010/last.pgm;/Users/john.pacino/openflight_sessions/trackman/camera/camera_20260824_112741_573_010/metadata.json;/Users/john.pacino/openflight_sessions/trackman/camera/camera_20260824_112741_573_010/trigger.pgm,-0.027128631632464817,,1.5820000000000185,,,,,,,withheld,,withheld,rejected_no_ops_speed,,,camera_withheld_fallback_iwr:rejected_no_stable_path,,,,467.61525761783423,99,0,97.22522711489898,650,15.0
matched,-532.226,17,2,40,08862338-ca9f-f111-9edb-83ad45319c98,fe3195b2-bfc6-420c-ab63-e0b9c1f1725e,2026-08-24T15:28:03.675707+00:00,2026-08-24T11:28:03.675707-04:00,9Iron,Premium,103.05118110236211,79.88099498926262,20.30899999999999,1.9449999999999994,-4.474,2.608,1.738,-0.87,6833.729999999999,-2.0610000000000004,137.11047959992132,20260824_111222,11,2026-08-24T11:28:03.143481-04:00,9-iron,102.67967233609676,,20.0,,estimated,0.35,,5163.57421875,10.5,10.5,,,config/iwr6843_l3dump_wide_24f3ms_53bin_iq16.cfg,732812,,,/Users/john.pacino/openflight_sessions/session_20260824_111222_trackman.jsonl,/Users/john.pacino/openflight_sessions/terminal_logs/kiosk_20260824_111211.log,/Users/john.pacino/openflight_sessions/iwr6843/iwr6843_20260824_112803_142_011.l3dump,/Users/john.pacino/openflight_sessions/trackman/camera/camera_20260824_112803_142_011,/Users/john.pacino/openflight_sessions/trackman/camera/camera_20260824_112803_142_011/first.pgm;/Users/john.pacino/openflight_sessions/trackman/camera/camera_20260824_112803_142_011/frames.npz;/Users/john.pacino/openflight_sessions/trackman/camera/camera_20260824_112803_142_011/last.pgm;/Users/john.pacino/openflight_sessions/trackman/camera/camera_20260824_112803_142_011/metadata.json;/Users/john.pacino/openflight_sessions/trackman/camera/camera_20260824_112803_142_011/trigger.pgm,-0.37150876626535023,,-0.3089999999999904,,,,,,,withheld,,withheld,rejected_no_ops_speed,,,camera_withheld_fallback_iwr:rejected_no_stable_path,,,,467.59294602641427,99,0,98.2073409090909,650,15.0
