height_block,physical_height_m,configured_height_m,club,of_session_id,of_shot_number,tm_launch_angle_deg,live_launch_angle_deg,configured_fused_replay_deg,configured_two8_deg,configured_four4_deg,physical_fused_deg,physical_two8_deg,physical_four4_deg
low_2.875in,0.073025,0.1651,9Iron,20260824_111222,12,20.59999999999998,19.16947302902478,20.14388064019937,23.406647781950987,16.881113498447757,15.682117770415987,19.603254889335442,11.760980651496531
low_2.875in,0.073025,0.1651,9Iron,20260824_111222,13,20.493999999999986,18.51491749080421,19.637837439027034,22.148743166698413,17.126931711355656,15.373317847980356,17.413903153940698,13.332732542020016
low_2.875in,0.073025,0.1651,9Iron,20260824_111222,14,10.839000000000008,11.797917506420255,12.256701525573757,10.13104454437881,14.382358506768702,10.167870710628696,6.499988172839818,13.835753248417575
low_2.875in,0.073025,0.1651,9Iron,20260824_111222,15,23.566999999999982,22.87144284795398,24.173583725093224,26.477721957455753,21.869445492730694,20.82469359908716,22.630616723777095,19.018770474397222
low_2.875in,0.073025,0.1651,9Iron,20260824_111222,16,17.37199999999999,17.00075164428125,17.87790596542471,18.40991832505017,17.345893605799247,14.560645193637233,14.286361573352314,14.834928813922152
low_2.875in,0.073025,0.1651,9Iron,20260824_111222,17,23.767,24.46306788939069,25.620597752528845,27.762334105128524,23.47886139992917,22.200132999438374,24.150127361027646,20.2501386378491
low_2.875in,0.073025,0.1651,9Iron,20260824_111222,18,20.540999999999997,19.733444686196748,20.9723414698884,24.317823541419834,17.626859398356967,17.592385391959944,20.17940283095814,15.00536795296175
low_2.875in,0.073025,0.1651,9Iron,20260824_111222,19,22.767,22.83031138760412,23.98795038661317,27.312748215354823,20.663152557871523,20.134085712937917,23.35434457578394,16.913826850091898
low_2.875in,0.073025,0.1651,9Iron,20260824_111222,20,23.742999999999988,23.46594166047511,24.523530595950213,27.501601689353283,21.54545950254714,21.0197624834669,24.234221255774134,17.80530371115966
low_2.875in,0.073025,0.1651,9Iron,20260824_111222,21,19.701999999999995,20.382366673127116,21.40354052625443,23.27799789693441,19.529083155574458,17.985576162533548,19.876855503859996,16.094296821207095
low_2.875in,0.073025,0.1651,9Iron,20260824_111222,22,23.390999999999988,22.922638874623004,24.066648167319627,27.578611888742778,20.554684445896473,19.901766194796807,23.816986695320736,15.986545694272875
low_2.875in,0.073025,0.1651,9Iron,20260824_111222,23,23.193000000000005,22.969703070776138,24.09003299534092,26.70024808841728,21.47981790226456,19.983449942384947,22.78951305237877,17.177386832391125
low_2.875in,0.073025,0.1651,9Iron,20260824_111222,24,22.739999999999995,22.76552687603848,23.951875632646015,25.76908362688062,22.134667638411408,20.81026487248754,22.597464356037346,19.023065388937734
low_2.875in,0.073025,0.1651,9Iron,20260824_111222,25,18.903999999999975,16.305924207513325,17.451548273203613,19.37632545819063,15.526771088216597,12.57447384111682,13.455838470013399,11.69310921222024
high_5.25in,0.133350,0.1651,9Iron,20260824_120337,1,22.89699999999999,22.565027065140885,23.63609925020582,25.932901390905705,21.339297109505935,22.427765396069724,24.73822039668303,20.11731039545642
high_5.25in,0.133350,0.1651,9Iron,20260824_120337,2,23.125999999999994,23.820893863906043,24.955782073491925,26.452101866317925,23.459462280665928,24.192218590689173,25.555732229779434,22.82870495159891
high_5.25in,0.133350,0.1651,9Iron,20260824_120337,3,21.408000000000012,16.385239276117318,21.585870330406156,21.585870330406156,12.738127307637273,20.440500577113134,20.440500577113134,12.107090655629621
high_5.25in,0.133350,0.1651,9Iron,20260824_120337,4,20.792000000000005,21.258395736664447,22.449372701589624,24.901116462708366,19.997628940470882,21.260986111045547,23.874010081149777,18.64796214094132
high_5.25in,0.133350,0.1651,9Iron,20260824_120337,5,15.137000000000002,11.867875295142824,12.410885879604866,10.347413922061584,14.47435783714815,11.113940092095117,8.635910357612701,13.591969826577532
high_5.25in,0.133350,0.1651,9Iron,20260824_120337,6,21.271999999999995,20.07539501411962,21.335810858116048,24.016522418021516,18.655099298210576,20.43710180080921,22.75094763169505,18.12325596992337
high_5.25in,0.133350,0.1651,9Iron,20260824_120337,7,22.065000000000005,21.620425209746134,22.596401539283107,24.69149252021171,20.501310558354508,22.057793140076683,23.6826912633255,20.432895016827867
high_5.25in,0.133350,0.1651,9Iron,20260824_120337,8,21.045,19.374505208059716,20.955593344196522,22.457955822672247,19.4532308657208,19.78869208420721,20.47483493691761,19.10254923149681
high_5.25in,0.133350,0.1651,9Iron,20260824_120337,9,23.75,24.1588201847793,25.42708293806185,28.407930040811085,22.446235835312617,24.289283389593944,27.128888920870086,21.449677858317802
high_5.25in,0.133350,0.1651,9Iron,20260824_120337,10,20.669999999999998,18.757050158245356,19.793730063192406,22.107284285620707,17.4801758407641,18.930887542408826,21.027193948962786,16.834581135854865
high_5.25in,0.133350,0.1651,9Iron,20260824_120337,11,24.896999999999984,23.80115831440805,25.051841226930712,27.171245817708588,22.932436636152836,24.107320618908894,26.103473495128032,22.111167742689755
high_5.25in,0.133350,0.1651,9Iron,20260824_120337,12,18.14899999999999,18.475250429202408,18.466935619103985,2.3245444150299854,18.466935619103985,18.314354373351158,-0.39204035977696644,18.314354373351158
high_5.25in,0.133350,0.1651,9Iron,20260824_120337,13,21.017999999999997,18.114223350938726,19.502911392589542,21.410140233105967,17.595682552073118,18.130371244505085,19.518313635592364,16.742428853417806
high_5.25in,0.133350,0.1651,9Iron,20260824_120337,14,22.69499999999999,21.573925285802993,22.78759438060834,26.182095972669917,19.393092788546767,21.456140748181205,24.992353225287196,17.919928271075214
high_5.25in,0.133350,0.1651,9Iron,20260824_120337,15,21.487999999999992,21.019906569956444,22.343326145723918,24.16450800137703,20.522144290070806,21.383353706456013,23.06457848661266,19.70212892629937
high_5.25in,0.133350,0.1651,9Iron,20260824_120337,16,22.95899999999999,23.523212403923356,24.840464336587203,26.275998157260208,23.4049305159142,23.900623926786267,25.2951058357935,22.50614201777903
high_5.25in,0.133350,0.1651,5Iron,20260824_120337,17,12.645999999999962,11.139704252265918,11.776285146649425,10.78940152560863,12.76316876769022,10.56619394571222,9.211061394672083,11.921326496752357
high_5.25in,0.133350,0.1651,5Iron,20260824_120337,18,12.951000000000041,10.764124690389668,11.238630314584853,9.725743511102337,12.751517118067369,9.788302631679962,8.099869263756663,11.476735999603259
high_5.25in,0.133350,0.1651,5Iron,20260824_120337,19,14.73399999999999,13.415130392861077,13.990168654831386,11.534529404387538,16.445807905275235,12.69347502462795,9.83479016615707,15.552159883098833
high_5.25in,0.133350,0.1651,5Iron,20260824_120337,20,13.445999999999975,6.6399755143369,7.144409611694798,10.875558097437109,3.4132611259524874,6.048351672531574,8.953409179272839,3.143294165790309
high_5.25in,0.133350,0.1651,5Iron,20260824_120337,21,14.641999999999975,14.882160922470895,15.861769131899315,15.735507686787972,15.98803057701066,14.354883415714998,13.463000703191952,15.246766128238043
high_5.25in,0.133350,0.1651,5Iron,20260824_120337,22,15.292999999999994,9.864332062261926,10.613764922631105,11.571462036160463,9.65606780910175,7.938392647744747,9.625670623941758,6.251114671547735
high_5.25in,0.133350,0.1651,5Iron,20260824_120337,23,12.148999999999976,12.853624806075109,13.466028577858543,10.892058247473315,16.03999890824377,11.29675028332239,9.359890226716338,13.233610339928443
high_5.25in,0.133350,0.1651,5Iron,20260824_120337,24,13.886999999999997,13.067759843764819,13.790269667996409,12.765333119277084,14.815206216715733,12.504924808851001,11.125239038576547,13.884610579125454
high_5.25in,0.133350,0.1651,5Iron,20260824_120337,25,0.669999999999999,-1.6404306934527977,-1.6423015576113327,-1.5974517237977686,-1.6871513914248968,-1.5791935951516796,-1.5264259674866103,-1.6319612228167486
high_5.25in,0.133350,0.1651,5Iron,20260824_120337,26,16.00899999999998,15.269371864031381,16.48074768206334,14.482198252003261,18.479297112123415,15.14903392598155,12.148079019088833,18.149988832874268
high_5.25in,0.133350,0.1651,5Iron,20260824_120337,27,12.701999999999998,9.069779514363066,9.606315566734455,9.966159456305958,9.246471677162951,7.784942453649338,8.142249554173048,7.427635353125628
high_5.25in,0.133350,0.1651,5Iron,20260824_120337,28,12.355000000000029,8.835886758394377,9.338424235144014,9.695455520838244,8.981392949449784,8.157615891609971,7.996848544699007,8.318383238520935
high_5.25in,0.133350,0.1651,5Iron,20260824_120337,29,13.308999999999976,9.443341500574721,10.18709602553536,8.078331761068434,12.295860290002288,8.716835450598285,5.848653428221247,11.585017472975325
high_5.25in,0.133350,0.1651,5Iron,20260824_120337,30,15.307999999999982,18.45672965738972,18.451369889864242,7.999769485227949,18.451369889864242,18.23042479199584,6.618626935322163,18.23042479199584
high_5.25in,0.133350,0.1651,5Iron,20260824_120337,31,14.625999999999978,12.831183888015305,13.375538314013657,10.462967318034535,16.28810930999278,11.765349975708558,8.226208517595332,15.304491433821784
low_2.875in,0.073025,0.1651,5Iron,20260824_121914,1,11.811000000000005,13.675152355412653,13.985149170661348,10.497011523204483,17.473286818118215,8.927520070994115,8.927520070994115,17.039319323322808
low_2.875in,0.073025,0.1651,5Iron,20260824_121914,2,13.066999999999979,13.060506223411618,13.285306152129554,12.192930549215184,14.377681755043925,8.505956112996763,7.4400704353338,9.571841790659727
low_2.875in,0.073025,0.1651,5Iron,20260824_121914,3,12.243999999999973,11.950544776460067,12.542237215080767,12.053716739324795,13.030757690836742,8.455808179058362,7.633130323081405,9.27848603503532
low_2.875in,0.073025,0.1651,5Iron,20260824_121914,4,14.141000000000004,12.491016193072,13.872408717106662,13.872408717106662,-1.822848463878319,9.104618260767932,9.104618260767932,-1.4979045591585904
low_2.875in,0.073025,0.1651,5Iron,20260824_121914,5,2.005999999999998,8.459453568131542,8.456192863612214,-0.6922051913528757,8.456192863612214,11.251539184372739,-2.324127002240025,11.251539184372739
low_2.875in,0.073025,0.1651,5Iron,20260824_121914,6,3.534999999999999,7.557253089663961,7.553258525900972,-5.0,7.553258525900972,9.531785923541868,-4.326588188373207,9.531785923541868
low_2.875in,0.073025,0.1651,5Iron,20260824_121914,7,10.851999999999991,12.46646963882898,13.063766118568449,10.86492144975546,15.262610787381435,10.476417140630405,7.049770128728068,13.903064152532743
low_2.875in,0.073025,0.1651,5Iron,20260824_121914,8,17.65999999999999,20.0139310847242,21.156434583982737,22.030667994154307,20.282201173811163,17.22283350512196,17.476079117954963,16.96958789228896
low_2.875in,0.073025,0.1651,5Iron,20260824_121914,9,13.530999999999992,10.911883722336697,11.332418658285121,13.718760536426364,8.946076780143876,10.129331234165269,10.129331234165269,-5.0
low_2.875in,0.073025,0.1651,5Iron,20260824_121914,10,10.684999999999974,10.768619335670461,11.214376389065954,10.085664667188661,12.343088110943246,8.39939110471989,7.223527404222638,9.575254805217138
low_2.875in,0.073025,0.1651,5Iron,20260824_121914,11,11.318000000000016,10.774948098521437,11.402567311908639,10.528419230127405,12.276715393689873,7.1137428499511355,4.532928554151488,9.694557145750784
low_2.875in,0.073025,0.1651,5Iron,20260824_121914,12,13.710999999999995,11.565643541175028,12.322890382217432,13.779722407425574,10.86605835700929,7.881460035732683,9.34319554868924,6.419724522776128
low_2.875in,0.073025,0.1651,5Iron,20260824_121914,13,14.118999999999998,13.835334648449095,14.69443188480166,13.500802246323381,15.888061523279937,10.933247749884373,8.166767243099939,13.69972825666881
low_2.875in,0.073025,0.1651,Driver,20260824_121914,15,11.080999999999968,9.814557261083731,23.73170941663312,12.420856364134444,23.73170941663312,20.569431266691304,9.212946107212264,20.569431266691304
low_2.875in,0.073025,0.1651,Driver,20260824_121914,16,11.159999999999961,10.64397338222597,25.582955244737843,11.272486016642558,25.582955244737843,22.848302271508988,8.62256498233788,22.848302271508988
low_2.875in,0.073025,0.1651,Driver,20260824_121914,17,10.941999999999961,27.68959175208109,27.68759473217523,11.343536358819817,27.68759473217523,25.40914324925907,7.956044301279937,25.40914324925907
low_2.875in,0.073025,0.1651,Driver,20260824_121914,18,15.639,18.154961218540173,25.19276494880149,13.782594457572154,25.19276494880149,22.45172094145492,10.30492138947099,22.45172094145492
low_2.875in,0.073025,0.1651,Driver,20260824_121914,19,12.836999999999996,14.07149838657311,14.904467703954397,15.335816066193548,14.473119341715247,10.681227024912822,11.348582738567098,10.013871311258548
low_2.875in,0.073025,0.1651,Driver,20260824_121914,20,11.88999999999998,25.445368957950045,25.44275682243672,13.676227780349292,25.44275682243672,22.485103407120736,9.343264928715188,22.485103407120736
low_2.875in,0.073025,0.1651,Driver,20260824_121914,21,2.788000000000009,2.8790465546918456,2.8776669172892957,-5.0,2.8776669172892957,3.2846734133215487,-5.0,3.2846734133215487
low_2.875in,0.073025,0.1651,Driver,20260824_121914,22,8.688000000000006,28.731197909753057,30.346590288938135,17.051496754673884,30.346590288938135,27.851604664100446,12.749560021271408,27.851604664100446
low_2.875in,0.073025,0.1651,Driver,20260824_121914,23,6.836999999999965,25.513234311565782,25.50979928126428,11.360475814933855,25.50979928126428,23.08067257693547,8.093148847507708,23.08067257693547
high_5.25in,0.133350,0.1651,Driver,20260824_121914,24,9.506999999999971,11.681477597053663,11.82085477575668,9.218768133421865,14.422941418091497,10.859711197218694,8.081688320528144,13.637734073909245
high_5.25in,0.133350,0.1651,Driver,20260824_121914,25,13.555999999999989,12.416777880969203,12.996405031987727,14.013125065644594,11.97968499833086,11.744955643089362,12.725535494122573,10.764375792056152
high_5.25in,0.133350,0.1651,Driver,20260824_121914,26,3.609999999999994,11.798206383662665,11.793369526928334,-5.0,11.793369526928334,11.716115654683984,-5.0,11.716115654683984
high_5.25in,0.133350,0.1651,Driver,20260824_121914,27,4.880000000000008,8.96204351707525,7.0401600272868965,5.1241503237523025,8.95616973082149,8.315590323127347,-5.0,8.315590323127347
high_5.25in,0.133350,0.1651,Driver,20260824_121914,28,15.597999999999992,14.193544965996091,16.30240598646135,17.89239044340217,14.712421529520526,15.115940718249409,16.091045899345577,14.14083553715324
high_5.25in,0.133350,0.1651,Driver,20260824_121914,29,15.775999999999962,18.23495034641823,16.063025560228553,13.893402085536724,18.232649034920378,17.721474201284472,4.20200319107867,17.721474201284472
high_5.25in,0.133350,0.1651,Driver,20260824_121914,30,12.73999999999998,12.174589907074715,24.868940527733372,11.03086024831177,24.868940527733372,23.681559442514075,10.2799468165906,23.681559442514075
high_5.25in,0.133350,0.1651,Driver,20260824_121914,31,16.595,17.103814263394348,23.324364310620915,6.501815727932913,23.324364310620915,22.430943989686206,5.816771069672259,22.430943989686206
high_5.25in,0.133350,0.1651,Driver,20260824_121914,32,11.795999999999983,7.191408795449481,7.679235435645284,9.880934068796766,5.477536802493802,5.756453527716641,8.359706300498273,3.1532007549350087
high_5.25in,0.133350,0.1651,Driver,20260824_121914,33,12.783999999999999,13.228699310753601,23.725806276364093,12.278954321713778,23.725806276364093,22.391895188023074,11.069343560563155,22.391895188023074
high_5.25in,0.133350,0.1651,Driver,20260824_121914,34,16.462999999999987,18.268489974835674,19.234302345467547,21.359665625886482,17.108939065048617,16.555634841722707,19.951641906523328,13.15962777692209
high_5.25in,0.133350,0.1651,Driver,20260824_121914,35,0.765999999999999,5.928531653388377,24.339566818618646,10.584245208950072,24.339566818618646,22.920387210191294,9.313928418338874,22.920387210191294
high_5.25in,0.133350,0.1651,Driver,20260824_121914,36,9.414999999999983,7.97155464545723,23.067441075082634,13.752172496992243,23.067441075082634,22.073297654958317,12.817110948608063,22.073297654958317
high_5.25in,0.133350,0.1651,Driver,20260824_121914,37,13.74799999999998,14.071101046289105,15.017902998801704,16.42869277728865,13.607113220314758,13.782153044331722,14.454281482608021,13.110024606055422
high_5.25in,0.133350,0.1651,Driver,20260824_121914,38,14.638999999999966,14.96551827902912,23.388865232718242,12.271447317660993,23.388865232718242,22.233070327838448,10.982194197596456,22.233070327838448
high_5.25in,0.133350,0.1651,Driver,20260824_121914,39,11.029000000000005,11.563688418481096,12.10565960827999,9.806533366085695,14.404785850474285,11.021178587883888,8.173904784941294,13.86845239082648
high_5.25in,0.133350,0.1651,Driver,20260824_121914,40,10.312000000000001,14.379647798277167,21.3832180681431,11.151771736447165,21.3832180681431,20.09342680785777,9.802218869544147,20.09342680785777
