height_block,physical_height_m,club,of_session_id,of_shot_number,tm_launch_angle_deg,live_launch_angle_deg,physical_fused_deg,status,two8_deg,four4_path_tdm_deg,component_std_deg,n_frames,n_snapshots,model_mean_deg,oracle_model_deg
low_2.875in,0.073025,9Iron,20260824_111222,12,20.59999999999998,19.16947302902478,15.682117770415987,accepted,19.603254889335442,11.760980651496531,3.9211371189194555,8,26,15.682117770415987,19.603254889335442
low_2.875in,0.073025,9Iron,20260824_111222,13,20.493999999999986,18.51491749080421,15.373317847980356,accepted,17.413903153940698,13.332732542020016,2.0405853059603407,8,28,15.373317847980356,17.413903153940698
low_2.875in,0.073025,9Iron,20260824_111222,14,10.839000000000008,11.797917506420255,10.167870710628696,accepted,6.499988172839818,13.835753248417575,3.6678825377888784,10,34,10.167870710628696,13.835753248417575
low_2.875in,0.073025,9Iron,20260824_111222,15,23.566999999999982,22.87144284795398,20.82469359908716,accepted,22.630616723777095,19.018770474397222,1.8059231246899365,8,25,20.82469359908716,22.630616723777095
low_2.875in,0.073025,9Iron,20260824_111222,16,17.37199999999999,17.00075164428125,14.560645193637233,accepted,14.286361573352314,14.834928813922152,0.27428362028491904,10,35,14.560645193637233,14.834928813922152
low_2.875in,0.073025,9Iron,20260824_111222,17,23.767,24.46306788939069,22.200132999438374,accepted,24.150127361027646,20.2501386378491,1.9499943615892725,11,35,22.200132999438374,24.150127361027646
low_2.875in,0.073025,9Iron,20260824_111222,18,20.540999999999997,19.733444686196748,17.592385391959944,accepted,20.17940283095814,15.00536795296175,2.5870174389981946,10,35,17.592385391959944,20.17940283095814
low_2.875in,0.073025,9Iron,20260824_111222,19,22.767,22.83031138760412,20.134085712937917,accepted,23.35434457578394,16.913826850091898,3.2202588628460216,10,29,20.134085712937917,23.35434457578394
low_2.875in,0.073025,9Iron,20260824_111222,20,23.742999999999988,23.46594166047511,21.0197624834669,accepted,24.234221255774134,17.80530371115966,3.2144587723072373,10,33,21.0197624834669,24.234221255774134
low_2.875in,0.073025,9Iron,20260824_111222,21,19.701999999999995,20.382366673127116,17.985576162533548,accepted,19.876855503859996,16.094296821207095,1.8912793413264506,9,30,17.985576162533548,19.876855503859996
low_2.875in,0.073025,9Iron,20260824_111222,22,23.390999999999988,22.922638874623004,19.901766194796807,accepted,23.816986695320736,15.986545694272875,3.9152205005239304,9,32,19.901766194796807,23.816986695320736
low_2.875in,0.073025,9Iron,20260824_111222,23,23.193000000000005,22.969703070776138,19.983449942384947,accepted,22.78951305237877,17.177386832391125,2.806063109993822,8,26,19.983449942384947,22.78951305237877
low_2.875in,0.073025,9Iron,20260824_111222,24,22.739999999999995,22.76552687603848,20.81026487248754,accepted,22.597464356037346,19.023065388937734,1.7871994835498057,10,36,20.81026487248754,22.597464356037346
low_2.875in,0.073025,9Iron,20260824_111222,25,18.903999999999975,16.305924207513325,12.57447384111682,accepted,13.455838470013399,11.69310921222024,0.8813646288965797,8,30,12.57447384111682,13.455838470013399
high_5.25in,0.13335,9Iron,20260824_120337,1,22.89699999999999,22.565027065140885,22.427765396069724,accepted,24.73822039668303,20.11731039545642,2.310455000613304,10,32,22.427765396069724,24.73822039668303
high_5.25in,0.13335,9Iron,20260824_120337,2,23.125999999999994,23.820893863906043,24.192218590689173,accepted,25.555732229779434,22.82870495159891,1.3635136390902627,11,38,24.192218590689173,22.82870495159891
high_5.25in,0.13335,9Iron,20260824_120337,3,21.408000000000012,16.385239276117318,20.440500577113134,accepted,20.440500577113134,12.107090655629621,4.166704960741757,9,28,16.273795616371377,20.440500577113134
high_5.25in,0.13335,9Iron,20260824_120337,4,20.792000000000005,21.258395736664447,21.260986111045547,accepted,23.874010081149777,18.64796214094132,2.613023970104228,10,33,21.260986111045547,18.64796214094132
high_5.25in,0.13335,9Iron,20260824_120337,5,15.137000000000002,11.867875295142824,11.113940092095117,accepted,8.635910357612701,13.591969826577532,2.4780297344824156,8,29,11.113940092095117,13.591969826577532
high_5.25in,0.13335,9Iron,20260824_120337,6,21.271999999999995,20.07539501411962,20.43710180080921,accepted,22.75094763169505,18.12325596992337,2.313845830885839,9,32,20.43710180080921,22.75094763169505
high_5.25in,0.13335,9Iron,20260824_120337,7,22.065000000000005,21.620425209746134,22.057793140076683,accepted,23.6826912633255,20.432895016827867,1.6248981232488156,10,35,22.057793140076683,23.6826912633255
high_5.25in,0.13335,9Iron,20260824_120337,8,21.045,19.374505208059716,19.78869208420721,accepted,20.47483493691761,19.10254923149681,0.6861428527104003,7,27,19.78869208420721,20.47483493691761
high_5.25in,0.13335,9Iron,20260824_120337,9,23.75,24.1588201847793,24.289283389593944,accepted,27.128888920870086,21.449677858317802,2.839605531276142,8,28,24.289283389593944,21.449677858317802
high_5.25in,0.13335,9Iron,20260824_120337,10,20.669999999999998,18.757050158245356,18.930887542408826,accepted,21.027193948962786,16.834581135854865,2.0963064065539605,9,28,18.930887542408826,21.027193948962786
high_5.25in,0.13335,9Iron,20260824_120337,11,24.896999999999984,23.80115831440805,24.107320618908894,accepted,26.103473495128032,22.111167742689755,1.9961528762191385,8,24,24.107320618908894,26.103473495128032
high_5.25in,0.13335,9Iron,20260824_120337,12,18.14899999999999,18.475250429202408,18.314354373351158,accepted,-0.39204035977696644,18.314354373351158,9.353197366564062,9,32,8.961157006787095,18.314354373351158
high_5.25in,0.13335,9Iron,20260824_120337,13,21.017999999999997,18.114223350938726,18.130371244505085,accepted,19.518313635592364,16.742428853417806,1.3879423910872788,8,29,18.130371244505085,19.518313635592364
high_5.25in,0.13335,9Iron,20260824_120337,14,22.69499999999999,21.573925285802993,21.456140748181205,accepted,24.992353225287196,17.919928271075214,3.536212477105991,7,25,21.456140748181205,24.992353225287196
high_5.25in,0.13335,9Iron,20260824_120337,15,21.487999999999992,21.019906569956444,21.383353706456013,accepted,23.06457848661266,19.70212892629937,1.6812247801566453,8,28,21.383353706456013,23.06457848661266
high_5.25in,0.13335,9Iron,20260824_120337,16,22.95899999999999,23.523212403923356,23.900623926786267,accepted,25.2951058357935,22.50614201777903,1.3944819090072347,10,30,23.900623926786267,22.50614201777903
high_5.25in,0.13335,5Iron,20260824_120337,17,12.645999999999962,11.139704252265918,10.56619394571222,accepted,9.211061394672083,11.921326496752357,1.3551325510401373,8,27,10.56619394571222,11.921326496752357
high_5.25in,0.13335,5Iron,20260824_120337,18,12.951000000000041,10.764124690389668,9.788302631679962,accepted,8.099869263756663,11.476735999603259,1.688433367923298,7,26,9.788302631679962,11.476735999603259
high_5.25in,0.13335,5Iron,20260824_120337,19,14.73399999999999,13.415130392861077,12.69347502462795,accepted,9.83479016615707,15.552159883098833,2.8586848584708813,5,20,12.69347502462795,15.552159883098833
high_5.25in,0.13335,5Iron,20260824_120337,20,13.445999999999975,6.6399755143369,6.048351672531574,accepted,8.953409179272839,3.143294165790309,2.9050575067412647,7,28,6.048351672531574,8.953409179272839
high_5.25in,0.13335,5Iron,20260824_120337,21,14.641999999999975,14.882160922470895,14.354883415714998,accepted,13.463000703191952,15.246766128238043,0.8918827125230457,7,26,14.354883415714998,15.246766128238043
high_5.25in,0.13335,5Iron,20260824_120337,22,15.292999999999994,9.864332062261926,7.938392647744747,accepted,9.625670623941758,6.251114671547735,1.6872779761970116,6,22,7.938392647744747,9.625670623941758
high_5.25in,0.13335,5Iron,20260824_120337,23,12.148999999999976,12.853624806075109,11.29675028332239,accepted,9.359890226716338,13.233610339928443,1.9368600566060525,9,24,11.29675028332239,13.233610339928443
high_5.25in,0.13335,5Iron,20260824_120337,24,13.886999999999997,13.067759843764819,12.504924808851001,accepted,11.125239038576547,13.884610579125454,1.3796857702744534,10,33,12.504924808851001,13.884610579125454
high_5.25in,0.13335,5Iron,20260824_120337,25,0.669999999999999,-1.6404306934527977,-1.5791935951516796,accepted,-1.5264259674866103,-1.6319612228167486,0.05276762766506915,12,43,-1.5791935951516796,-1.5264259674866103
high_5.25in,0.13335,5Iron,20260824_120337,26,16.00899999999998,15.269371864031381,15.14903392598155,accepted,12.148079019088833,18.149988832874268,3.0009549068927175,5,18,15.14903392598155,18.149988832874268
high_5.25in,0.13335,5Iron,20260824_120337,27,12.701999999999998,9.069779514363066,7.784942453649338,accepted,8.142249554173048,7.427635353125628,0.3573071005237103,6,22,7.784942453649338,8.142249554173048
high_5.25in,0.13335,5Iron,20260824_120337,28,12.355000000000029,8.835886758394377,8.157615891609971,accepted,7.996848544699007,8.318383238520935,0.16076734691096428,8,26,8.157615891609971,8.318383238520935
high_5.25in,0.13335,5Iron,20260824_120337,29,13.308999999999976,9.443341500574721,8.716835450598285,accepted,5.848653428221247,11.585017472975325,2.868182022377039,6,21,8.716835450598285,11.585017472975325
high_5.25in,0.13335,5Iron,20260824_120337,30,15.307999999999982,18.45672965738972,18.23042479199584,accepted,6.618626935322163,18.23042479199584,5.8058989283368385,7,24,12.424525863659001,18.23042479199584
high_5.25in,0.13335,5Iron,20260824_120337,31,14.625999999999978,12.831183888015305,11.765349975708558,accepted,8.226208517595332,15.304491433821784,3.5391414581132263,7,25,11.765349975708558,15.304491433821784
low_2.875in,0.073025,5Iron,20260824_121914,1,11.811000000000005,13.675152355412653,8.927520070994115,accepted,8.927520070994115,17.039319323322808,4.055899626164346,9,29,12.98341969715846,8.927520070994115
low_2.875in,0.073025,5Iron,20260824_121914,2,13.066999999999979,13.060506223411618,8.505956112996763,accepted,7.4400704353338,9.571841790659727,1.0658856776629637,6,24,8.505956112996763,9.571841790659727
low_2.875in,0.073025,5Iron,20260824_121914,3,12.243999999999973,11.950544776460067,8.455808179058362,accepted,7.633130323081405,9.27848603503532,0.8226778559769574,9,31,8.455808179058362,9.27848603503532
low_2.875in,0.073025,5Iron,20260824_121914,4,14.141000000000004,12.491016193072,9.104618260767932,accepted,9.104618260767932,-1.4979045591585904,5.301261409963261,5,17,3.8033568508046707,9.104618260767932
low_2.875in,0.073025,5Iron,20260824_121914,5,2.005999999999998,8.459453568131542,11.251539184372739,accepted,-2.324127002240025,11.251539184372739,6.787833093306381,6,23,4.463706091066356,-2.324127002240025
low_2.875in,0.073025,5Iron,20260824_121914,6,3.534999999999999,7.557253089663961,9.531785923541868,accepted,-4.326588188373207,9.531785923541868,6.929187055957538,9,36,2.6025988675843306,9.531785923541868
low_2.875in,0.073025,5Iron,20260824_121914,7,10.851999999999991,12.46646963882898,10.476417140630405,accepted,7.049770128728068,13.903064152532743,3.4266470119023373,8,28,10.476417140630405,13.903064152532743
low_2.875in,0.073025,5Iron,20260824_121914,8,17.65999999999999,20.0139310847242,17.22283350512196,accepted,17.476079117954963,16.96958789228896,0.25324561283300184,8,27,17.22283350512196,17.476079117954963
low_2.875in,0.073025,5Iron,20260824_121914,9,13.530999999999992,10.911883722336697,10.129331234165269,accepted,10.129331234165269,-5.0,0.0,8,28,2.5646656170826345,10.129331234165269
low_2.875in,0.073025,5Iron,20260824_121914,10,10.684999999999974,10.768619335670461,8.39939110471989,accepted,7.223527404222638,9.575254805217138,1.17586370049725,9,36,8.39939110471989,9.575254805217138
low_2.875in,0.073025,5Iron,20260824_121914,11,11.318000000000016,10.774948098521437,7.1137428499511355,accepted,4.532928554151488,9.694557145750784,2.5808142957996476,8,29,7.1137428499511355,9.694557145750784
low_2.875in,0.073025,5Iron,20260824_121914,12,13.710999999999995,11.565643541175028,7.881460035732683,accepted,9.34319554868924,6.419724522776128,1.461735512956556,8,29,7.881460035732683,9.34319554868924
low_2.875in,0.073025,5Iron,20260824_121914,13,14.118999999999998,13.835334648449095,10.933247749884373,accepted,8.166767243099939,13.69972825666881,2.7664805067844354,6,23,10.933247749884373,13.69972825666881
low_2.875in,0.073025,Driver,20260824_121914,15,11.080999999999968,9.814557261083731,20.569431266691304,accepted,9.212946107212264,20.569431266691304,5.6782425797395195,11,44,14.891188686951784,9.212946107212264
low_2.875in,0.073025,Driver,20260824_121914,16,11.159999999999961,10.64397338222597,22.848302271508988,accepted,8.62256498233788,22.848302271508988,7.1128686445855545,10,40,15.735433626923435,8.62256498233788
low_2.875in,0.073025,Driver,20260824_121914,17,10.941999999999961,27.68959175208109,25.40914324925907,accepted,7.956044301279937,25.40914324925907,8.726549473989566,12,44,16.682593775269503,7.956044301279937
low_2.875in,0.073025,Driver,20260824_121914,18,15.639,18.154961218540173,22.45172094145492,accepted,10.30492138947099,22.45172094145492,6.073399775991964,12,48,16.378321165462957,10.30492138947099
low_2.875in,0.073025,Driver,20260824_121914,19,12.836999999999996,14.07149838657311,10.681227024912822,accepted,11.348582738567098,10.013871311258548,0.6673557136542749,7,25,10.681227024912822,11.348582738567098
low_2.875in,0.073025,Driver,20260824_121914,20,11.88999999999998,25.445368957950045,22.485103407120736,accepted,9.343264928715188,22.485103407120736,6.570919239202774,11,43,15.914184167917963,9.343264928715188
low_2.875in,0.073025,Driver,20260824_121914,21,2.788000000000009,2.8790465546918456,3.2846734133215487,accepted,-5.0,3.2846734133215487,0.0,8,28,-0.8576632933392256,3.2846734133215487
low_2.875in,0.073025,Driver,20260824_121914,22,8.688000000000006,28.731197909753057,27.851604664100446,accepted,12.749560021271408,27.851604664100446,7.551022321414519,12,42,20.300582342685928,12.749560021271408
low_2.875in,0.073025,Driver,20260824_121914,23,6.836999999999965,25.513234311565782,23.08067257693547,accepted,8.093148847507708,23.08067257693547,7.493761864713881,12,48,15.586910712221588,8.093148847507708
high_5.25in,0.13335,Driver,20260824_121914,24,9.506999999999971,11.681477597053663,10.859711197218694,accepted,8.081688320528144,13.637734073909245,2.7780228766905504,7,24,10.859711197218694,8.081688320528144
high_5.25in,0.13335,Driver,20260824_121914,25,13.555999999999989,12.416777880969203,11.744955643089362,accepted,12.725535494122573,10.764375792056152,0.9805798510332107,7,22,11.744955643089362,12.725535494122573
high_5.25in,0.13335,Driver,20260824_121914,26,3.609999999999994,11.798206383662665,11.716115654683984,accepted,-5.0,11.716115654683984,0.0,12,38,3.358057827341992,11.716115654683984
high_5.25in,0.13335,Driver,20260824_121914,27,4.880000000000008,8.96204351707525,8.315590323127347,accepted,-5.0,8.315590323127347,0.0,12,42,1.6577951615636737,8.315590323127347
high_5.25in,0.13335,Driver,20260824_121914,28,15.597999999999992,14.193544965996091,15.115940718249409,accepted,16.091045899345577,14.14083553715324,0.9751051810961684,8,26,15.115940718249409,16.091045899345577
high_5.25in,0.13335,Driver,20260824_121914,29,15.775999999999962,18.23495034641823,17.721474201284472,accepted,4.20200319107867,17.721474201284472,6.759735505102901,6,22,10.961738696181571,17.721474201284472
high_5.25in,0.13335,Driver,20260824_121914,30,12.73999999999998,12.174589907074715,23.681559442514075,accepted,10.2799468165906,23.681559442514075,6.7008063129617375,11,43,16.980753129552337,10.2799468165906
high_5.25in,0.13335,Driver,20260824_121914,31,16.595,17.103814263394348,22.430943989686206,accepted,5.816771069672259,22.430943989686206,8.307086460006973,11,44,14.123857529679233,22.430943989686206
high_5.25in,0.13335,Driver,20260824_121914,32,11.795999999999983,7.191408795449481,5.756453527716641,accepted,8.359706300498273,3.1532007549350087,2.603252772781632,6,23,5.756453527716641,8.359706300498273
high_5.25in,0.13335,Driver,20260824_121914,33,12.783999999999999,13.228699310753601,22.391895188023074,accepted,11.069343560563155,22.391895188023074,5.66127581372996,11,44,16.730619374293113,11.069343560563155
high_5.25in,0.13335,Driver,20260824_121914,34,16.462999999999987,18.268489974835674,16.555634841722707,accepted,19.951641906523328,13.15962777692209,3.396007064800619,6,23,16.555634841722707,13.15962777692209
high_5.25in,0.13335,Driver,20260824_121914,35,0.765999999999999,5.928531653388377,22.920387210191294,accepted,9.313928418338874,22.920387210191294,6.80322939592621,10,37,16.117157814265084,9.313928418338874
high_5.25in,0.13335,Driver,20260824_121914,36,9.414999999999983,7.97155464545723,22.073297654958317,accepted,12.817110948608063,22.073297654958317,4.628093353175127,11,44,17.44520430178319,12.817110948608063
high_5.25in,0.13335,Driver,20260824_121914,37,13.74799999999998,14.071101046289105,13.782153044331722,accepted,14.454281482608021,13.110024606055422,0.6721284382762995,7,25,13.782153044331722,13.110024606055422
high_5.25in,0.13335,Driver,20260824_121914,38,14.638999999999966,14.96551827902912,22.233070327838448,accepted,10.982194197596456,22.233070327838448,5.625438065120996,11,41,16.607632262717452,10.982194197596456
high_5.25in,0.13335,Driver,20260824_121914,39,11.029000000000005,11.563688418481096,11.021178587883888,accepted,8.173904784941294,13.86845239082648,2.847273802942593,6,23,11.021178587883888,13.86845239082648
high_5.25in,0.13335,Driver,20260824_121914,40,10.312000000000001,14.379647798277167,20.09342680785777,accepted,9.802218869544147,20.09342680785777,5.145603969156812,11,41,14.947822838700958,9.802218869544147
