club,height_block,of_session_id,of_shot_number,model,angle_deg,tm_launch_deg,error_deg
9Iron,low_2.875in,20260824_111222,12,free,21.850500467878316,20.59999999999998,1.2505004678783358
9Iron,low_2.875in,20260824_111222,12,tee,16.457878884932942,20.59999999999998,-4.142121115067038
9Iron,low_2.875in,20260824_111222,12,two_ray,12.989294415627421,20.59999999999998,-7.610705584372559
9Iron,low_2.875in,20260824_111222,13,free,20.26064547023224,20.493999999999986,-0.23335452976774462
9Iron,low_2.875in,20260824_111222,13,tee,15.240232461602124,20.493999999999986,-5.253767538397861
9Iron,low_2.875in,20260824_111222,13,two_ray,11.464151269911916,20.493999999999986,-9.02984873008807
9Iron,low_2.875in,20260824_111222,14,free,17.54290643591606,10.839000000000008,6.703906435916052
9Iron,low_2.875in,20260824_111222,14,tee,7.36864796287488,10.839000000000008,-3.470352037125127
9Iron,low_2.875in,20260824_111222,14,two_ray,2.300332935025815,10.839000000000008,-8.538667064974192
9Iron,low_2.875in,20260824_111222,15,free,26.860556225328704,23.566999999999982,3.2935562253287216
9Iron,low_2.875in,20260824_111222,15,tee,18.990470622881787,23.566999999999982,-4.576529377118195
9Iron,low_2.875in,20260824_111222,15,two_ray,13.390178808481696,23.566999999999982,-10.176821191518286
9Iron,low_2.875in,20260824_111222,16,free,12.977891217444071,17.37199999999999,-4.394108782555918
9Iron,low_2.875in,20260824_111222,16,tee,13.923638869778106,17.37199999999999,-3.4483611302218833
9Iron,low_2.875in,20260824_111222,16,two_ray,10.38512587200712,17.37199999999999,-6.98687412799287
9Iron,low_2.875in,20260824_111222,17,free,25.332533636072775,23.767,1.5655336360727752
9Iron,low_2.875in,20260824_111222,17,tee,20.72147979439788,23.767,-3.04552020560212
9Iron,low_2.875in,20260824_111222,17,two_ray,15.265769947183246,23.767,-8.501230052816753
9Iron,low_2.875in,20260824_111222,18,free,21.119892344293834,20.540999999999997,0.5788923442938376
9Iron,low_2.875in,20260824_111222,18,tee,17.788761404172448,20.540999999999997,-2.7522385958275493
9Iron,low_2.875in,20260824_111222,18,two_ray,12.43419499203198,20.540999999999997,-8.106805007968017
9Iron,low_2.875in,20260824_111222,19,free,21.250477888127055,22.767,-1.5165221118729448
9Iron,low_2.875in,20260824_111222,19,tee,20.9644836597904,22.767,-1.8025163402095998
9Iron,low_2.875in,20260824_111222,19,two_ray,14.059276547618396,22.767,-8.707723452381604
9Iron,low_2.875in,20260824_111222,20,free,26.503116024465758,23.742999999999988,2.76011602446577
9Iron,low_2.875in,20260824_111222,20,tee,21.422431812871555,23.742999999999988,-2.3205681871284334
9Iron,low_2.875in,20260824_111222,20,two_ray,15.785194882989975,23.742999999999988,-7.957805117010013
9Iron,low_2.875in,20260824_111222,21,free,21.062806595696113,19.701999999999995,1.3608065956961184
9Iron,low_2.875in,20260824_111222,21,tee,17.08491914250917,19.701999999999995,-2.617080857490823
9Iron,low_2.875in,20260824_111222,21,two_ray,13.333562678886722,19.701999999999995,-6.368437321113273
9Iron,low_2.875in,20260824_111222,22,free,25.245072175131504,23.390999999999988,1.8540721751315168
9Iron,low_2.875in,20260824_111222,22,tee,21.388692621829897,23.390999999999988,-2.002307378170091
9Iron,low_2.875in,20260824_111222,22,two_ray,17.421313471469304,23.390999999999988,-5.9696865285306835
9Iron,low_2.875in,20260824_111222,23,free,24.577034793679022,23.193000000000005,1.3840347936790174
9Iron,low_2.875in,20260824_111222,23,tee,18.35025181494484,23.193000000000005,-4.842748185055164
9Iron,low_2.875in,20260824_111222,23,two_ray,13.763573325657946,23.193000000000005,-9.429426674342059
9Iron,low_2.875in,20260824_111222,24,free,23.11734900665771,22.739999999999995,0.37734900665771676
9Iron,low_2.875in,20260824_111222,24,tee,20.37223706082531,22.739999999999995,-2.3677629391746855
9Iron,low_2.875in,20260824_111222,24,two_ray,15.630980996358547,22.739999999999995,-7.109019003641448
9Iron,low_2.875in,20260824_111222,25,free,25.377104822283812,18.903999999999975,6.473104822283837
9Iron,low_2.875in,20260824_111222,25,tee,13.188102791830962,18.903999999999975,-5.715897208169013
9Iron,low_2.875in,20260824_111222,25,two_ray,9.829507962768549,18.903999999999975,-9.074492037231426
9Iron,high_5.25in,20260824_120337,1,free,26.47574583040947,22.89699999999999,3.5787458304094777
9Iron,high_5.25in,20260824_120337,1,tee,22.633324489247006,22.89699999999999,-0.2636755107529858
9Iron,high_5.25in,20260824_120337,1,two_ray,12.796495207418216,22.89699999999999,-10.100504792581775
9Iron,high_5.25in,20260824_120337,2,free,34.36860379469018,23.125999999999994,11.242603794690186
9Iron,high_5.25in,20260824_120337,2,tee,20.337730493797608,23.125999999999994,-2.7882695062023863
9Iron,high_5.25in,20260824_120337,2,two_ray,11.519480840718138,23.125999999999994,-11.606519159281856
9Iron,high_5.25in,20260824_120337,3,free,29.460861857000435,21.408000000000012,8.052861857000423
9Iron,high_5.25in,20260824_120337,3,tee,15.893391516252045,21.408000000000012,-5.514608483747967
9Iron,high_5.25in,20260824_120337,3,two_ray,10.03147125970323,21.408000000000012,-11.376528740296783
9Iron,high_5.25in,20260824_120337,4,free,21.97360001959265,20.792000000000005,1.1816000195926435
9Iron,high_5.25in,20260824_120337,4,tee,20.79677627507377,20.792000000000005,0.004776275073766101
9Iron,high_5.25in,20260824_120337,4,two_ray,12.060838966122338,20.792000000000005,-8.731161033877667
9Iron,high_5.25in,20260824_120337,5,free,7.272792164437171,15.137000000000002,-7.864207835562831
9Iron,high_5.25in,20260824_120337,5,tee,10.844671415822097,15.137000000000002,-4.2923285841779055
9Iron,high_5.25in,20260824_120337,5,two_ray,6.555647991360324,15.137000000000002,-8.581352008639678
9Iron,high_5.25in,20260824_120337,6,free,25.448318044410406,21.271999999999995,4.1763180444104115
9Iron,high_5.25in,20260824_120337,6,tee,18.94388507173474,21.271999999999995,-2.3281149282652542
9Iron,high_5.25in,20260824_120337,6,two_ray,10.048579644128235,21.271999999999995,-11.22342035587176
9Iron,high_5.25in,20260824_120337,7,free,27.91115511234212,22.065000000000005,5.846155112342114
9Iron,high_5.25in,20260824_120337,7,tee,19.48946378633474,22.065000000000005,-2.5755362136652664
9Iron,high_5.25in,20260824_120337,7,two_ray,8.87638883978842,22.065000000000005,-13.188611160211584
9Iron,high_5.25in,20260824_120337,8,free,29.713448145310984,21.045,8.668448145310983
9Iron,high_5.25in,20260824_120337,8,tee,19.122949044022693,21.045,-1.9220509559773085
9Iron,high_5.25in,20260824_120337,8,two_ray,9.743882145841757,21.045,-11.301117854158244
9Iron,high_5.25in,20260824_120337,9,free,24.204788303476192,23.75,0.45478830347619237
9Iron,high_5.25in,20260824_120337,9,tee,22.983157469849125,23.75,-0.7668425301508748
9Iron,high_5.25in,20260824_120337,9,two_ray,16.86118916940978,23.75,-6.88881083059022
9Iron,high_5.25in,20260824_120337,10,free,17.650485506635576,20.669999999999998,-3.0195144933644222
9Iron,high_5.25in,20260824_120337,10,tee,19.281169153785136,20.669999999999998,-1.3888308462148622
9Iron,high_5.25in,20260824_120337,10,two_ray,7.92995222017165,20.669999999999998,-12.740047779828348
9Iron,high_5.25in,20260824_120337,11,free,30.96268610390232,24.896999999999984,6.065686103902337
9Iron,high_5.25in,20260824_120337,11,tee,17.94372294576882,24.896999999999984,-6.953277054231165
9Iron,high_5.25in,20260824_120337,11,two_ray,6.860898581427005,24.896999999999984,-18.03610141857298
9Iron,high_5.25in,20260824_120337,12,free,4.229281860640182,18.14899999999999,-13.919718139359809
9Iron,high_5.25in,20260824_120337,12,tee,11.640831618906413,18.14899999999999,-6.5081683810935775
9Iron,high_5.25in,20260824_120337,12,two_ray,1.4173171569788967,18.14899999999999,-16.731682843021094
9Iron,high_5.25in,20260824_120337,13,free,25.877825465558246,21.017999999999997,4.859825465558249
9Iron,high_5.25in,20260824_120337,13,tee,17.892119878500264,21.017999999999997,-3.1258801214997334
9Iron,high_5.25in,20260824_120337,13,two_ray,10.811749171866861,21.017999999999997,-10.206250828133136
9Iron,high_5.25in,20260824_120337,14,free,27.142900715506286,22.69499999999999,4.447900715506297
9Iron,high_5.25in,20260824_120337,14,tee,18.487048100062143,22.69499999999999,-4.2079518999378465
9Iron,high_5.25in,20260824_120337,14,two_ray,7.878746404025415,22.69499999999999,-14.816253595974574
9Iron,high_5.25in,20260824_120337,15,free,25.008184914491345,21.487999999999992,3.5201849144913524
9Iron,high_5.25in,20260824_120337,15,tee,19.93169362874696,21.487999999999992,-1.556306371253033
9Iron,high_5.25in,20260824_120337,15,two_ray,8.716566299181894,21.487999999999992,-12.771433700818099
9Iron,high_5.25in,20260824_120337,16,free,16.652222679459598,22.95899999999999,-6.306777320540391
9Iron,high_5.25in,20260824_120337,16,tee,22.85857485148872,22.95899999999999,-0.10042514851127038
9Iron,high_5.25in,20260824_120337,16,two_ray,17.465498642759535,22.95899999999999,-5.493501357240454
5Iron,high_5.25in,20260824_120337,17,free,-6.7357611703276286,12.645999999999962,-19.38176117032759
5Iron,high_5.25in,20260824_120337,17,tee,11.7882132597951,12.645999999999962,-0.8577867402048618
5Iron,high_5.25in,20260824_120337,17,two_ray,6.649997599578108,12.645999999999962,-5.996002400421854
5Iron,high_5.25in,20260824_120337,18,free,14.018899198669235,12.951000000000041,1.0678991986691937
5Iron,high_5.25in,20260824_120337,18,tee,10.314464736057598,12.951000000000041,-2.6365352639424433
5Iron,high_5.25in,20260824_120337,18,two_ray,5.928972079387414,12.951000000000041,-7.0220279206126275
5Iron,high_5.25in,20260824_120337,19,free,7.902716464286212,14.73399999999999,-6.831283535713777
5Iron,high_5.25in,20260824_120337,19,tee,11.134423736339906,14.73399999999999,-3.599576263660083
5Iron,high_5.25in,20260824_120337,19,two_ray,8.844232233963194,14.73399999999999,-5.889767766036796
5Iron,high_5.25in,20260824_120337,20,free,11.170260405272053,13.445999999999975,-2.2757395947279218
5Iron,high_5.25in,20260824_120337,20,tee,10.621173630992892,13.445999999999975,-2.8248263690070825
5Iron,high_5.25in,20260824_120337,20,two_ray,7.008992267997002,13.445999999999975,-6.437007732002973
5Iron,high_5.25in,20260824_120337,21,free,5.902155608557039,14.641999999999975,-8.739844391442936
5Iron,high_5.25in,20260824_120337,21,tee,12.49549022309168,14.641999999999975,-2.146509776908294
5Iron,high_5.25in,20260824_120337,21,two_ray,8.226893141544396,14.641999999999975,-6.415106858455578
5Iron,high_5.25in,20260824_120337,22,free,12.47310774896805,15.292999999999994,-2.819892251031943
5Iron,high_5.25in,20260824_120337,22,tee,11.441409171491083,15.292999999999994,-3.851590828508911
5Iron,high_5.25in,20260824_120337,22,two_ray,5.55862485813418,15.292999999999994,-9.734375141865815
5Iron,high_5.25in,20260824_120337,23,free,10.940977015182884,12.148999999999976,-1.2080229848170916
5Iron,high_5.25in,20260824_120337,23,tee,10.121979718859599,12.148999999999976,-2.027020281140377
5Iron,high_5.25in,20260824_120337,23,two_ray,11.242277336674228,12.148999999999976,-0.9067226633257484
5Iron,high_5.25in,20260824_120337,24,free,13.631504739251437,13.886999999999997,-0.2554952607485603
5Iron,high_5.25in,20260824_120337,24,tee,10.899024419266954,13.886999999999997,-2.9879755807330426
5Iron,high_5.25in,20260824_120337,24,two_ray,7.796129469346009,13.886999999999997,-6.090870530653988
5Iron,high_5.25in,20260824_120337,25,free,-0.24550166688200156,0.669999999999999,-0.9155016668820006
5Iron,high_5.25in,20260824_120337,25,tee,-3.458938380087964,0.669999999999999,-4.128938380087963
5Iron,high_5.25in,20260824_120337,25,two_ray,-0.7488879855796629,0.669999999999999,-1.418887985579662
5Iron,high_5.25in,20260824_120337,26,free,5.276858260571306,16.00899999999998,-10.732141739428673
5Iron,high_5.25in,20260824_120337,26,tee,13.500180767711715,16.00899999999998,-2.508819232288264
5Iron,high_5.25in,20260824_120337,26,two_ray,3.2419136873035503,16.00899999999998,-12.767086312696428
5Iron,high_5.25in,20260824_120337,27,free,-0.543640100013948,12.701999999999998,-13.245640100013945
5Iron,high_5.25in,20260824_120337,27,tee,10.296048451936242,12.701999999999998,-2.405951548063756
5Iron,high_5.25in,20260824_120337,27,two_ray,2.9321051188412275,12.701999999999998,-9.76989488115877
5Iron,high_5.25in,20260824_120337,28,free,0.23701312719579026,12.355000000000029,-12.117986872804238
5Iron,high_5.25in,20260824_120337,28,tee,9.695270568460225,12.355000000000029,-2.6597294315398035
5Iron,high_5.25in,20260824_120337,28,two_ray,11.110745494376626,12.355000000000029,-1.2442545056234025
5Iron,high_5.25in,20260824_120337,29,free,5.95351293359374,13.308999999999976,-7.355487066406236
5Iron,high_5.25in,20260824_120337,29,tee,8.470447277565002,13.308999999999976,-4.838552722434974
5Iron,high_5.25in,20260824_120337,29,two_ray,5.38115218464062,13.308999999999976,-7.927847815359356
5Iron,high_5.25in,20260824_120337,30,free,-19.33806203708264,15.307999999999982,-34.64606203708262
5Iron,high_5.25in,20260824_120337,30,tee,13.954290366917476,15.307999999999982,-1.3537096330825058
5Iron,high_5.25in,20260824_120337,30,two_ray,2.0271778103040834,15.307999999999982,-13.280822189695899
5Iron,high_5.25in,20260824_120337,31,free,9.303894428167578,14.625999999999978,-5.322105571832401
5Iron,high_5.25in,20260824_120337,31,tee,11.946911303846,14.625999999999978,-2.6790886961539773
5Iron,high_5.25in,20260824_120337,31,two_ray,6.1504386458256795,14.625999999999978,-8.4755613541743
5Iron,low_2.875in,20260824_121914,1,free,-10.654868565768638,11.811000000000005,-22.465868565768645
5Iron,low_2.875in,20260824_121914,1,tee,3.9286584053364972,11.811000000000005,-7.882341594663508
5Iron,low_2.875in,20260824_121914,1,two_ray,6.329634306637225,11.811000000000005,-5.48136569336278
5Iron,low_2.875in,20260824_121914,2,free,10.444606891648789,13.066999999999979,-2.62239310835119
5Iron,low_2.875in,20260824_121914,2,tee,8.388570545141855,13.066999999999979,-4.678429454858124
5Iron,low_2.875in,20260824_121914,2,two_ray,5.4337244037985934,13.066999999999979,-7.633275596201385
5Iron,low_2.875in,20260824_121914,3,free,6.903206318145799,12.243999999999973,-5.340793681854174
5Iron,low_2.875in,20260824_121914,3,tee,5.827596430755336,12.243999999999973,-6.416403569244637
5Iron,low_2.875in,20260824_121914,3,two_ray,4.959842710666824,12.243999999999973,-7.284157289333149
5Iron,low_2.875in,20260824_121914,4,free,11.778904904523875,14.141000000000004,-2.3620950954761284
5Iron,low_2.875in,20260824_121914,4,tee,8.704094278916743,14.141000000000004,-5.43690572108326
5Iron,low_2.875in,20260824_121914,4,two_ray,13.49523198022187,14.141000000000004,-0.6457680197781333
5Iron,low_2.875in,20260824_121914,5,free,-21.951584236155757,2.005999999999998,-23.957584236155753
5Iron,low_2.875in,20260824_121914,5,tee,1.0804819843170632,2.005999999999998,-0.9255180156829348
5Iron,low_2.875in,20260824_121914,5,two_ray,-1.483405068467245,2.005999999999998,-3.489405068467243
5Iron,low_2.875in,20260824_121914,6,free,-3.0610287665512463,3.534999999999999,-6.596028766551245
5Iron,low_2.875in,20260824_121914,6,tee,-4.01528824215729,3.534999999999999,-7.550288242157288
5Iron,low_2.875in,20260824_121914,6,two_ray,1.529752492691555,3.534999999999999,-2.005247507308444
5Iron,low_2.875in,20260824_121914,7,free,6.9930154712007555,10.851999999999991,-3.858984528799236
5Iron,low_2.875in,20260824_121914,7,tee,6.188073170136704,10.851999999999991,-4.663926829863287
5Iron,low_2.875in,20260824_121914,7,two_ray,8.431495227214915,10.851999999999991,-2.420504772785076
5Iron,low_2.875in,20260824_121914,8,free,15.065656332688631,17.65999999999999,-2.5943436673113585
5Iron,low_2.875in,20260824_121914,8,tee,13.676733612805748,17.65999999999999,-3.9832663871942415
5Iron,low_2.875in,20260824_121914,8,two_ray,10.824074768977582,17.65999999999999,-6.835925231022408
5Iron,low_2.875in,20260824_121914,9,free,13.576218141394714,13.530999999999992,0.04521814139472191
5Iron,low_2.875in,20260824_121914,9,tee,9.628139896939913,13.530999999999992,-3.9028601030600782
5Iron,low_2.875in,20260824_121914,9,two_ray,9.803701854214605,13.530999999999992,-3.7272981457853867
5Iron,low_2.875in,20260824_121914,10,free,9.603479787068865,10.684999999999974,-1.0815202129311086
5Iron,low_2.875in,20260824_121914,10,tee,6.349667969591927,10.684999999999974,-4.335332030408047
5Iron,low_2.875in,20260824_121914,10,two_ray,4.381418510451453,10.684999999999974,-6.303581489548521
5Iron,low_2.875in,20260824_121914,11,free,9.51255336393704,11.318000000000016,-1.8054466360629764
5Iron,low_2.875in,20260824_121914,11,tee,7.455207522102776,11.318000000000016,-3.86279247789724
5Iron,low_2.875in,20260824_121914,11,two_ray,6.714480614175294,11.318000000000016,-4.603519385824722
5Iron,low_2.875in,20260824_121914,12,free,10.575820523139203,13.710999999999995,-3.1351794768607917
5Iron,low_2.875in,20260824_121914,12,tee,9.421681410809919,13.710999999999995,-4.289318589190076
5Iron,low_2.875in,20260824_121914,12,two_ray,8.552386712425825,13.710999999999995,-5.15861328757417
5Iron,low_2.875in,20260824_121914,13,free,8.772508519732503,14.118999999999998,-5.346491480267495
5Iron,low_2.875in,20260824_121914,13,tee,8.689046693105519,14.118999999999998,-5.429953306894479
5Iron,low_2.875in,20260824_121914,13,two_ray,11.39300456723994,14.118999999999998,-2.725995432760058
Driver,low_2.875in,20260824_121914,15,free,52.8880331709272,11.080999999999968,41.807033170927234
Driver,low_2.875in,20260824_121914,15,tee,23.603307513744692,11.080999999999968,12.522307513744725
Driver,low_2.875in,20260824_121914,15,two_ray,9.243751519389118,11.080999999999968,-1.8372484806108496
Driver,low_2.875in,20260824_121914,16,free,55.49626604685749,11.159999999999961,44.33626604685753
Driver,low_2.875in,20260824_121914,16,tee,27.243628440802894,11.159999999999961,16.083628440802933
Driver,low_2.875in,20260824_121914,16,two_ray,11.26159193860772,11.159999999999961,0.1015919386077595
Driver,low_2.875in,20260824_121914,17,free,41.09363588817393,10.941999999999961,30.151635888173967
Driver,low_2.875in,20260824_121914,17,tee,23.216556235669255,10.941999999999961,12.274556235669294
Driver,low_2.875in,20260824_121914,17,two_ray,10.772094214346794,10.941999999999961,-0.16990578565316738
Driver,low_2.875in,20260824_121914,18,free,49.38041619408636,15.639,33.741416194086355
Driver,low_2.875in,20260824_121914,18,tee,25.00553536667774,15.639,9.366535366677741
Driver,low_2.875in,20260824_121914,18,two_ray,8.368583114136147,15.639,-7.2704168858638525
Driver,low_2.875in,20260824_121914,19,free,14.550390604517721,12.836999999999996,1.7133906045177252
Driver,low_2.875in,20260824_121914,19,tee,9.768206444621592,12.836999999999996,-3.068793555378404
Driver,low_2.875in,20260824_121914,19,two_ray,12.52160187468117,12.836999999999996,-0.3153981253188256
Driver,low_2.875in,20260824_121914,20,free,57.420484713345004,11.88999999999998,45.530484713345025
Driver,low_2.875in,20260824_121914,20,tee,25.89776610263357,11.88999999999998,14.007766102633592
Driver,low_2.875in,20260824_121914,20,two_ray,11.297173016304445,11.88999999999998,-0.5928269836955344
Driver,low_2.875in,20260824_121914,21,free,-1.2095179803810998,2.788000000000009,-3.997517980381109
Driver,low_2.875in,20260824_121914,21,tee,-3.323008075554492,2.788000000000009,-6.111008075554501
Driver,low_2.875in,20260824_121914,21,two_ray,8.087865182043549,2.788000000000009,5.29986518204354
Driver,low_2.875in,20260824_121914,22,free,59.866127303834084,8.688000000000006,51.178127303834074
Driver,low_2.875in,20260824_121914,22,tee,29.34002469544863,8.688000000000006,20.652024695448624
Driver,low_2.875in,20260824_121914,22,two_ray,11.607627826028029,8.688000000000006,2.919627826028023
Driver,low_2.875in,20260824_121914,23,free,54.99821784100647,6.836999999999965,48.161217841006504
Driver,low_2.875in,20260824_121914,23,tee,24.99542985033432,6.836999999999965,18.158429850334358
Driver,low_2.875in,20260824_121914,23,two_ray,12.681303914172785,6.836999999999965,5.84430391417282
Driver,high_5.25in,20260824_121914,24,free,6.139135210697625,9.506999999999971,-3.367864789302346
Driver,high_5.25in,20260824_121914,24,tee,9.536070506628144,9.506999999999971,0.02907050662817312
Driver,high_5.25in,20260824_121914,24,two_ray,5.1066260623771065,9.506999999999971,-4.400373937622865
Driver,high_5.25in,20260824_121914,25,free,-1.6082375289409745,13.555999999999989,-15.164237528940962
Driver,high_5.25in,20260824_121914,25,tee,12.650542895583921,13.555999999999989,-0.9054571044160671
Driver,high_5.25in,20260824_121914,25,two_ray,12.736944075801295,13.555999999999989,-0.8190559241986932
Driver,high_5.25in,20260824_121914,26,free,-9.689910105156738,3.609999999999994,-13.299910105156732
Driver,high_5.25in,20260824_121914,26,tee,0.9743350958689995,3.609999999999994,-2.6356649041309947
Driver,high_5.25in,20260824_121914,26,two_ray,-1.1417333755176906,3.609999999999994,-4.751733375517684
Driver,high_5.25in,20260824_121914,27,free,14.925128486458801,4.880000000000008,10.045128486458793
Driver,high_5.25in,20260824_121914,27,tee,4.177271996827258,4.880000000000008,-0.7027280031727496
Driver,high_5.25in,20260824_121914,27,two_ray,3.553581954959785,4.880000000000008,-1.326418045040223
Driver,high_5.25in,20260824_121914,28,free,13.554863776116932,15.597999999999992,-2.04313622388306
Driver,high_5.25in,20260824_121914,28,tee,13.132943677446871,15.597999999999992,-2.465056322553121
Driver,high_5.25in,20260824_121914,28,two_ray,15.356215315374888,15.597999999999992,-0.24178468462510416
Driver,high_5.25in,20260824_121914,29,free,11.06743655871416,15.775999999999962,-4.708563441285802
Driver,high_5.25in,20260824_121914,29,tee,15.313308952890063,15.775999999999962,-0.4626910471098995
Driver,high_5.25in,20260824_121914,29,two_ray,19.90706408630849,15.775999999999962,4.131064086308529
Driver,high_5.25in,20260824_121914,30,free,50.29587607160631,12.73999999999998,37.55587607160633
Driver,high_5.25in,20260824_121914,30,tee,26.193840286543463,12.73999999999998,13.453840286543482
Driver,high_5.25in,20260824_121914,30,two_ray,12.943433174343607,12.73999999999998,0.20343317434362618
Driver,high_5.25in,20260824_121914,31,free,47.482330857937924,16.595,30.887330857937926
Driver,high_5.25in,20260824_121914,31,tee,21.220464366195845,16.595,4.625464366195846
Driver,high_5.25in,20260824_121914,31,two_ray,15.141564634548292,16.595,-1.453435365451707
Driver,high_5.25in,20260824_121914,32,free,11.485841733244175,11.795999999999983,-0.31015826675580804
Driver,high_5.25in,20260824_121914,32,tee,11.480684187732185,11.795999999999983,-0.3153158122677979
Driver,high_5.25in,20260824_121914,32,two_ray,9.406511881849362,11.795999999999983,-2.389488118150622
Driver,high_5.25in,20260824_121914,33,free,58.62270477840651,12.783999999999999,45.83870477840651
Driver,high_5.25in,20260824_121914,33,tee,26.87880613413029,12.783999999999999,14.094806134130291
Driver,high_5.25in,20260824_121914,33,two_ray,12.834389300041584,12.783999999999999,0.05038930004158537
Driver,high_5.25in,20260824_121914,34,free,16.133060954385922,16.462999999999987,-0.32993904561406495
Driver,high_5.25in,20260824_121914,34,tee,16.297852245333594,16.462999999999987,-0.16514775466639264
Driver,high_5.25in,20260824_121914,34,two_ray,17.005818517613935,16.462999999999987,0.5428185176139486
Driver,high_5.25in,20260824_121914,35,free,54.50983987642555,0.765999999999999,53.743839876425554
Driver,high_5.25in,20260824_121914,35,tee,26.06220837877896,0.765999999999999,25.29620837877896
Driver,high_5.25in,20260824_121914,35,two_ray,16.527867219962182,0.765999999999999,15.761867219962184
Driver,high_5.25in,20260824_121914,36,free,53.08187472536469,9.414999999999983,43.66687472536471
Driver,high_5.25in,20260824_121914,36,tee,24.44158898906568,9.414999999999983,15.026588989065695
Driver,high_5.25in,20260824_121914,36,two_ray,12.594571682114843,9.414999999999983,3.17957168211486
Driver,high_5.25in,20260824_121914,37,free,14.356176468679713,13.74799999999998,0.6081764686797335
Driver,high_5.25in,20260824_121914,37,tee,12.686038636834411,13.74799999999998,-1.0619613631655689
Driver,high_5.25in,20260824_121914,37,two_ray,12.194813755380268,13.74799999999998,-1.5531862446197113
Driver,high_5.25in,20260824_121914,38,free,56.47444932118394,14.638999999999966,41.83544932118397
Driver,high_5.25in,20260824_121914,38,tee,25.197826369461673,14.638999999999966,10.558826369461707
Driver,high_5.25in,20260824_121914,38,two_ray,13.196356641024785,14.638999999999966,-1.4426433589751806
Driver,high_5.25in,20260824_121914,39,free,5.35841131641624,11.029000000000005,-5.670588683583765
Driver,high_5.25in,20260824_121914,39,tee,11.65018243419807,11.029000000000005,0.6211824341980652
Driver,high_5.25in,20260824_121914,39,two_ray,5.603826552242586,11.029000000000005,-5.42517344775742
Driver,high_5.25in,20260824_121914,40,free,54.649720295271116,10.312000000000001,44.33772029527111
Driver,high_5.25in,20260824_121914,40,tee,21.897541419240245,10.312000000000001,11.585541419240243
Driver,high_5.25in,20260824_121914,40,two_ray,14.362050169329295,10.312000000000001,4.050050169329294
