club,height_block,of_session_id,of_shot_number,drop_early_frames,frames_used,snapshots_used,model,angle_deg,curvature,tm_launch_deg,error_deg
9Iron,low_2.875in,20260824_111222,12,0,8,26,two8,19.603254889335442,0.005770286550138337,20.59999999999998,-0.9967451106645377
9Iron,low_2.875in,20260824_111222,12,0,8,26,four4_path_tdm,11.760980651496531,0.0015786644581923248,20.59999999999998,-8.839019348503449
9Iron,low_2.875in,20260824_111222,12,1,7,23,two8,19.79149924520264,0.008021029688470849,20.59999999999998,-0.8085007547973397
9Iron,low_2.875in,20260824_111222,12,1,7,23,four4_path_tdm,11.449411516844489,0.001737778210124663,20.59999999999998,-9.150588483155492
9Iron,low_2.875in,20260824_111222,12,2,6,19,two8,20.06161957570151,0.008795070188486465,20.59999999999998,-0.5383804242984702
9Iron,low_2.875in,20260824_111222,12,2,6,19,four4_path_tdm,11.219700667827297,0.0027838359698046933,20.59999999999998,-9.380299332172683
9Iron,low_2.875in,20260824_111222,12,3,5,15,two8,20.51299972734592,0.028288138301419297,20.59999999999998,-0.08700027265405907
9Iron,low_2.875in,20260824_111222,12,3,5,15,four4_path_tdm,10.876498823122022,0.002202272226301538,20.59999999999998,-9.723501176877958
9Iron,low_2.875in,20260824_111222,13,0,8,28,two8,17.413903153940698,0.005719672347340499,20.493999999999986,-3.0800968460592877
9Iron,low_2.875in,20260824_111222,13,0,8,28,four4_path_tdm,13.332732542020016,0.0033803236430469674,20.493999999999986,-7.161267457979969
9Iron,low_2.875in,20260824_111222,13,1,7,24,two8,17.463368790673993,0.006396504168656891,20.493999999999986,-3.0306312093259926
9Iron,low_2.875in,20260824_111222,13,1,7,24,four4_path_tdm,13.303318062996341,0.0038615826250212315,20.493999999999986,-7.190681937003644
9Iron,low_2.875in,20260824_111222,13,2,6,20,two8,17.752695225090278,0.00605144240765676,20.493999999999986,-2.7413047749097075
9Iron,low_2.875in,20260824_111222,13,2,6,20,four4_path_tdm,13.390527841578367,0.004424437870039766,20.493999999999986,-7.103472158421619
9Iron,low_2.875in,20260824_111222,13,3,5,16,two8,18.8054598492657,0.013301930230697367,20.493999999999986,-1.688540150734287
9Iron,low_2.875in,20260824_111222,13,3,5,16,four4_path_tdm,12.901414198754935,0.0006915717105477892,20.493999999999986,-7.5925858012450504
9Iron,low_2.875in,20260824_111222,13,4,4,12,two8,19.20687610711374,0.015799064343244407,20.493999999999986,-1.287123892886246
9Iron,low_2.875in,20260824_111222,13,4,4,12,four4_path_tdm,13.767357986869747,0.0016434229413913037,20.493999999999986,-6.726642013130238
9Iron,low_2.875in,20260824_111222,14,0,10,34,two8,6.499988172839818,0.0076504779605985895,10.839000000000008,-4.339011827160189
9Iron,low_2.875in,20260824_111222,14,0,10,34,four4_path_tdm,13.835753248417575,0.003156575566616082,10.839000000000008,2.9967532484175674
9Iron,low_2.875in,20260824_111222,14,1,9,30,two8,6.489457090364306,0.008319748294922213,10.839000000000008,-4.3495429096357014
9Iron,low_2.875in,20260824_111222,14,1,9,30,four4_path_tdm,13.801402382524302,0.004117517446991847,10.839000000000008,2.962402382524294
9Iron,low_2.875in,20260824_111222,14,2,8,26,two8,6.566162340454304,0.009126936743026004,10.839000000000008,-4.272837659545703
9Iron,low_2.875in,20260824_111222,14,2,8,26,four4_path_tdm,13.737357144060882,0.006076000776306323,10.839000000000008,2.898357144060874
9Iron,low_2.875in,20260824_111222,14,3,7,22,two8,6.742589173236211,0.009990292541780077,10.839000000000008,-4.096410826763797
9Iron,low_2.875in,20260824_111222,14,3,7,22,four4_path_tdm,13.707808023456012,0.006867791884285879,10.839000000000008,2.8688080234560047
9Iron,low_2.875in,20260824_111222,14,4,6,18,two8,7.395125714485123,0.005104125256713665,10.839000000000008,-3.4438742855148847
9Iron,low_2.875in,20260824_111222,14,4,6,18,four4_path_tdm,13.729558937632614,0.007816037910650664,10.839000000000008,2.8905589376326066
9Iron,low_2.875in,20260824_111222,15,0,8,25,two8,22.630616723777095,0.006508127913898987,23.566999999999982,-0.9363832762228874
9Iron,low_2.875in,20260824_111222,15,0,8,25,four4_path_tdm,19.018770474397222,0.0012936536317140757,23.566999999999982,-4.5482295256027605
9Iron,low_2.875in,20260824_111222,15,1,7,21,two8,22.90951171632807,0.009935587893377118,23.566999999999982,-0.6574882836719134
9Iron,low_2.875in,20260824_111222,15,1,7,21,four4_path_tdm,19.11900839473114,0.0013957226276386514,23.566999999999982,-4.447991605268843
9Iron,low_2.875in,20260824_111222,15,2,6,17,two8,23.02287081567898,0.008585773619738779,23.566999999999982,-0.544129184321001
9Iron,low_2.875in,20260824_111222,15,2,6,17,four4_path_tdm,19.9720353818703,0.0017202787057759572,23.566999999999982,-3.5949646181296835
9Iron,low_2.875in,20260824_111222,15,3,5,13,two8,23.509887104311947,0.010790446542671805,23.566999999999982,-0.05711289568803579
9Iron,low_2.875in,20260824_111222,15,3,5,13,four4_path_tdm,20.99450741005113,0.002206194016811436,23.566999999999982,-2.572492589948851
9Iron,low_2.875in,20260824_111222,16,0,10,35,two8,14.286361573352314,0.006268661231032091,17.37199999999999,-3.085638426647675
9Iron,low_2.875in,20260824_111222,16,0,10,35,four4_path_tdm,14.834928813922152,0.008562163749057383,17.37199999999999,-2.5370711860778368
9Iron,low_2.875in,20260824_111222,16,1,9,31,two8,14.313446643493421,0.00668294514396961,17.37199999999999,-3.058553356506568
9Iron,low_2.875in,20260824_111222,16,1,9,31,four4_path_tdm,14.82607482926044,0.009510692210247251,17.37199999999999,-2.545925170739549
9Iron,low_2.875in,20260824_111222,16,2,8,27,two8,14.419313300811982,0.006809014187700413,17.37199999999999,-2.952686699188007
9Iron,low_2.875in,20260824_111222,16,2,8,27,four4_path_tdm,14.873447445153982,0.010637324762429401,17.37199999999999,-2.4985525548460075
9Iron,low_2.875in,20260824_111222,16,3,7,23,two8,14.42106924098571,0.0075338744951019,17.37199999999999,-2.9509307590142786
9Iron,low_2.875in,20260824_111222,16,3,7,23,four4_path_tdm,14.864109406045804,0.012110581158849776,17.37199999999999,-2.507890593954185
9Iron,low_2.875in,20260824_111222,16,4,6,19,two8,14.42651302566084,0.008347577616579782,17.37199999999999,-2.9454869743391487
9Iron,low_2.875in,20260824_111222,16,4,6,19,four4_path_tdm,6.4273372568558145,0.0002565103282989867,17.37199999999999,-10.944662743144175
9Iron,low_2.875in,20260824_111222,17,0,11,35,two8,24.150127361027646,0.01810260781448103,23.767,0.3831273610276469
9Iron,low_2.875in,20260824_111222,17,0,11,35,four4_path_tdm,20.2501386378491,0.002420331027413347,23.767,-3.516861362150898
9Iron,low_2.875in,20260824_111222,17,1,10,32,two8,24.279595707590335,0.010112109308601624,23.767,0.5125957075903358
9Iron,low_2.875in,20260824_111222,17,1,10,32,four4_path_tdm,20.49392049996491,0.0026158303815058126,23.767,-3.273079500035088
9Iron,low_2.875in,20260824_111222,17,2,9,28,two8,24.583665828023626,0.01125301558432179,23.767,0.816665828023627
9Iron,low_2.875in,20260824_111222,17,2,9,28,four4_path_tdm,20.521535282579002,0.002806223387726403,23.767,-3.2454647174209974
9Iron,low_2.875in,20260824_111222,17,3,8,24,two8,24.949559577167612,0.011726357166891521,23.767,1.1825595771676127
9Iron,low_2.875in,20260824_111222,17,3,8,24,four4_path_tdm,20.8062698005507,0.003129734173540566,23.767,-2.960730199449298
9Iron,low_2.875in,20260824_111222,17,4,7,20,two8,24.991374545812644,0.012394268964607491,23.767,1.224374545812644
9Iron,low_2.875in,20260824_111222,17,4,7,20,four4_path_tdm,22.475182720497312,0.0038928986851414216,23.767,-1.2918172795026877
9Iron,low_2.875in,20260824_111222,18,0,10,35,two8,20.17940283095814,0.006321195956492165,20.540999999999997,-0.36159716904185757
9Iron,low_2.875in,20260824_111222,18,0,10,35,four4_path_tdm,15.00536795296175,0.001790829163347274,20.540999999999997,-5.535632047038247
9Iron,low_2.875in,20260824_111222,18,1,9,32,two8,20.3799105714264,0.006938357349884905,20.540999999999997,-0.16108942857359665
9Iron,low_2.875in,20260824_111222,18,1,9,32,four4_path_tdm,15.18070322841426,0.001964093398993283,20.540999999999997,-5.3602967715857375
9Iron,low_2.875in,20260824_111222,18,2,8,28,two8,20.381948860644904,0.005513612309617333,20.540999999999997,-0.15905113935509263
9Iron,low_2.875in,20260824_111222,18,2,8,28,four4_path_tdm,15.130525482282533,0.002150169303612337,20.540999999999997,-5.410474517717464
9Iron,low_2.875in,20260824_111222,18,3,7,24,two8,20.88556723618118,0.014359489154361693,20.540999999999997,0.34456723618118446
9Iron,low_2.875in,20260824_111222,18,3,7,24,four4_path_tdm,15.249943181625959,0.0021788233222410636,20.540999999999997,-5.291056818374038
9Iron,low_2.875in,20260824_111222,18,4,6,20,two8,20.986017786413566,0.01551504979228202,20.540999999999997,0.4450177864135689
9Iron,low_2.875in,20260824_111222,18,4,6,20,four4_path_tdm,15.449113508269463,0.0024182831024346374,20.540999999999997,-5.091886491730534
9Iron,low_2.875in,20260824_111222,19,0,10,29,two8,23.35434457578394,0.005880956770276224,22.767,0.5873445757839413
9Iron,low_2.875in,20260824_111222,19,0,10,29,four4_path_tdm,16.913826850091898,0.007722483843840555,22.767,-5.853173149908102
9Iron,low_2.875in,20260824_111222,19,1,9,27,two8,23.345333201970053,0.006449534752592356,22.767,0.5783332019700538
9Iron,low_2.875in,20260824_111222,19,1,9,27,four4_path_tdm,16.92760514478209,0.008569988224362834,22.767,-5.839394855217911
9Iron,low_2.875in,20260824_111222,19,2,8,23,two8,23.587060041529973,0.007166625618858946,22.767,0.8200600415299739
9Iron,low_2.875in,20260824_111222,19,2,8,23,four4_path_tdm,16.966524360611135,0.009531906469347762,22.767,-5.800475639388864
9Iron,low_2.875in,20260824_111222,19,3,7,19,two8,23.458707372173844,0.0077514046482227705,22.767,0.6917073721738447
9Iron,low_2.875in,20260824_111222,19,3,7,19,four4_path_tdm,17.026068624146227,0.010715245876861124,22.767,-5.740931375853773
9Iron,low_2.875in,20260824_111222,19,4,6,15,two8,23.438190656506006,0.007824994426943732,22.767,0.6711906565060062
9Iron,low_2.875in,20260824_111222,19,4,6,15,four4_path_tdm,17.167308455646676,0.012232685375771268,22.767,-5.599691544353323
9Iron,low_2.875in,20260824_111222,20,0,10,33,two8,24.234221255774134,0.012080036034815667,23.742999999999988,0.4912212557741462
9Iron,low_2.875in,20260824_111222,20,0,10,33,four4_path_tdm,17.80530371115966,0.002572773161515496,23.742999999999988,-5.937696288840328
9Iron,low_2.875in,20260824_111222,20,1,9,29,two8,24.45236013864463,0.010545987916325217,23.742999999999988,0.7093601386446409
9Iron,low_2.875in,20260824_111222,20,1,9,29,four4_path_tdm,18.079135862028814,0.002796805581532835,23.742999999999988,-5.663864137971174
9Iron,low_2.875in,20260824_111222,20,2,8,25,two8,24.682492601318465,0.01072679444008573,23.742999999999988,0.9394926013184772
9Iron,low_2.875in,20260824_111222,20,2,8,25,four4_path_tdm,18.571654330090087,0.0032478015458887732,23.742999999999988,-5.1713456699099005
9Iron,low_2.875in,20260824_111222,20,3,7,21,two8,24.534622325031382,0.011663110010976085,23.742999999999988,0.7916223250313941
9Iron,low_2.875in,20260824_111222,20,3,7,21,four4_path_tdm,18.97545014278062,0.003721929386629075,23.742999999999988,-4.767549857219368
9Iron,low_2.875in,20260824_111222,20,4,6,17,two8,24.142644717840575,0.015070019342945162,23.742999999999988,0.3996447178405873
9Iron,low_2.875in,20260824_111222,20,4,6,17,four4_path_tdm,18.889909589870935,0.00386329884210479,23.742999999999988,-4.853090410129052
9Iron,low_2.875in,20260824_111222,21,0,9,30,two8,19.876855503859996,0.0063090932418086165,19.701999999999995,0.1748555038600017
9Iron,low_2.875in,20260824_111222,21,0,9,30,four4_path_tdm,16.094296821207095,0.001467290226301099,19.701999999999995,-3.6077031787928995
9Iron,low_2.875in,20260824_111222,21,1,8,26,two8,20.018527709657103,0.007036417267957562,19.701999999999995,0.31652770965710886
9Iron,low_2.875in,20260824_111222,21,1,8,26,four4_path_tdm,16.064308726133373,0.0016490674196503186,19.701999999999995,-3.637691273866622
9Iron,low_2.875in,20260824_111222,21,2,7,22,two8,20.230033148567774,0.00741590700194994,19.701999999999995,0.5280331485677792
9Iron,low_2.875in,20260824_111222,21,2,7,22,four4_path_tdm,16.067174670394582,0.0016817585789852263,19.701999999999995,-3.6348253296054125
9Iron,low_2.875in,20260824_111222,21,3,6,18,two8,20.583354555628866,0.008248056335889098,19.701999999999995,0.8813545556288709
9Iron,low_2.875in,20260824_111222,21,3,6,18,four4_path_tdm,16.007635375426524,0.001856821861403679,19.701999999999995,-3.6943646245734705
9Iron,low_2.875in,20260824_111222,21,4,5,14,two8,20.32045083665531,0.008230509128771546,19.701999999999995,0.6184508366553167
9Iron,low_2.875in,20260824_111222,21,4,5,14,four4_path_tdm,16.990326334948886,0.0022263433290836687,19.701999999999995,-2.7116736650511086
9Iron,low_2.875in,20260824_111222,22,0,9,32,two8,23.816986695320736,0.008463547507870484,23.390999999999988,0.4259866953207485
9Iron,low_2.875in,20260824_111222,22,0,9,32,four4_path_tdm,15.986545694272875,0.0009590888970532063,23.390999999999988,-7.404454305727112
9Iron,low_2.875in,20260824_111222,22,1,8,28,two8,23.86280304153615,0.00918840173222657,23.390999999999988,0.4718030415361625
9Iron,low_2.875in,20260824_111222,22,1,8,28,four4_path_tdm,15.540142624965046,0.0023042752078414885,23.390999999999988,-7.850857375034941
9Iron,low_2.875in,20260824_111222,22,2,7,24,two8,23.814485624297383,0.009434475670645037,23.390999999999988,0.42348562429739545
9Iron,low_2.875in,20260824_111222,22,2,7,24,four4_path_tdm,16.801397197516653,0.0014602736708853037,23.390999999999988,-6.589602802483334
9Iron,low_2.875in,20260824_111222,22,3,6,20,two8,24.029355865282763,0.009128469432295061,23.390999999999988,0.6383558652827759
9Iron,low_2.875in,20260824_111222,22,3,6,20,four4_path_tdm,17.58194831388533,0.0016467849471828444,23.390999999999988,-5.809051686114657
9Iron,low_2.875in,20260824_111222,22,4,5,16,two8,24.150443325630885,0.009475992855646265,23.390999999999988,0.7594433256308974
9Iron,low_2.875in,20260824_111222,22,4,5,16,four4_path_tdm,20.634447314951853,0.0029405981397570002,23.390999999999988,-2.7565526850481348
9Iron,low_2.875in,20260824_111222,23,0,8,26,two8,22.78951305237877,0.00816435804054283,23.193000000000005,-0.4034869476212357
9Iron,low_2.875in,20260824_111222,23,0,8,26,four4_path_tdm,17.177386832391125,0.0037538398738168333,23.193000000000005,-6.01561316760888
9Iron,low_2.875in,20260824_111222,23,1,7,22,two8,22.96831258029404,0.009276156880297481,23.193000000000005,-0.2246874197059654
9Iron,low_2.875in,20260824_111222,23,1,7,22,four4_path_tdm,17.12338093050725,0.004270956063431308,23.193000000000005,-6.069619069492756
9Iron,low_2.875in,20260824_111222,23,2,6,18,two8,22.864313214445446,0.009889563171682214,23.193000000000005,-0.32868678555455944
9Iron,low_2.875in,20260824_111222,23,2,6,18,four4_path_tdm,17.78087933207793,0.002129488363916021,23.193000000000005,-5.412120667922075
9Iron,low_2.875in,20260824_111222,23,3,5,14,two8,22.873967558617974,0.015113911321214646,23.193000000000005,-0.31903244138203135
9Iron,low_2.875in,20260824_111222,23,3,5,14,four4_path_tdm,18.204442382535685,0.0024025037367054747,23.193000000000005,-4.98855761746432
9Iron,low_2.875in,20260824_111222,24,0,10,36,two8,22.597464356037346,0.0068393201916807644,22.739999999999995,-0.14253564396264906
9Iron,low_2.875in,20260824_111222,24,0,10,36,four4_path_tdm,19.023065388937734,0.004422293302880798,22.739999999999995,-3.7169346110622605
9Iron,low_2.875in,20260824_111222,24,1,9,32,two8,22.68740633770351,0.00740921998455546,22.739999999999995,-0.05259366229648421
9Iron,low_2.875in,20260824_111222,24,1,9,32,four4_path_tdm,19.053589555114826,0.00488375245387207,22.739999999999995,-3.686410444885169
9Iron,low_2.875in,20260824_111222,24,2,8,28,two8,23.029058534027097,0.014905903578758872,22.739999999999995,0.28905853402710235
9Iron,low_2.875in,20260824_111222,24,2,8,28,four4_path_tdm,19.120462584098963,0.005302236391150572,22.739999999999995,-3.619537415901032
9Iron,low_2.875in,20260824_111222,24,3,7,24,two8,23.13928235450104,0.015843801914191102,22.739999999999995,0.39928235450104665
9Iron,low_2.875in,20260824_111222,24,3,7,24,four4_path_tdm,19.241546532110757,0.004507127727778393,22.739999999999995,-3.498453467889238
9Iron,low_2.875in,20260824_111222,24,4,6,20,two8,23.079724231394955,0.026219057715838545,22.739999999999995,0.33972423139496044
9Iron,low_2.875in,20260824_111222,24,4,6,20,four4_path_tdm,19.67917331746539,0.0050071180146868954,22.739999999999995,-3.0608266825346035
9Iron,low_2.875in,20260824_111222,25,0,8,30,two8,13.455838470013399,0.0034330313061676776,18.903999999999975,-5.448161529986576
9Iron,low_2.875in,20260824_111222,25,0,8,30,four4_path_tdm,11.69310921222024,0.0006874222069324087,18.903999999999975,-7.210890787779736
9Iron,low_2.875in,20260824_111222,25,1,7,27,two8,13.453441879799222,0.0038869387495632512,18.903999999999975,-5.450558120200753
9Iron,low_2.875in,20260824_111222,25,1,7,27,four4_path_tdm,11.932973287996578,0.0008672728879774994,18.903999999999975,-6.971026712003397
9Iron,low_2.875in,20260824_111222,25,2,6,23,two8,13.735689101852829,0.004053077276097383,18.903999999999975,-5.168310898147146
9Iron,low_2.875in,20260824_111222,25,2,6,23,four4_path_tdm,11.767013442988345,0.0009974792652784892,18.903999999999975,-7.13698655701163
9Iron,low_2.875in,20260824_111222,25,3,5,19,two8,13.703097179547044,0.0034973785208827213,18.903999999999975,-5.2009028204529315
9Iron,low_2.875in,20260824_111222,25,3,5,19,four4_path_tdm,12.701671498033901,0.0011782177152821482,18.903999999999975,-6.202328501966074
9Iron,low_2.875in,20260824_111222,25,4,4,15,two8,14.328481405073452,0.004807359770533148,18.903999999999975,-4.575518594926523
9Iron,low_2.875in,20260824_111222,25,4,4,15,four4_path_tdm,11.589391045147684,0.0011976379058160624,18.903999999999975,-7.314608954852291
9Iron,high_5.25in,20260824_120337,1,0,10,32,two8,24.73822039668303,0.010430582053482906,22.89699999999999,1.8412203966830383
9Iron,high_5.25in,20260824_120337,1,0,10,32,four4_path_tdm,20.11731039545642,0.004018306451277542,22.89699999999999,-2.77968960454357
9Iron,high_5.25in,20260824_120337,1,1,9,30,two8,24.891193081905772,0.0069277857879315174,22.89699999999999,1.994193081905781
9Iron,high_5.25in,20260824_120337,1,1,9,30,four4_path_tdm,20.124418461487537,0.004452984952932892,22.89699999999999,-2.772581538512455
9Iron,high_5.25in,20260824_120337,1,2,8,26,two8,25.129288641061486,0.007755495099376564,22.89699999999999,2.232288641061494
9Iron,high_5.25in,20260824_120337,1,2,8,26,four4_path_tdm,20.589608051277256,0.002754836185285159,22.89699999999999,-2.307391948722735
9Iron,high_5.25in,20260824_120337,1,3,7,22,two8,25.39598250047959,0.008871316483918701,22.89699999999999,2.498982500479599
9Iron,high_5.25in,20260824_120337,1,3,7,22,four4_path_tdm,21.125336519592405,0.0029073981954153005,22.89699999999999,-1.771663480407586
9Iron,high_5.25in,20260824_120337,1,4,6,18,two8,24.99267240507577,0.010519583510878006,22.89699999999999,2.095672405075778
9Iron,high_5.25in,20260824_120337,1,4,6,18,four4_path_tdm,21.64093384284657,0.0037950288353796324,22.89699999999999,-1.2560661571534197
9Iron,high_5.25in,20260824_120337,2,0,11,38,two8,25.555732229779434,0.0051265086581600006,23.125999999999994,2.4297322297794395
9Iron,high_5.25in,20260824_120337,2,0,11,38,four4_path_tdm,22.82870495159891,0.003303343821801752,23.125999999999994,-0.2972950484010859
9Iron,high_5.25in,20260824_120337,2,1,10,34,two8,25.64121235114189,0.005499102285430935,23.125999999999994,2.5152123511418942
9Iron,high_5.25in,20260824_120337,2,1,10,34,four4_path_tdm,22.801187898085477,0.0036153738370949817,23.125999999999994,-0.32481210191451737
9Iron,high_5.25in,20260824_120337,2,2,9,30,two8,25.929856691941566,0.00979654145256137,23.125999999999994,2.803856691941572
9Iron,high_5.25in,20260824_120337,2,2,9,30,four4_path_tdm,22.97443611227826,0.003606397804577721,23.125999999999994,-0.15156388772173557
9Iron,high_5.25in,20260824_120337,2,3,8,26,two8,26.106157607598778,0.011164005904047425,23.125999999999994,2.980157607598784
9Iron,high_5.25in,20260824_120337,2,3,8,26,four4_path_tdm,23.322856188630894,0.0041478404707759875,23.125999999999994,0.1968561886308997
9Iron,high_5.25in,20260824_120337,2,4,7,22,two8,26.13135942250544,0.014132750470617017,23.125999999999994,3.005359422505446
9Iron,high_5.25in,20260824_120337,2,4,7,22,four4_path_tdm,23.820868556217622,0.005023697809360739,23.125999999999994,0.694868556217628
9Iron,high_5.25in,20260824_120337,3,0,9,28,two8,20.440500577113134,0.008486864582378795,21.408000000000012,-0.9674994228868776
9Iron,high_5.25in,20260824_120337,3,0,9,28,four4_path_tdm,12.107090655629621,0.0019624163200373523,21.408000000000012,-9.30090934437039
9Iron,high_5.25in,20260824_120337,3,1,8,24,two8,20.643795766135668,0.009379834111285623,21.408000000000012,-0.7642042338643442
9Iron,high_5.25in,20260824_120337,3,1,8,24,four4_path_tdm,12.123023134636707,0.0021918504471092337,21.408000000000012,-9.284976865363305
9Iron,high_5.25in,20260824_120337,3,2,7,20,two8,21.235923835657008,0.004984163773187,21.408000000000012,-0.17207616434300377
9Iron,high_5.25in,20260824_120337,3,2,7,20,four4_path_tdm,11.791953262249713,0.0024337840987713744,21.408000000000012,-9.616046737750299
9Iron,high_5.25in,20260824_120337,3,3,6,16,two8,21.591333388254693,0.005821012456360242,21.408000000000012,0.18333338825468104
9Iron,high_5.25in,20260824_120337,3,3,6,16,four4_path_tdm,11.913241290709765,0.002627642242830408,21.408000000000012,-9.494758709290247
9Iron,high_5.25in,20260824_120337,3,4,5,12,two8,21.76107319679535,0.02896639459225403,21.408000000000012,0.35307319679533933
9Iron,high_5.25in,20260824_120337,3,4,5,12,four4_path_tdm,11.726926501191546,0.007803164936327489,21.408000000000012,-9.681073498808466
9Iron,high_5.25in,20260824_120337,4,0,10,33,two8,23.874010081149777,0.007611150642468534,20.792000000000005,3.0820100811497717
9Iron,high_5.25in,20260824_120337,4,0,10,33,four4_path_tdm,18.64796214094132,0.002019751208263587,20.792000000000005,-2.1440378590586846
9Iron,high_5.25in,20260824_120337,4,1,9,29,two8,24.030495188778495,0.008331009995482752,20.792000000000005,3.23849518877849
9Iron,high_5.25in,20260824_120337,4,1,9,29,four4_path_tdm,18.70009837033301,0.0021984892381146093,20.792000000000005,-2.091901629666996
9Iron,high_5.25in,20260824_120337,4,2,8,25,two8,24.290293451276437,0.009146937707569913,20.792000000000005,3.4982934512764317
9Iron,high_5.25in,20260824_120337,4,2,8,25,four4_path_tdm,18.330092969360592,0.0023253823737874324,20.792000000000005,-2.461907030639413
9Iron,high_5.25in,20260824_120337,4,3,7,21,two8,24.29105958752853,0.010592708075925161,20.792000000000005,3.4990595875285244
9Iron,high_5.25in,20260824_120337,4,3,7,21,four4_path_tdm,19.237491617999307,0.0012620963735598956,20.792000000000005,-1.554508382000698
9Iron,high_5.25in,20260824_120337,4,4,6,17,two8,23.884641851005433,0.013143872041723181,20.792000000000005,3.0926418510054283
9Iron,high_5.25in,20260824_120337,4,4,6,17,four4_path_tdm,20.129535193351213,0.0032709825490504496,20.792000000000005,-0.6624648066487921
9Iron,high_5.25in,20260824_120337,5,0,8,29,two8,8.635910357612701,0.001086721975966931,15.137000000000002,-6.501089642387301
9Iron,high_5.25in,20260824_120337,5,0,8,29,four4_path_tdm,13.591969826577532,0.0012508770008992087,15.137000000000002,-1.5450301734224698
9Iron,high_5.25in,20260824_120337,5,1,7,25,two8,8.624495480683706,0.0012117780300122671,15.137000000000002,-6.5125045193162965
9Iron,high_5.25in,20260824_120337,5,1,7,25,four4_path_tdm,13.5292421136046,0.001423927847225892,15.137000000000002,-1.6077578863954027
9Iron,high_5.25in,20260824_120337,5,2,6,21,two8,9.26701023933487,0.0016592113739570813,15.137000000000002,-5.869989760665133
9Iron,high_5.25in,20260824_120337,5,2,6,21,four4_path_tdm,13.861016101148454,0.0012036806595703275,15.137000000000002,-1.275983898851548
9Iron,high_5.25in,20260824_120337,5,3,5,17,two8,7.510921608374962,0.0012240376615577642,15.137000000000002,-7.6260783916250405
9Iron,high_5.25in,20260824_120337,5,3,5,17,four4_path_tdm,13.981295657325106,0.0012251604343838096,15.137000000000002,-1.1557043426748965
9Iron,high_5.25in,20260824_120337,5,4,4,13,two8,8.74740211174487,0.0010540795701796668,15.137000000000002,-6.389597888255132
9Iron,high_5.25in,20260824_120337,5,4,4,13,four4_path_tdm,13.65282761024165,0.0019114828905753,15.137000000000002,-1.4841723897583528
9Iron,high_5.25in,20260824_120337,6,0,9,32,two8,22.75094763169505,0.006042399495605588,21.271999999999995,1.4789476316950534
9Iron,high_5.25in,20260824_120337,6,0,9,32,four4_path_tdm,18.12325596992337,0.0013777280905495903,21.271999999999995,-3.1487440300766245
9Iron,high_5.25in,20260824_120337,6,1,8,28,two8,22.927475239550027,0.0066896362603019455,21.271999999999995,1.6554752395500323
9Iron,high_5.25in,20260824_120337,6,1,8,28,four4_path_tdm,17.987336795180894,0.0015541420839495501,21.271999999999995,-3.2846632048191005
9Iron,high_5.25in,20260824_120337,6,2,7,24,two8,23.129816609782853,0.007340520102871562,21.271999999999995,1.8578166097828586
9Iron,high_5.25in,20260824_120337,6,2,7,24,four4_path_tdm,18.594260020933106,0.0023709567002367926,21.271999999999995,-2.6777399790668888
9Iron,high_5.25in,20260824_120337,6,3,6,20,two8,23.1121607673307,0.008404871378045797,21.271999999999995,1.8401607673307048
9Iron,high_5.25in,20260824_120337,6,3,6,20,four4_path_tdm,19.15145865281476,0.004805249883388152,21.271999999999995,-2.1205413471852346
9Iron,high_5.25in,20260824_120337,6,4,5,16,two8,23.57511979485165,0.008174937014566064,21.271999999999995,2.3031197948516535
9Iron,high_5.25in,20260824_120337,6,4,5,16,four4_path_tdm,19.105187417787853,0.005280461215487531,21.271999999999995,-2.166812582212142
9Iron,high_5.25in,20260824_120337,7,0,10,35,two8,23.6826912633255,0.007559143513061306,22.065000000000005,1.6176912633254936
9Iron,high_5.25in,20260824_120337,7,0,10,35,four4_path_tdm,20.432895016827867,0.004254864709527961,22.065000000000005,-1.6321049831721375
9Iron,high_5.25in,20260824_120337,7,1,9,31,two8,23.85931153673722,0.00810501806794961,22.065000000000005,1.794311536737215
9Iron,high_5.25in,20260824_120337,7,1,9,31,four4_path_tdm,20.507605616048448,0.004647188317544959,22.065000000000005,-1.5573943839515572
9Iron,high_5.25in,20260824_120337,7,2,8,27,two8,24.265170568370856,0.00921138510272912,22.065000000000005,2.200170568370851
9Iron,high_5.25in,20260824_120337,7,2,8,27,four4_path_tdm,20.86945571772091,0.008223684808262188,22.065000000000005,-1.1955442822790943
9Iron,high_5.25in,20260824_120337,7,3,7,23,two8,24.496054545478753,0.010689237374078342,22.065000000000005,2.431054545478748
9Iron,high_5.25in,20260824_120337,7,3,7,23,four4_path_tdm,21.382067561282987,0.006556987756205945,22.065000000000005,-0.6829324387170175
9Iron,high_5.25in,20260824_120337,7,4,6,19,two8,24.54744700245028,0.012560391222242284,22.065000000000005,2.482447002450275
9Iron,high_5.25in,20260824_120337,7,4,6,19,four4_path_tdm,21.58779943315105,0.006285287944785667,22.065000000000005,-0.4772005668489534
9Iron,high_5.25in,20260824_120337,8,0,7,27,two8,20.47483493691761,0.0017076993110541894,21.045,-0.570165063082392
9Iron,high_5.25in,20260824_120337,8,0,7,27,four4_path_tdm,19.10254923149681,0.0033999763825922624,21.045,-1.9424507685031926
9Iron,high_5.25in,20260824_120337,8,1,6,23,two8,21.140668802170186,0.0032096441205781145,21.045,0.09566880217018436
9Iron,high_5.25in,20260824_120337,8,1,6,23,four4_path_tdm,19.081214943745618,0.003909382348834978,21.045,-1.963785056254384
9Iron,high_5.25in,20260824_120337,8,2,5,19,two8,22.97035383064275,0.003712185703487192,21.045,1.9253538306427487
9Iron,high_5.25in,20260824_120337,8,2,5,19,four4_path_tdm,18.837232512205016,0.004385984897954165,21.045,-2.2077674877949853
9Iron,high_5.25in,20260824_120337,8,3,4,15,two8,23.18581888838109,0.004684311691889986,21.045,2.1408188883810872
9Iron,high_5.25in,20260824_120337,8,3,4,15,four4_path_tdm,19.243258706384733,0.005072056498492072,21.045,-1.8017412936152688
9Iron,high_5.25in,20260824_120337,9,0,8,28,two8,27.128888920870086,0.020734700089719338,23.75,3.378888920870086
9Iron,high_5.25in,20260824_120337,9,0,8,28,four4_path_tdm,21.449677858317802,0.0031203803410446707,23.75,-2.300322141682198
9Iron,high_5.25in,20260824_120337,9,1,7,24,two8,27.18148862599921,0.023387474961108046,23.75,3.4314886259992115
9Iron,high_5.25in,20260824_120337,9,1,7,24,four4_path_tdm,21.631697349871157,0.0028045298321959233,23.75,-2.118302650128843
9Iron,high_5.25in,20260824_120337,9,2,6,20,two8,27.20697887883558,0.027382107678681322,23.75,3.4569788788355815
9Iron,high_5.25in,20260824_120337,9,2,6,20,four4_path_tdm,21.627927458618093,0.0030221389412232735,23.75,-2.1220725413819075
9Iron,high_5.25in,20260824_120337,9,3,5,16,two8,27.049993519180514,0.03323014748011777,23.75,3.2999935191805143
9Iron,high_5.25in,20260824_120337,9,3,5,16,four4_path_tdm,21.89493478312521,0.00417762924228593,23.75,-1.8550652168747916
9Iron,high_5.25in,20260824_120337,9,4,4,12,two8,26.94679173784626,0.03954280628052542,23.75,3.1967917378462616
9Iron,high_5.25in,20260824_120337,9,4,4,12,four4_path_tdm,22.46299057505346,0.00510518019259365,23.75,-1.2870094249465396
9Iron,high_5.25in,20260824_120337,10,0,9,28,two8,21.027193948962786,0.00514570807055259,20.669999999999998,0.357193948962788
9Iron,high_5.25in,20260824_120337,10,0,9,28,four4_path_tdm,16.834581135854865,0.0018173316346568047,20.669999999999998,-3.835418864145133
9Iron,high_5.25in,20260824_120337,10,1,8,24,two8,21.075184131108223,0.005690043682337498,20.669999999999998,0.40518413110822493
9Iron,high_5.25in,20260824_120337,10,1,8,24,four4_path_tdm,16.427088780926905,0.0018454515541721506,20.669999999999998,-4.242911219073093
9Iron,high_5.25in,20260824_120337,10,2,7,20,two8,21.458644813854665,0.006957562593946642,20.669999999999998,0.7886448138546669
9Iron,high_5.25in,20260824_120337,10,2,7,20,four4_path_tdm,15.941783771500457,0.0016788412611838943,20.669999999999998,-4.728216228499541
9Iron,high_5.25in,20260824_120337,10,3,6,16,two8,21.40716231079889,0.008240692247096004,20.669999999999998,0.7371623107988903
9Iron,high_5.25in,20260824_120337,10,3,6,16,four4_path_tdm,16.410913710358745,0.0016160450964037842,20.669999999999998,-4.259086289641253
9Iron,high_5.25in,20260824_120337,10,4,5,12,two8,21.79575970612729,0.009946167196600575,20.669999999999998,1.1257597061272904
9Iron,high_5.25in,20260824_120337,10,4,5,12,four4_path_tdm,17.859279150887282,0.0021483185457431553,20.669999999999998,-2.810720849112716
9Iron,high_5.25in,20260824_120337,11,0,8,24,two8,26.103473495128032,0.007673922112336307,24.896999999999984,1.2064734951280478
9Iron,high_5.25in,20260824_120337,11,0,8,24,four4_path_tdm,22.111167742689755,0.0032802613498568167,24.896999999999984,-2.785832257310229
9Iron,high_5.25in,20260824_120337,11,1,7,20,two8,26.360327715184106,0.011920321392915989,24.896999999999984,1.4633277151841213
9Iron,high_5.25in,20260824_120337,11,1,7,20,four4_path_tdm,22.509366634534253,0.003763159194010157,24.896999999999984,-2.3876333654657316
9Iron,high_5.25in,20260824_120337,11,2,6,16,two8,26.614223146603504,0.014031704226072694,24.896999999999984,1.7172231466035193
9Iron,high_5.25in,20260824_120337,11,2,6,16,four4_path_tdm,22.021344680181905,0.0038625204411828484,24.896999999999984,-2.8756553198180796
9Iron,high_5.25in,20260824_120337,11,3,5,12,two8,26.750537053773023,0.015902137044399467,24.896999999999984,1.8535370537730387
9Iron,high_5.25in,20260824_120337,11,3,5,12,four4_path_tdm,21.81618452656037,0.00421776708497279,24.896999999999984,-3.080815473439614
9Iron,high_5.25in,20260824_120337,12,0,9,32,two8,-0.39204035977696644,6.87054756908223e-05,18.14899999999999,-18.541040359776957
9Iron,high_5.25in,20260824_120337,12,0,9,32,four4_path_tdm,18.314354373351158,0.0038954110528575114,18.14899999999999,0.16535437335116754
9Iron,high_5.25in,20260824_120337,12,1,8,30,two8,-1.36255531445617,7.448821057087773e-05,18.14899999999999,-19.51155531445616
9Iron,high_5.25in,20260824_120337,12,1,8,30,four4_path_tdm,17.909763903190775,0.003298994820382317,18.14899999999999,-0.23923609680921487
9Iron,high_5.25in,20260824_120337,12,2,7,26,two8,-1.8558244041330578,0.00010581233881434837,18.14899999999999,-20.004824404133046
9Iron,high_5.25in,20260824_120337,12,2,7,26,four4_path_tdm,18.026293452050904,0.003736830956989845,18.14899999999999,-0.12270654794908609
9Iron,high_5.25in,20260824_120337,12,3,6,22,two8,-2.1038558016369913,0.0001622728499957038,18.14899999999999,-20.252855801636983
9Iron,high_5.25in,20260824_120337,12,3,6,22,four4_path_tdm,17.523015547641734,0.006069757301250478,18.14899999999999,-0.6259844523582565
9Iron,high_5.25in,20260824_120337,12,4,5,18,two8,-2.083729610580468,0.00017979565152548282,18.14899999999999,-20.232729610580456
9Iron,high_5.25in,20260824_120337,12,4,5,18,four4_path_tdm,17.4140692457871,0.0068524372710041526,18.14899999999999,-0.7349307542128898
9Iron,high_5.25in,20260824_120337,13,0,8,29,two8,19.518313635592364,0.0018073883377771605,21.017999999999997,-1.4996863644076335
9Iron,high_5.25in,20260824_120337,13,0,8,29,four4_path_tdm,16.742428853417806,0.001851122908836933,21.017999999999997,-4.275571146582191
9Iron,high_5.25in,20260824_120337,13,1,7,28,two8,19.968367224522595,0.0024467634105241887,21.017999999999997,-1.0496327754774022
9Iron,high_5.25in,20260824_120337,13,1,7,28,four4_path_tdm,17.014315385791676,0.002305942312211151,21.017999999999997,-4.003684614208321
9Iron,high_5.25in,20260824_120337,13,2,6,24,two8,20.54209696883714,0.003377535291251177,21.017999999999997,-0.4759030311628578
9Iron,high_5.25in,20260824_120337,13,2,6,24,four4_path_tdm,18.497679815504384,0.0030225309019571434,21.017999999999997,-2.5203201844956133
9Iron,high_5.25in,20260824_120337,13,3,5,20,two8,21.627707269555803,0.005082770342401011,21.017999999999997,0.6097072695558055
9Iron,high_5.25in,20260824_120337,13,3,5,20,four4_path_tdm,18.71521268172635,0.003360883305338902,21.017999999999997,-2.302787318273648
9Iron,high_5.25in,20260824_120337,13,4,4,16,two8,22.199419594435117,0.006790533424898104,21.017999999999997,1.1814195944351198
9Iron,high_5.25in,20260824_120337,13,4,4,16,four4_path_tdm,18.95496453567177,0.002743022909377446,21.017999999999997,-2.0630354643282267
9Iron,high_5.25in,20260824_120337,14,0,7,25,two8,24.992353225287196,0.007608121689150482,22.69499999999999,2.297353225287207
9Iron,high_5.25in,20260824_120337,14,0,7,25,four4_path_tdm,17.919928271075214,0.000880219991850284,22.69499999999999,-4.775071728924775
9Iron,high_5.25in,20260824_120337,14,1,6,21,two8,25.000835484375262,0.008807571285320837,22.69499999999999,2.3058354843752724
9Iron,high_5.25in,20260824_120337,14,1,6,21,four4_path_tdm,17.715904889565437,0.0024127032838774376,22.69499999999999,-4.979095110434553
9Iron,high_5.25in,20260824_120337,14,2,5,17,two8,25.495668287877674,0.007725746791507504,22.69499999999999,2.8006682878776843
9Iron,high_5.25in,20260824_120337,14,2,5,17,four4_path_tdm,17.625186189735246,0.0027250229390454184,22.69499999999999,-5.069813810264744
9Iron,high_5.25in,20260824_120337,14,3,4,13,two8,25.741023044005576,0.009706741658411122,22.69499999999999,3.0460230440055867
9Iron,high_5.25in,20260824_120337,14,3,4,13,four4_path_tdm,14.468015316444749,0.0014722116909242633,22.69499999999999,-8.22698468355524
9Iron,high_5.25in,20260824_120337,15,0,8,28,two8,23.06457848661266,0.011558891535032423,21.487999999999992,1.576578486612668
9Iron,high_5.25in,20260824_120337,15,0,8,28,four4_path_tdm,19.70212892629937,0.0036242223245781524,21.487999999999992,-1.7858710737006227
9Iron,high_5.25in,20260824_120337,15,1,7,24,two8,23.22207362330076,0.013015522802956703,21.487999999999992,1.734073623300766
9Iron,high_5.25in,20260824_120337,15,1,7,24,four4_path_tdm,19.753292434930167,0.00018385231874962216,21.487999999999992,-1.7347075650698258
9Iron,high_5.25in,20260824_120337,15,2,6,20,two8,23.70393192353799,0.00757351646466331,21.487999999999992,2.2159319235379975
9Iron,high_5.25in,20260824_120337,15,2,6,20,four4_path_tdm,19.607777828006448,0.004519329349453205,21.487999999999992,-1.8802221719935446
9Iron,high_5.25in,20260824_120337,15,3,5,16,two8,23.983992298565703,0.008411071988126517,21.487999999999992,2.49599229856571
9Iron,high_5.25in,20260824_120337,15,3,5,16,four4_path_tdm,21.168570062787996,0.0037525161730724843,21.487999999999992,-0.3194299372119964
9Iron,high_5.25in,20260824_120337,15,4,4,12,two8,23.94542748257335,0.010645850875256047,21.487999999999992,2.457427482573358
9Iron,high_5.25in,20260824_120337,15,4,4,12,four4_path_tdm,21.37577399981582,0.030617210612213785,21.487999999999992,-0.11222600018417239
9Iron,high_5.25in,20260824_120337,16,0,10,30,two8,25.2951058357935,0.012498276565685362,22.95899999999999,2.3361058357935107
9Iron,high_5.25in,20260824_120337,16,0,10,30,four4_path_tdm,22.50614201777903,0.002905824653357758,22.95899999999999,-0.45285798222095863
9Iron,high_5.25in,20260824_120337,16,1,9,26,two8,25.363124991018275,0.01387433248667791,22.95899999999999,2.4041249910182856
9Iron,high_5.25in,20260824_120337,16,1,9,26,four4_path_tdm,22.382710594587095,0.003163824474892829,22.95899999999999,-0.5762894054128935
9Iron,high_5.25in,20260824_120337,16,2,8,22,two8,25.311412552951495,0.015648870284869165,22.95899999999999,2.352412552951506
9Iron,high_5.25in,20260824_120337,16,2,8,22,four4_path_tdm,22.64471300553563,0.003451461618701801,22.95899999999999,-0.3142869944643607
9Iron,high_5.25in,20260824_120337,16,3,7,18,two8,25.095177298682167,0.01168367344300214,22.95899999999999,2.1361772986821776
9Iron,high_5.25in,20260824_120337,16,3,7,18,four4_path_tdm,22.616041791447874,0.0037307196574536405,22.95899999999999,-0.34295820855211545
9Iron,high_5.25in,20260824_120337,16,4,6,14,two8,25.17089000055221,0.013021991497645491,22.95899999999999,2.21189000055222
9Iron,high_5.25in,20260824_120337,16,4,6,14,four4_path_tdm,22.028053375561583,0.003693441399414521,22.95899999999999,-0.9309466244384055
5Iron,high_5.25in,20260824_120337,17,0,8,27,two8,9.211061394672083,0.0031365596653532,12.645999999999962,-3.434938605327879
5Iron,high_5.25in,20260824_120337,17,0,8,27,four4_path_tdm,11.921326496752357,0.0009230062922966908,12.645999999999962,-0.7246735032476046
5Iron,high_5.25in,20260824_120337,17,1,7,23,two8,9.241901197754043,0.0035427725138863497,12.645999999999962,-3.404098802245919
5Iron,high_5.25in,20260824_120337,17,1,7,23,four4_path_tdm,11.531579250292095,0.000936484418790684,12.645999999999962,-1.1144207497078664
5Iron,high_5.25in,20260824_120337,17,2,6,19,two8,8.969243985206045,0.004111699827015869,12.645999999999962,-3.6767560147939164
5Iron,high_5.25in,20260824_120337,17,2,6,19,four4_path_tdm,11.41178733786311,0.0010073673956574325,12.645999999999962,-1.2342126621368514
5Iron,high_5.25in,20260824_120337,17,3,5,15,two8,9.038904812978032,0.00461851800368418,12.645999999999962,-3.6070951870219297
5Iron,high_5.25in,20260824_120337,17,3,5,15,four4_path_tdm,9.203261949595403,0.0006381322676882739,12.645999999999962,-3.442738050404559
5Iron,high_5.25in,20260824_120337,18,0,7,26,two8,8.099869263756663,0.002132409266031754,12.951000000000041,-4.851130736243379
5Iron,high_5.25in,20260824_120337,18,0,7,26,four4_path_tdm,11.476735999603259,0.0005623062284434432,12.951000000000041,-1.4742640003967828
5Iron,high_5.25in,20260824_120337,18,1,6,22,two8,8.058219719819865,0.002468769141330762,12.951000000000041,-4.892780280180176
5Iron,high_5.25in,20260824_120337,18,1,6,22,four4_path_tdm,11.68222522235568,0.00063381092520709,12.951000000000041,-1.2687747776443619
5Iron,high_5.25in,20260824_120337,18,2,5,18,two8,7.668926413760687,0.003949781793131546,12.951000000000041,-5.282073586239354
5Iron,high_5.25in,20260824_120337,18,2,5,18,four4_path_tdm,10.432114110896933,0.0006121399665957039,12.951000000000041,-2.5188858891031085
5Iron,high_5.25in,20260824_120337,18,3,4,14,two8,7.771163988143722,0.003135789315855675,12.951000000000041,-5.179836011856319
5Iron,high_5.25in,20260824_120337,18,3,4,14,four4_path_tdm,9.796082621366375,0.0006223069351150023,12.951000000000041,-3.154917378633666
5Iron,high_5.25in,20260824_120337,19,0,5,20,two8,9.83479016615707,0.003463303779737581,14.73399999999999,-4.899209833842919
5Iron,high_5.25in,20260824_120337,19,0,5,20,four4_path_tdm,15.552159883098833,0.004063362318486696,14.73399999999999,0.8181598830988435
5Iron,high_5.25in,20260824_120337,19,1,4,16,two8,9.881785791645166,0.004075607804296055,14.73399999999999,-4.852214208354823
5Iron,high_5.25in,20260824_120337,19,1,4,16,four4_path_tdm,15.030533057445748,0.0010132709436767584,14.73399999999999,0.29653305744575853
5Iron,high_5.25in,20260824_120337,19,2,3,12,two8,9.843127481479751,0.0041578064217580035,14.73399999999999,-4.890872518520238
5Iron,high_5.25in,20260824_120337,19,2,3,12,four4_path_tdm,15.56756098235833,0.006669568373671719,14.73399999999999,0.8335609823583408
5Iron,high_5.25in,20260824_120337,20,0,7,28,two8,8.953409179272839,0.001572074808026347,13.445999999999975,-4.492590820727136
5Iron,high_5.25in,20260824_120337,20,0,7,28,four4_path_tdm,3.143294165790309,7.230102427846496e-05,13.445999999999975,-10.302705834209666
5Iron,high_5.25in,20260824_120337,20,1,6,24,two8,9.193559732204282,0.0017524480468520398,13.445999999999975,-4.252440267795693
5Iron,high_5.25in,20260824_120337,20,1,6,24,four4_path_tdm,3.303348333953752,9.970760935695822e-05,13.445999999999975,-10.142651666046223
5Iron,high_5.25in,20260824_120337,20,2,5,20,two8,9.486312962956836,0.0028132035831665014,13.445999999999975,-3.959687037043139
5Iron,high_5.25in,20260824_120337,20,2,5,20,four4_path_tdm,-2.0610739413524293,8.947493753641567e-05,13.445999999999975,-15.507073941352404
5Iron,high_5.25in,20260824_120337,20,3,4,16,two8,10.202877867689839,0.0033752573233798433,13.445999999999975,-3.243122132310136
5Iron,high_5.25in,20260824_120337,20,3,4,16,four4_path_tdm,-2.359812452120593,0.0001669020633956464,13.445999999999975,-15.805812452120568
5Iron,high_5.25in,20260824_120337,20,4,3,12,two8,11.226447763701513,0.0014117993735680567,13.445999999999975,-2.219552236298462
5Iron,high_5.25in,20260824_120337,20,4,3,12,four4_path_tdm,-2.4322264198574586,0.00010340269404807145,13.445999999999975,-15.878226419857434
5Iron,high_5.25in,20260824_120337,21,0,7,26,two8,13.463000703191952,0.0048109752180718335,14.641999999999975,-1.1789992968080227
5Iron,high_5.25in,20260824_120337,21,0,7,26,four4_path_tdm,15.246766128238043,0.0010640199953819707,14.641999999999975,0.6047661282380687
5Iron,high_5.25in,20260824_120337,21,1,6,22,two8,13.53452541151105,0.005487509871108243,14.641999999999975,-1.107474588488925
5Iron,high_5.25in,20260824_120337,21,1,6,22,four4_path_tdm,15.436022387038388,0.002196328073680087,14.641999999999975,0.7940223870384138
5Iron,high_5.25in,20260824_120337,21,2,5,18,two8,13.539543172592056,0.006255069507255628,14.641999999999975,-1.1024568274079183
5Iron,high_5.25in,20260824_120337,21,2,5,18,four4_path_tdm,15.64578590923577,0.002469516168736696,14.641999999999975,1.0037859092357948
5Iron,high_5.25in,20260824_120337,21,3,4,14,two8,13.41986307301424,0.006796678932514677,14.641999999999975,-1.2221369269857352
5Iron,high_5.25in,20260824_120337,21,3,4,14,four4_path_tdm,15.038473431956934,0.0014921158133560652,14.641999999999975,0.3964734319569594
5Iron,high_5.25in,20260824_120337,22,0,6,22,two8,9.625670623941758,0.002075409079159929,15.292999999999994,-5.667329376058236
5Iron,high_5.25in,20260824_120337,22,0,6,22,four4_path_tdm,6.251114671547735,0.0006359327726863651,15.292999999999994,-9.04188532845226
5Iron,high_5.25in,20260824_120337,22,1,5,18,two8,9.261407809755822,0.0024672320544314452,15.292999999999994,-6.031592190244172
5Iron,high_5.25in,20260824_120337,22,1,5,18,four4_path_tdm,5.672120930966166,0.00015777782388504136,15.292999999999994,-9.620879069033828
5Iron,high_5.25in,20260824_120337,22,2,4,14,two8,8.938556403763485,0.002170407190360102,15.292999999999994,-6.354443596236509
5Iron,high_5.25in,20260824_120337,22,2,4,14,four4_path_tdm,4.4534839464037494,0.000126572352193266,15.292999999999994,-10.839516053596245
5Iron,high_5.25in,20260824_120337,23,0,9,24,two8,9.359890226716338,0.0043674414748620105,12.148999999999976,-2.789109773283638
5Iron,high_5.25in,20260824_120337,23,0,9,24,four4_path_tdm,13.233610339928443,0.001055916456599526,12.148999999999976,1.0846103399284672
5Iron,high_5.25in,20260824_120337,23,1,8,23,two8,9.278103541553604,0.004943484951509092,12.148999999999976,-2.8708964584463725
5Iron,high_5.25in,20260824_120337,23,1,8,23,four4_path_tdm,12.842313665917146,0.001217970994646933,12.148999999999976,0.6933136659171701
5Iron,high_5.25in,20260824_120337,23,2,7,19,two8,9.343398796850353,0.005455229192810274,12.148999999999976,-2.8056012031496227
5Iron,high_5.25in,20260824_120337,23,2,7,19,four4_path_tdm,13.059841362408687,0.0012839076676973704,12.148999999999976,0.9108413624087106
5Iron,high_5.25in,20260824_120337,23,3,6,15,two8,9.505951244880865,0.005788809342699874,12.148999999999976,-2.6430487551191106
5Iron,high_5.25in,20260824_120337,23,3,6,15,four4_path_tdm,11.740246267865958,0.001007095104808453,12.148999999999976,-0.4087537321340182
5Iron,high_5.25in,20260824_120337,23,4,5,13,two8,9.50489693894751,0.006424659782194642,12.148999999999976,-2.6441030610524656
5Iron,high_5.25in,20260824_120337,23,4,5,13,four4_path_tdm,11.98177920233532,0.0012125446554003272,12.148999999999976,-0.16722079766465647
5Iron,high_5.25in,20260824_120337,24,0,10,33,two8,11.125239038576547,0.007096570394447221,13.886999999999997,-2.76176096142345
5Iron,high_5.25in,20260824_120337,24,0,10,33,four4_path_tdm,13.884610579125454,0.0052543723644631335,13.886999999999997,-0.002389420874543191
5Iron,high_5.25in,20260824_120337,24,1,9,29,two8,11.176488298928014,0.007723797324964421,13.886999999999997,-2.710511701071983
5Iron,high_5.25in,20260824_120337,24,1,9,29,four4_path_tdm,13.955973021695698,0.005756938566285452,13.886999999999997,0.06897302169570096
5Iron,high_5.25in,20260824_120337,24,2,8,25,two8,11.302335672994806,0.004202711335969056,13.886999999999997,-2.584664327005191
5Iron,high_5.25in,20260824_120337,24,2,8,25,four4_path_tdm,13.81148760044551,0.006461022220085155,13.886999999999997,-0.07551239955448708
5Iron,high_5.25in,20260824_120337,24,3,7,21,two8,11.074856387118269,0.009386687224356649,13.886999999999997,-2.8121436128817283
5Iron,high_5.25in,20260824_120337,24,3,7,21,four4_path_tdm,13.589587484914812,0.001509024115076807,13.886999999999997,-0.29741251508518474
5Iron,high_5.25in,20260824_120337,24,4,6,17,two8,12.0445683523341,0.0035420949633455656,13.886999999999997,-1.8424316476658973
5Iron,high_5.25in,20260824_120337,24,4,6,17,four4_path_tdm,11.91073275389268,0.00013215544234945753,13.886999999999997,-1.9762672461073176
5Iron,high_5.25in,20260824_120337,25,0,12,43,two8,-1.5264259674866103,0.0011239577936810186,0.669999999999999,-2.1964259674866096
5Iron,high_5.25in,20260824_120337,25,0,12,43,four4_path_tdm,-1.6319612228167486,0.00019693057387248913,0.669999999999999,-2.3019612228167476
5Iron,high_5.25in,20260824_120337,25,1,11,39,two8,-1.4903484485946288,0.0012016511132930674,0.669999999999999,-2.160348448594628
5Iron,high_5.25in,20260824_120337,25,1,11,39,four4_path_tdm,-1.8787588162624793,0.0002448543291648786,0.669999999999999,-2.5487588162624784
5Iron,high_5.25in,20260824_120337,25,2,10,35,two8,-1.3800032839449536,0.0012310520099911848,0.669999999999999,-2.0500032839449527
5Iron,high_5.25in,20260824_120337,25,2,10,35,four4_path_tdm,-1.788007213916111,0.00025171044914151786,0.669999999999999,-2.45800721391611
5Iron,high_5.25in,20260824_120337,25,3,9,31,two8,-1.3375573579381765,0.001322745221678634,0.669999999999999,-2.0075573579381754
5Iron,high_5.25in,20260824_120337,25,3,9,31,four4_path_tdm,-1.7559557311676044,0.00026515758473166784,0.669999999999999,-2.4259557311676034
5Iron,high_5.25in,20260824_120337,25,4,8,27,two8,-1.2649085120281272,0.0013647740155970922,0.669999999999999,-1.9349085120281262
5Iron,high_5.25in,20260824_120337,25,4,8,27,four4_path_tdm,-1.647153266010704,0.00022008765688186216,0.669999999999999,-2.317153266010703
5Iron,high_5.25in,20260824_120337,26,0,5,18,two8,12.148079019088833,0.0011672179169086583,16.00899999999998,-3.860920980911146
5Iron,high_5.25in,20260824_120337,26,0,5,18,four4_path_tdm,18.149988832874268,0.0010961102325026673,16.00899999999998,2.1409888328742888
5Iron,high_5.25in,20260824_120337,26,1,4,14,two8,11.280335431680848,0.0010597755322838687,16.00899999999998,-4.728664568319131
5Iron,high_5.25in,20260824_120337,26,1,4,14,four4_path_tdm,14.76617582365035,0.0008186484110577208,16.00899999999998,-1.2428241763496288
5Iron,high_5.25in,20260824_120337,27,0,6,22,two8,8.142249554173048,0.002719871951000652,12.701999999999998,-4.55975044582695
5Iron,high_5.25in,20260824_120337,27,0,6,22,four4_path_tdm,7.427635353125628,0.0003212633355049732,12.701999999999998,-5.27436464687437
5Iron,high_5.25in,20260824_120337,27,1,5,18,two8,7.976211301653343,0.0032595656408760387,12.701999999999998,-4.725788698346655
5Iron,high_5.25in,20260824_120337,27,1,5,18,four4_path_tdm,7.158916510141021,0.00032436164668037115,12.701999999999998,-5.543083489858978
5Iron,high_5.25in,20260824_120337,27,2,4,14,two8,7.6811362352503245,0.0033411778034193595,12.701999999999998,-5.020863764749674
5Iron,high_5.25in,20260824_120337,27,2,4,14,four4_path_tdm,7.049162786436251,0.00033680543521796835,12.701999999999998,-5.652837213563747
5Iron,high_5.25in,20260824_120337,28,0,8,26,two8,7.996848544699007,0.0033702169686065098,12.355000000000029,-4.358151455301022
5Iron,high_5.25in,20260824_120337,28,0,8,26,four4_path_tdm,8.318383238520935,0.0003487742224659307,12.355000000000029,-4.0366167614790935
5Iron,high_5.25in,20260824_120337,28,1,7,22,two8,8.008616722496505,0.003823248112154287,12.355000000000029,-4.346383277503524
5Iron,high_5.25in,20260824_120337,28,1,7,22,four4_path_tdm,7.203738470932937,0.0002675440453481226,12.355000000000029,-5.151261529067092
5Iron,high_5.25in,20260824_120337,28,2,6,18,two8,8.2074040754716,0.004252292853892614,12.355000000000029,-4.14759592452843
5Iron,high_5.25in,20260824_120337,28,2,6,18,four4_path_tdm,8.286561012444777,0.00044248375834854414,12.355000000000029,-4.068438987555252
5Iron,high_5.25in,20260824_120337,28,3,5,14,two8,8.584617679843905,0.002832517197189688,12.355000000000029,-3.7703823201561235
5Iron,high_5.25in,20260824_120337,28,3,5,14,four4_path_tdm,8.914321834458159,0.0004470275747838759,12.355000000000029,-3.44067816554187
5Iron,high_5.25in,20260824_120337,29,0,6,21,two8,5.848653428221247,0.0010377868917874622,13.308999999999976,-7.46034657177873
5Iron,high_5.25in,20260824_120337,29,0,6,21,four4_path_tdm,11.585017472975325,0.0006403299085941949,13.308999999999976,-1.723982527024651
5Iron,high_5.25in,20260824_120337,29,1,5,17,two8,5.5301375112031295,0.0010261801336575171,13.308999999999976,-7.778862488796847
5Iron,high_5.25in,20260824_120337,29,1,5,17,four4_path_tdm,10.780501586587045,0.0007069690431487086,13.308999999999976,-2.5284984134129314
5Iron,high_5.25in,20260824_120337,29,2,4,13,two8,5.964319443303782,0.0013278273066195112,13.308999999999976,-7.344680556696194
5Iron,high_5.25in,20260824_120337,29,2,4,13,four4_path_tdm,11.674019399795558,0.0008456586617786588,13.308999999999976,-1.6349806002044183
5Iron,high_5.25in,20260824_120337,30,0,7,24,two8,6.618626935322163,0.0008091204672642238,15.307999999999982,-8.68937306467782
5Iron,high_5.25in,20260824_120337,30,0,7,24,four4_path_tdm,18.23042479199584,0.0017857594655295017,15.307999999999982,2.9224247919958586
5Iron,high_5.25in,20260824_120337,30,1,6,20,two8,5.800299947231028,0.0008405381455199867,15.307999999999982,-9.507700052768953
5Iron,high_5.25in,20260824_120337,30,1,6,20,four4_path_tdm,17.677958242521154,0.0020115464785464,15.307999999999982,2.3699582425211716
5Iron,high_5.25in,20260824_120337,30,2,5,16,two8,5.480068331307774,0.00083508094713447,15.307999999999982,-9.827931668692209
5Iron,high_5.25in,20260824_120337,30,2,5,16,four4_path_tdm,17.35655638028433,0.00242569923475644,15.307999999999982,2.0485563802843494
5Iron,high_5.25in,20260824_120337,30,3,4,12,two8,5.176244230790691,0.0007642698853584928,15.307999999999982,-10.131755769209292
5Iron,high_5.25in,20260824_120337,30,3,4,12,four4_path_tdm,17.992657971141732,0.0027798642711993615,15.307999999999982,2.6846579711417498
5Iron,high_5.25in,20260824_120337,31,0,7,25,two8,8.226208517595332,0.0007391139414361092,14.625999999999978,-6.3997914824046465
5Iron,high_5.25in,20260824_120337,31,0,7,25,four4_path_tdm,15.304491433821784,0.0011704168785668934,14.625999999999978,0.6784914338218062
5Iron,high_5.25in,20260824_120337,31,1,6,21,two8,7.841213339631537,0.0007337024376271595,14.625999999999978,-6.784786660368441
5Iron,high_5.25in,20260824_120337,31,1,6,21,four4_path_tdm,14.46480424968363,0.0020785921399952834,14.625999999999978,-0.1611957503163488
5Iron,high_5.25in,20260824_120337,31,2,5,17,two8,7.230273361525032,0.0007819454048554331,14.625999999999978,-7.3957266384749465
5Iron,high_5.25in,20260824_120337,31,2,5,17,four4_path_tdm,14.755007017097164,0.0013494160942371103,14.625999999999978,0.12900701709718554
5Iron,high_5.25in,20260824_120337,31,3,4,13,two8,8.932713142679868,0.0008161981517612604,14.625999999999978,-5.6932868573201105
5Iron,high_5.25in,20260824_120337,31,3,4,13,four4_path_tdm,13.798807103918502,0.0023351644569720165,14.625999999999978,-0.8271928960814758
5Iron,low_2.875in,20260824_121914,1,0,9,29,two8,8.927520070994115,0.002970383634995244,11.811000000000005,-2.8834799290058903
5Iron,low_2.875in,20260824_121914,1,0,9,29,four4_path_tdm,17.039319323322808,0.001650616024178042,11.811000000000005,5.228319323322802
5Iron,low_2.875in,20260824_121914,1,1,8,25,two8,8.835422974488788,0.0033513182084663473,11.811000000000005,-2.9755770255112175
5Iron,low_2.875in,20260824_121914,1,1,8,25,four4_path_tdm,16.899862521852544,0.0018648331840387389,11.811000000000005,5.088862521852539
5Iron,low_2.875in,20260824_121914,1,2,7,21,two8,8.66399909372709,0.0029072415355109182,11.811000000000005,-3.1470009062729147
5Iron,low_2.875in,20260824_121914,1,2,7,21,four4_path_tdm,16.972231006940483,0.002092166206647317,11.811000000000005,5.161231006940477
5Iron,low_2.875in,20260824_121914,1,3,6,17,two8,8.847395574870971,0.0035655002405687863,11.811000000000005,-2.9636044251290343
5Iron,low_2.875in,20260824_121914,1,3,6,17,four4_path_tdm,16.94967832715791,0.0022706559818139738,11.811000000000005,5.138678327157903
5Iron,low_2.875in,20260824_121914,1,4,5,13,two8,9.042371061015055,0.004047675928608552,11.811000000000005,-2.76862893898495
5Iron,low_2.875in,20260824_121914,1,4,5,13,four4_path_tdm,16.30959580683294,0.00239442819153024,11.811000000000005,4.498595806832936
5Iron,low_2.875in,20260824_121914,2,0,6,24,two8,7.4400704353338,0.003305231602327652,13.066999999999979,-5.626929564666179
5Iron,low_2.875in,20260824_121914,2,0,6,24,four4_path_tdm,9.571841790659727,0.0031854516871465677,13.066999999999979,-3.495158209340252
5Iron,low_2.875in,20260824_121914,2,1,5,20,two8,7.299269677615845,0.0039660636797043125,13.066999999999979,-5.767730322384134
5Iron,low_2.875in,20260824_121914,2,1,5,20,four4_path_tdm,9.508374724818694,0.003828896470965404,13.066999999999979,-3.558625275181285
5Iron,low_2.875in,20260824_121914,2,2,4,16,two8,7.503696929867278,0.004066830313835812,13.066999999999979,-5.563303070132701
5Iron,low_2.875in,20260824_121914,2,2,4,16,four4_path_tdm,9.728944458157764,0.0046019386303250975,13.066999999999979,-3.3380555418422144
5Iron,low_2.875in,20260824_121914,2,3,3,12,two8,7.432870324681137,0.004844635720157697,13.066999999999979,-5.6341296753188415
5Iron,low_2.875in,20260824_121914,2,3,3,12,four4_path_tdm,9.484950420008012,0.006123259039348294,13.066999999999979,-3.582049579991967
5Iron,low_2.875in,20260824_121914,3,0,9,31,two8,7.633130323081405,0.005600335041227478,12.243999999999973,-4.610869676918568
5Iron,low_2.875in,20260824_121914,3,0,9,31,four4_path_tdm,9.27848603503532,0.0007850974469159056,12.243999999999973,-2.9655139649646536
5Iron,low_2.875in,20260824_121914,3,1,8,27,two8,7.836047573393701,0.006125290165004849,12.243999999999973,-4.407952426606272
5Iron,low_2.875in,20260824_121914,3,1,8,27,four4_path_tdm,9.101255725288727,0.0007627303753343639,12.243999999999973,-3.142744274711246
5Iron,low_2.875in,20260824_121914,3,2,7,23,two8,8.053349697536538,0.006469229619600059,12.243999999999973,-4.190650302463435
5Iron,low_2.875in,20260824_121914,3,2,7,23,four4_path_tdm,9.627414327441775,0.0008688373273906258,12.243999999999973,-2.616585672558198
5Iron,low_2.875in,20260824_121914,3,3,6,19,two8,8.349305985263499,0.012236493110197477,12.243999999999973,-3.8946940147364746
5Iron,low_2.875in,20260824_121914,3,3,6,19,four4_path_tdm,6.091917041335071,0.002587776611309156,12.243999999999973,-6.152082958664902
5Iron,low_2.875in,20260824_121914,3,4,5,15,two8,8.43978433907198,0.014098790865301414,12.243999999999973,-3.8042156609279925
5Iron,low_2.875in,20260824_121914,3,4,5,15,four4_path_tdm,5.901064749340549,0.003086944730085195,12.243999999999973,-6.3429352506594245
5Iron,low_2.875in,20260824_121914,4,0,5,17,two8,9.104618260767932,0.0018613500710784603,14.141000000000004,-5.0363817392320716
5Iron,low_2.875in,20260824_121914,4,0,5,17,four4_path_tdm,-1.4979045591585904,0.00018600348571506942,14.141000000000004,-15.638904559158593
5Iron,low_2.875in,20260824_121914,4,1,4,15,two8,9.231027460229358,0.0022867519151354987,14.141000000000004,-4.909972539770646
5Iron,low_2.875in,20260824_121914,4,1,4,15,four4_path_tdm,-1.4747661041292754,0.00023026884638133183,14.141000000000004,-15.615766104129278
5Iron,low_2.875in,20260824_121914,5,0,6,23,two8,-2.324127002240025,0.0001712271490166284,2.005999999999998,-4.3301270022400224
5Iron,low_2.875in,20260824_121914,5,0,6,23,four4_path_tdm,11.251539184372739,0.0033869310969654176,2.005999999999998,9.24553918437274
5Iron,low_2.875in,20260824_121914,5,1,5,19,two8,-2.3144966489246404,0.00020278303509457807,2.005999999999998,-4.320496648924639
5Iron,low_2.875in,20260824_121914,5,1,5,19,four4_path_tdm,11.164619052777155,0.0027050895318403434,2.005999999999998,9.158619052777157
5Iron,low_2.875in,20260824_121914,5,2,4,15,two8,-2.2339987494266924,0.00019315771541972282,2.005999999999998,-4.23999874942669
5Iron,low_2.875in,20260824_121914,5,2,4,15,four4_path_tdm,7.4020420740806,0.001694956574094686,2.005999999999998,5.3960420740806025
5Iron,low_2.875in,20260824_121914,6,0,9,36,two8,-4.326588188373207,0.0012262317454041494,3.534999999999999,-7.861588188373206
5Iron,low_2.875in,20260824_121914,6,0,9,36,four4_path_tdm,9.531785923541868,0.002431949305671921,3.534999999999999,5.99678592354187
5Iron,low_2.875in,20260824_121914,6,1,8,32,two8,-4.329268726628012,0.0013681924069506302,3.534999999999999,-7.86426872662801
5Iron,low_2.875in,20260824_121914,6,1,8,32,four4_path_tdm,9.554598900527266,0.0026923398148519517,3.534999999999999,6.019598900527267
5Iron,low_2.875in,20260824_121914,6,2,7,28,two8,-4.467935500385832,0.0013756631422365828,3.534999999999999,-8.002935500385831
5Iron,low_2.875in,20260824_121914,6,2,7,28,four4_path_tdm,9.943425533010872,0.00324282569289025,3.534999999999999,6.408425533010874
5Iron,low_2.875in,20260824_121914,6,3,6,24,two8,1.6048524113493094,0.001425668192106322,3.534999999999999,-1.9301475886506894
5Iron,low_2.875in,20260824_121914,6,3,6,24,four4_path_tdm,9.529751706243392,0.0033154572522309245,3.534999999999999,5.9947517062433935
5Iron,low_2.875in,20260824_121914,6,4,5,20,two8,1.6844028285600507,0.0015298845643498815,3.534999999999999,-1.850597171439948
5Iron,low_2.875in,20260824_121914,6,4,5,20,four4_path_tdm,9.770939086138585,0.0025720532247999195,3.534999999999999,6.235939086138586
5Iron,low_2.875in,20260824_121914,7,0,8,28,two8,7.049770128728068,0.006761474623224295,10.851999999999991,-3.8022298712719236
5Iron,low_2.875in,20260824_121914,7,0,8,28,four4_path_tdm,13.903064152532743,0.010356803964858052,10.851999999999991,3.051064152532751
5Iron,low_2.875in,20260824_121914,7,1,7,24,two8,7.031609496256301,0.00766973417948158,10.851999999999991,-3.82039050374369
5Iron,low_2.875in,20260824_121914,7,1,7,24,four4_path_tdm,13.933792075965885,0.011799680289494185,10.851999999999991,3.081792075965893
5Iron,low_2.875in,20260824_121914,7,2,6,20,two8,7.153125939598861,0.008670210697653946,10.851999999999991,-3.6988740604011303
5Iron,low_2.875in,20260824_121914,7,2,6,20,four4_path_tdm,13.96782155395415,0.01369368277141425,10.851999999999991,3.1158215539541594
5Iron,low_2.875in,20260824_121914,7,3,5,16,two8,7.102025771077463,0.009639519532202101,10.851999999999991,-3.749974228922529
5Iron,low_2.875in,20260824_121914,7,3,5,16,four4_path_tdm,13.950003811166905,0.016235554358026594,10.851999999999991,3.0980038111669135
5Iron,low_2.875in,20260824_121914,7,4,4,12,two8,7.2671182674126085,0.007111778078282782,10.851999999999991,-3.584881732587383
5Iron,low_2.875in,20260824_121914,7,4,4,12,four4_path_tdm,13.923427222003733,0.01983444288597558,10.851999999999991,3.0714272220037415
5Iron,low_2.875in,20260824_121914,8,0,8,27,two8,17.476079117954963,0.005695223812532513,17.65999999999999,-0.183920882045026
5Iron,low_2.875in,20260824_121914,8,0,8,27,four4_path_tdm,16.96958789228896,0.0012506056805114962,17.65999999999999,-0.6904121077110297
5Iron,low_2.875in,20260824_121914,8,1,7,25,two8,17.57203829824589,0.006449479402197866,17.65999999999999,-0.08796170175410012
5Iron,low_2.875in,20260824_121914,8,1,7,25,four4_path_tdm,16.926298317850033,0.0014078048790762132,17.65999999999999,-0.733701682149956
5Iron,low_2.875in,20260824_121914,8,2,6,21,two8,17.919403873717656,0.007525801580864577,17.65999999999999,0.25940387371766604
5Iron,low_2.875in,20260824_121914,8,2,6,21,four4_path_tdm,17.37233768581648,0.0016989738295949408,17.65999999999999,-0.2876623141835104
5Iron,low_2.875in,20260824_121914,8,3,5,17,two8,18.10115264070164,0.007224200617809151,17.65999999999999,0.44115264070164883
5Iron,low_2.875in,20260824_121914,8,3,5,17,four4_path_tdm,16.83926665068698,0.0016038850076225408,17.65999999999999,-0.8207333493130093
5Iron,low_2.875in,20260824_121914,8,4,4,13,two8,18.816045993970995,0.010597434942785311,17.65999999999999,1.1560459939710057
5Iron,low_2.875in,20260824_121914,8,4,4,13,four4_path_tdm,17.45887229034619,0.001973509656457928,17.65999999999999,-0.20112770965380022
5Iron,low_2.875in,20260824_121914,9,0,8,28,two8,10.129331234165269,0.005356915349826519,13.530999999999992,-3.4016687658347227
5Iron,low_2.875in,20260824_121914,9,0,8,28,four4_path_tdm,-5.0,,13.530999999999992,-18.53099999999999
5Iron,low_2.875in,20260824_121914,9,1,7,24,two8,10.020924987668895,0.0061983577096969,13.530999999999992,-3.5100750123310966
5Iron,low_2.875in,20260824_121914,9,1,7,24,four4_path_tdm,-5.0,,13.530999999999992,-18.53099999999999
5Iron,low_2.875in,20260824_121914,9,2,6,20,two8,10.158866877290963,0.006910367143909024,13.530999999999992,-3.3721331227090285
5Iron,low_2.875in,20260824_121914,9,2,6,20,four4_path_tdm,2.966596058288635,0.0010941428649140494,13.530999999999992,-10.564403941711356
5Iron,low_2.875in,20260824_121914,9,3,5,16,two8,10.44681885562109,0.007802435921001827,13.530999999999992,-3.084181144378901
5Iron,low_2.875in,20260824_121914,9,3,5,16,four4_path_tdm,-5.0,,13.530999999999992,-18.53099999999999
5Iron,low_2.875in,20260824_121914,9,4,4,12,two8,10.087999262463715,0.0062131356197383525,13.530999999999992,-3.443000737536277
5Iron,low_2.875in,20260824_121914,9,4,4,12,four4_path_tdm,3.0744474643894737,0.001559444636199947,13.530999999999992,-10.456552535610518
5Iron,low_2.875in,20260824_121914,10,0,9,36,two8,7.223527404222638,0.0031736263482544658,10.684999999999974,-3.4614725957773356
5Iron,low_2.875in,20260824_121914,10,0,9,36,four4_path_tdm,9.575254805217138,0.0020695812958912985,10.684999999999974,-1.1097451947828354
5Iron,low_2.875in,20260824_121914,10,1,8,32,two8,7.001875697423287,0.003625774437281848,10.684999999999974,-3.6831243025766867
5Iron,low_2.875in,20260824_121914,10,1,8,32,four4_path_tdm,9.428263881881302,0.002348284832274672,10.684999999999974,-1.2567361181186723
5Iron,low_2.875in,20260824_121914,10,2,7,28,two8,7.0474188653812595,0.0040511269317402565,10.684999999999974,-3.6375811346187144
5Iron,low_2.875in,20260824_121914,10,2,7,28,four4_path_tdm,9.477748949380667,0.002666586709447527,10.684999999999974,-1.2072510506193073
5Iron,low_2.875in,20260824_121914,10,3,6,24,two8,6.171086891880092,0.0032026266130016356,10.684999999999974,-4.513913108119882
5Iron,low_2.875in,20260824_121914,10,3,6,24,four4_path_tdm,9.77816461387858,0.0013157825884300145,10.684999999999974,-0.9068353861213936
5Iron,low_2.875in,20260824_121914,10,4,5,20,two8,7.2863938048741135,0.011898586759917729,10.684999999999974,-3.3986061951258604
5Iron,low_2.875in,20260824_121914,10,4,5,20,four4_path_tdm,10.023100909845525,0.0013439610307730554,10.684999999999974,-0.6618990901544493
5Iron,low_2.875in,20260824_121914,11,0,8,29,two8,4.532928554151488,0.0014950693193362952,11.318000000000016,-6.785071445848527
5Iron,low_2.875in,20260824_121914,11,0,8,29,four4_path_tdm,9.694557145750784,0.0010493943199563205,11.318000000000016,-1.623442854249232
5Iron,low_2.875in,20260824_121914,11,1,7,25,two8,4.500123284169972,0.0016314983804868177,11.318000000000016,-6.817876715830043
5Iron,low_2.875in,20260824_121914,11,1,7,25,four4_path_tdm,8.121337699652145,0.0017818513217460197,11.318000000000016,-3.196662300347871
5Iron,low_2.875in,20260824_121914,11,2,6,21,two8,4.9081157026896625,0.002671023715115517,11.318000000000016,-6.409884297310353
5Iron,low_2.875in,20260824_121914,11,2,6,21,four4_path_tdm,8.108732658532597,0.002012934647618758,11.318000000000016,-3.2092673414674184
5Iron,low_2.875in,20260824_121914,11,3,5,17,two8,4.7169811397890316,0.00166366064880763,11.318000000000016,-6.601018860210984
5Iron,low_2.875in,20260824_121914,11,3,5,17,four4_path_tdm,10.056095433965918,0.0012302099856624782,11.318000000000016,-1.2619045660340973
5Iron,low_2.875in,20260824_121914,11,4,4,13,two8,5.241748987301616,0.0031770786031719567,11.318000000000016,-6.0762510126984
5Iron,low_2.875in,20260824_121914,11,4,4,13,four4_path_tdm,9.338184643502906,0.001255634521090787,11.318000000000016,-1.9798153564971095
5Iron,low_2.875in,20260824_121914,12,0,8,29,two8,9.34319554868924,0.003588432970474953,13.710999999999995,-4.3678044513107555
5Iron,low_2.875in,20260824_121914,12,0,8,29,four4_path_tdm,6.419724522776128,0.0003658258874201792,13.710999999999995,-7.291275477223867
5Iron,low_2.875in,20260824_121914,12,1,7,25,two8,9.353126656190067,0.0040519497463802345,13.710999999999995,-4.357873343809928
5Iron,low_2.875in,20260824_121914,12,1,7,25,four4_path_tdm,5.716007458292852,0.0003076977468692288,13.710999999999995,-7.994992541707143
5Iron,low_2.875in,20260824_121914,12,2,6,21,two8,9.398781524499404,0.003995354813967511,13.710999999999995,-4.3122184755005915
5Iron,low_2.875in,20260824_121914,12,2,6,21,four4_path_tdm,4.8988460990998774,0.00028118027066925677,13.710999999999995,-8.812153900900118
5Iron,low_2.875in,20260824_121914,12,3,5,17,two8,9.879416107714524,0.007617675413922109,13.710999999999995,-3.8315838922854706
5Iron,low_2.875in,20260824_121914,12,3,5,17,four4_path_tdm,4.2715995606555826,0.0002547773228027683,13.710999999999995,-9.439400439344412
5Iron,low_2.875in,20260824_121914,12,4,4,13,two8,10.012841133789797,0.0036655475724198805,13.710999999999995,-3.698158866210198
5Iron,low_2.875in,20260824_121914,12,4,4,13,four4_path_tdm,5.636957728956807,0.0003837955937828763,13.710999999999995,-8.074042271043188
5Iron,low_2.875in,20260824_121914,13,0,6,23,two8,8.166767243099939,0.0018662835634291053,14.118999999999998,-5.9522327569000595
5Iron,low_2.875in,20260824_121914,13,0,6,23,four4_path_tdm,13.69972825666881,0.0007356524435713219,14.118999999999998,-0.4192717433311888
5Iron,low_2.875in,20260824_121914,13,1,5,19,two8,8.114094389000247,0.0021496767696660424,14.118999999999998,-6.004905610999751
5Iron,low_2.875in,20260824_121914,13,1,5,19,four4_path_tdm,13.114736909045345,0.0008046384399182926,14.118999999999998,-1.0042630909546535
5Iron,low_2.875in,20260824_121914,13,2,4,15,two8,8.27834372604984,0.0029381470914222607,14.118999999999998,-5.840656273950158
5Iron,low_2.875in,20260824_121914,13,2,4,15,four4_path_tdm,14.381792254093295,0.001132617702467753,14.118999999999998,0.26279225409329676
Driver,low_2.875in,20260824_121914,15,0,11,44,two8,9.212946107212264,0.0011205829616494078,11.080999999999968,-1.868053892787703
Driver,low_2.875in,20260824_121914,15,0,11,44,four4_path_tdm,20.569431266691304,0.0020908400154968643,11.080999999999968,9.488431266691336
Driver,low_2.875in,20260824_121914,15,1,10,40,two8,8.871536427282697,0.0012725619174904779,11.080999999999968,-2.2094635727172705
Driver,low_2.875in,20260824_121914,15,1,10,40,four4_path_tdm,20.67488956069348,0.0021925383302991985,11.080999999999968,9.593889560693512
Driver,low_2.875in,20260824_121914,15,2,9,36,two8,8.807667684759984,0.0013471301243719314,11.080999999999968,-2.2733323152399834
Driver,low_2.875in,20260824_121914,15,2,9,36,four4_path_tdm,20.763336098757485,0.0029287304874259235,11.080999999999968,9.682336098757517
Driver,low_2.875in,20260824_121914,15,3,8,32,two8,8.869605377706119,0.0014971302892223814,11.080999999999968,-2.2113946222938488
Driver,low_2.875in,20260824_121914,15,3,8,32,four4_path_tdm,21.054353787966384,0.0030957824989648053,11.080999999999968,9.973353787966417
Driver,low_2.875in,20260824_121914,15,4,7,28,two8,9.088799508039122,0.0016728978377146264,11.080999999999968,-1.9922004919608458
Driver,low_2.875in,20260824_121914,15,4,7,28,four4_path_tdm,21.199371693835605,0.0034536910537465992,11.080999999999968,10.118371693835638
Driver,low_2.875in,20260824_121914,16,0,10,40,two8,8.62256498233788,0.000879177221988936,11.159999999999961,-2.537435017662082
Driver,low_2.875in,20260824_121914,16,0,10,40,four4_path_tdm,22.848302271508988,0.009493611626973042,11.159999999999961,11.688302271509027
Driver,low_2.875in,20260824_121914,16,1,9,36,two8,8.465826851519388,0.0009776429213826932,11.159999999999961,-2.694173148480573
Driver,low_2.875in,20260824_121914,16,1,9,36,four4_path_tdm,22.93944890758564,0.010359915035643485,11.159999999999961,11.779448907585678
Driver,low_2.875in,20260824_121914,16,2,8,32,two8,8.802447709898763,0.0015553621756332348,11.159999999999961,-2.3575522901011983
Driver,low_2.875in,20260824_121914,16,2,8,32,four4_path_tdm,23.022558513790823,0.011539135438777492,11.159999999999961,11.862558513790862
Driver,low_2.875in,20260824_121914,16,3,7,28,two8,9.398249095424132,0.0018078578416075297,11.159999999999961,-1.7617509045758286
Driver,low_2.875in,20260824_121914,16,3,7,28,four4_path_tdm,23.220926164571882,0.012922576678376707,11.159999999999961,12.06092616457192
Driver,low_2.875in,20260824_121914,16,4,6,24,two8,9.684408036910689,0.0019982359574646225,11.159999999999961,-1.475591963089272
Driver,low_2.875in,20260824_121914,16,4,6,24,four4_path_tdm,23.298968340904057,0.009768671961531084,11.159999999999961,12.138968340904096
Driver,low_2.875in,20260824_121914,17,0,12,44,two8,7.956044301279937,0.0008377156953287557,10.941999999999961,-2.9859556987200238
Driver,low_2.875in,20260824_121914,17,0,12,44,four4_path_tdm,25.40914324925907,0.00837304660750271,10.941999999999961,14.46714324925911
Driver,low_2.875in,20260824_121914,17,1,11,42,two8,7.961204125511603,0.0008875535585569638,10.941999999999961,-2.980795874488358
Driver,low_2.875in,20260824_121914,17,1,11,42,four4_path_tdm,25.460058092325383,0.00906547080269915,10.941999999999961,14.518058092325422
Driver,low_2.875in,20260824_121914,17,2,10,38,two8,8.069867228931576,0.0009704899973735914,10.941999999999961,-2.872132771068385
Driver,low_2.875in,20260824_121914,17,2,10,38,four4_path_tdm,25.483546993133437,0.009919006435110234,10.941999999999961,14.541546993133476
Driver,low_2.875in,20260824_121914,17,3,9,34,two8,8.377435282888628,0.0012404879064105145,10.941999999999961,-2.564564717111333
Driver,low_2.875in,20260824_121914,17,3,9,34,four4_path_tdm,25.610588909913886,0.010902614354651785,10.941999999999961,14.668588909913925
Driver,low_2.875in,20260824_121914,17,4,8,30,two8,8.647849392627148,0.0013264096389125068,10.941999999999961,-2.2941506073728135
Driver,low_2.875in,20260824_121914,17,4,8,30,four4_path_tdm,25.891978513952388,0.007541642280463279,10.941999999999961,14.949978513952427
Driver,low_2.875in,20260824_121914,18,0,12,48,two8,10.30492138947099,0.001631445117097341,15.639,-5.334078610529009
Driver,low_2.875in,20260824_121914,18,0,12,48,four4_path_tdm,22.45172094145492,0.004298186780223201,15.639,6.81272094145492
Driver,low_2.875in,20260824_121914,18,1,11,44,two8,10.388486265076033,0.0017553966859581438,15.639,-5.250513734923967
Driver,low_2.875in,20260824_121914,18,1,11,44,four4_path_tdm,22.38913434311197,0.004690638556782201,15.639,6.75013434311197
Driver,low_2.875in,20260824_121914,18,2,10,40,two8,10.626425785293966,0.0018196164045162222,15.639,-5.012574214706033
Driver,low_2.875in,20260824_121914,18,2,10,40,four4_path_tdm,22.58817743796272,0.005067428720804568,15.639,6.949177437962721
Driver,low_2.875in,20260824_121914,18,3,9,36,two8,10.775569553525889,0.0018480324763963107,15.639,-4.86343044647411
Driver,low_2.875in,20260824_121914,18,3,9,36,four4_path_tdm,22.940076750679662,0.003549827466223121,15.639,7.3010767506796626
Driver,low_2.875in,20260824_121914,18,4,8,32,two8,11.036530228963445,0.002015077561448586,15.639,-4.602469771036555
Driver,low_2.875in,20260824_121914,18,4,8,32,four4_path_tdm,22.926580510678438,0.0038921074240603204,15.639,7.287580510678438
Driver,low_2.875in,20260824_121914,19,0,7,25,two8,11.348582738567098,0.005986014980235543,12.836999999999996,-1.4884172614328985
Driver,low_2.875in,20260824_121914,19,0,7,25,four4_path_tdm,10.013871311258548,0.0019455332112503498,12.836999999999996,-2.8231286887414484
Driver,low_2.875in,20260824_121914,19,1,6,21,two8,11.512865282522272,0.006600590270001927,12.836999999999996,-1.3241347174777243
Driver,low_2.875in,20260824_121914,19,1,6,21,four4_path_tdm,9.32443237468808,0.0013707480203899447,12.836999999999996,-3.5125676253119167
Driver,low_2.875in,20260824_121914,19,2,5,17,two8,11.909050174807584,0.007832176998628704,12.836999999999996,-0.9279498251924121
Driver,low_2.875in,20260824_121914,19,2,5,17,four4_path_tdm,9.804144272597028,0.0024850858508678186,12.836999999999996,-3.0328557274029677
Driver,low_2.875in,20260824_121914,19,3,4,13,two8,11.885150257087838,0.008729868535591878,12.836999999999996,-0.9518497429121577
Driver,low_2.875in,20260824_121914,19,3,4,13,four4_path_tdm,9.730571541135053,0.0015748258307428653,12.836999999999996,-3.1064284588649436
Driver,low_2.875in,20260824_121914,20,0,11,43,two8,9.343264928715188,0.001302874740357507,11.88999999999998,-2.5467350712847914
Driver,low_2.875in,20260824_121914,20,0,11,43,four4_path_tdm,22.485103407120736,0.003436742204937948,11.88999999999998,10.595103407120757
Driver,low_2.875in,20260824_121914,20,1,10,39,two8,9.630097946732144,0.0013787152273951886,11.88999999999998,-2.259902053267835
Driver,low_2.875in,20260824_121914,20,1,10,39,four4_path_tdm,22.557622747062457,0.0037509186307946862,11.88999999999998,10.667622747062477
Driver,low_2.875in,20260824_121914,20,2,9,35,two8,9.553957273565542,0.0015411987207014644,11.88999999999998,-2.336042726434437
Driver,low_2.875in,20260824_121914,20,2,9,35,four4_path_tdm,22.65200741411063,0.0038309946988761556,11.88999999999998,10.762007414110652
Driver,low_2.875in,20260824_121914,20,3,8,32,two8,9.801590136662666,0.0013977452762151676,11.88999999999998,-2.088409863337313
Driver,low_2.875in,20260824_121914,20,3,8,32,four4_path_tdm,22.89317002824194,0.004859400129451963,11.88999999999998,11.00317002824196
Driver,low_2.875in,20260824_121914,20,4,7,28,two8,10.544178682619279,0.0016743356173204438,11.88999999999998,-1.3458213173807003
Driver,low_2.875in,20260824_121914,20,4,7,28,four4_path_tdm,23.264437172120857,0.005884423524578075,11.88999999999998,11.374437172120878
Driver,low_2.875in,20260824_121914,21,0,8,28,two8,-5.0,,2.788000000000009,-7.788000000000009
Driver,low_2.875in,20260824_121914,21,0,8,28,four4_path_tdm,3.2846734133215487,0.0006362458168698293,2.788000000000009,0.4966734133215396
Driver,low_2.875in,20260824_121914,21,1,7,24,two8,-5.0,,2.788000000000009,-7.788000000000009
Driver,low_2.875in,20260824_121914,21,1,7,24,four4_path_tdm,2.2543608537467135,0.00016396850111299877,2.788000000000009,-0.5336391462532957
Driver,low_2.875in,20260824_121914,21,2,6,20,two8,-5.0,,2.788000000000009,-7.788000000000009
Driver,low_2.875in,20260824_121914,21,2,6,20,four4_path_tdm,-0.4460182270351424,4.194775208832269e-05,2.788000000000009,-3.2340182270351514
Driver,low_2.875in,20260824_121914,21,3,5,16,two8,4.761865258802751,0.004654443085572169,2.788000000000009,1.9738652588027419
Driver,low_2.875in,20260824_121914,21,3,5,16,four4_path_tdm,1.136926829486951,7.68767608638754e-05,2.788000000000009,-1.6510731705130581
Driver,low_2.875in,20260824_121914,21,4,4,12,two8,5.650127214791349,0.008188214409161843,2.788000000000009,2.8621272147913395
Driver,low_2.875in,20260824_121914,21,4,4,12,four4_path_tdm,0.21865103893196153,5.198897694747018e-05,2.788000000000009,-2.5693489610680476
Driver,low_2.875in,20260824_121914,22,0,12,42,two8,12.749560021271408,0.0007214134895982827,8.688000000000006,4.0615600212714025
Driver,low_2.875in,20260824_121914,22,0,12,42,four4_path_tdm,27.851604664100446,0.005230499537945743,8.688000000000006,19.16360466410044
Driver,low_2.875in,20260824_121914,22,1,11,41,two8,12.617975767634722,0.0007837474811055178,8.688000000000006,3.9299757676347156
Driver,low_2.875in,20260824_121914,22,1,11,41,four4_path_tdm,27.746655553008047,0.006255884256506139,8.688000000000006,19.05865555300804
Driver,low_2.875in,20260824_121914,22,2,10,37,two8,13.188901612460521,0.0010923762115579438,8.688000000000006,4.500901612460515
Driver,low_2.875in,20260824_121914,22,2,10,37,four4_path_tdm,27.97374241975319,0.006145238353106208,8.688000000000006,19.285742419753184
Driver,low_2.875in,20260824_121914,22,3,9,33,two8,13.615682040545309,0.000957528604065172,8.688000000000006,4.927682040545303
Driver,low_2.875in,20260824_121914,22,3,9,33,four4_path_tdm,28.36156305450706,0.01006180480288732,8.688000000000006,19.673563054507053
Driver,low_2.875in,20260824_121914,22,4,8,29,two8,14.006814305433437,0.0010828902384419359,8.688000000000006,5.318814305433431
Driver,low_2.875in,20260824_121914,22,4,8,29,four4_path_tdm,28.632494299737175,0.011194722253816458,8.688000000000006,19.94449429973717
Driver,low_2.875in,20260824_121914,23,0,12,48,two8,8.093148847507708,0.0008199802767248077,6.836999999999965,1.2561488475077427
Driver,low_2.875in,20260824_121914,23,0,12,48,four4_path_tdm,23.08067257693547,0.005108195781817315,6.836999999999965,16.243672576935506
Driver,low_2.875in,20260824_121914,23,1,11,44,two8,7.274856659446519,0.0007662431151239657,6.836999999999965,0.4378566594465543
Driver,low_2.875in,20260824_121914,23,1,11,44,four4_path_tdm,22.985525973508636,0.005391154153740585,6.836999999999965,16.148525973508672
Driver,low_2.875in,20260824_121914,23,2,10,40,two8,6.8375906930616965,0.0007017290249216046,6.836999999999965,0.0005906930617314288
Driver,low_2.875in,20260824_121914,23,2,10,40,four4_path_tdm,23.04410814767171,0.0057386604111950845,6.836999999999965,16.207108147671747
Driver,low_2.875in,20260824_121914,23,3,9,36,two8,7.279344819065028,0.0009243699808575423,6.836999999999965,0.4423448190650632
Driver,low_2.875in,20260824_121914,23,3,9,36,four4_path_tdm,23.266725890962636,0.015558735951293201,6.836999999999965,16.429725890962672
Driver,low_2.875in,20260824_121914,23,4,8,32,two8,8.06316447832431,0.0011546150164735147,6.836999999999965,1.2261644783243453
Driver,low_2.875in,20260824_121914,23,4,8,32,four4_path_tdm,23.286856935835406,0.017132098220577152,6.836999999999965,16.44985693583544
Driver,high_5.25in,20260824_121914,24,0,7,24,two8,8.081688320528144,0.0018571528233564116,9.506999999999971,-1.425311679471827
Driver,high_5.25in,20260824_121914,24,0,7,24,four4_path_tdm,13.637734073909245,0.0015295858357207148,9.506999999999971,4.130734073909274
Driver,high_5.25in,20260824_121914,24,1,6,21,two8,7.736782583271288,0.003925562564468743,9.506999999999971,-1.7702174167286833
Driver,high_5.25in,20260824_121914,24,1,6,21,four4_path_tdm,13.695221699850729,0.0017633880191640916,9.506999999999971,4.188221699850757
Driver,high_5.25in,20260824_121914,24,2,5,18,two8,8.251792127296456,0.003185540981973878,9.506999999999971,-1.2552078727035152
Driver,high_5.25in,20260824_121914,24,2,5,18,four4_path_tdm,13.877136901449562,0.0022485004114074503,9.506999999999971,4.370136901449591
Driver,high_5.25in,20260824_121914,24,3,4,14,two8,7.362952148197697,0.0053111326459358565,9.506999999999971,-2.1440478518022745
Driver,high_5.25in,20260824_121914,24,3,4,14,four4_path_tdm,13.516700558482217,0.0023682510069640283,9.506999999999971,4.009700558482246
Driver,high_5.25in,20260824_121914,25,0,7,22,two8,12.725535494122573,0.004694796557705994,13.555999999999989,-0.8304645058774156
Driver,high_5.25in,20260824_121914,25,0,7,22,four4_path_tdm,10.764375792056152,0.001194867960685908,13.555999999999989,-2.791624207943837
Driver,high_5.25in,20260824_121914,25,1,6,18,two8,12.828115259213295,0.006117616367686374,13.555999999999989,-0.7278847407866937
Driver,high_5.25in,20260824_121914,25,1,6,18,four4_path_tdm,10.769650734474395,0.0013530271453161546,13.555999999999989,-2.786349265525594
Driver,high_5.25in,20260824_121914,25,2,5,14,two8,13.165026114352528,0.006888256527593395,13.555999999999989,-0.39097388564746005
Driver,high_5.25in,20260824_121914,25,2,5,14,four4_path_tdm,8.46949345163812,0.0004396266304880214,13.555999999999989,-5.086506548361868
Driver,high_5.25in,20260824_121914,26,0,12,38,two8,-5.0,,3.609999999999994,-8.609999999999994
Driver,high_5.25in,20260824_121914,26,0,12,38,four4_path_tdm,11.716115654683984,0.0046981778516534956,3.609999999999994,8.10611565468399
Driver,high_5.25in,20260824_121914,26,1,11,34,two8,-5.0,,3.609999999999994,-8.609999999999994
Driver,high_5.25in,20260824_121914,26,1,11,34,four4_path_tdm,11.73012874913514,0.005094014612152531,3.609999999999994,8.120128749135146
Driver,high_5.25in,20260824_121914,26,2,10,30,two8,-5.0,,3.609999999999994,-8.609999999999994
Driver,high_5.25in,20260824_121914,26,2,10,30,four4_path_tdm,11.610357236041121,0.005621554213772306,3.609999999999994,8.000357236041127
Driver,high_5.25in,20260824_121914,26,3,9,26,two8,-5.0,,3.609999999999994,-8.609999999999994
Driver,high_5.25in,20260824_121914,26,3,9,26,four4_path_tdm,11.638195970604402,0.006193455177748497,3.609999999999994,8.028195970604408
Driver,high_5.25in,20260824_121914,26,4,8,22,two8,-5.0,,3.609999999999994,-8.609999999999994
Driver,high_5.25in,20260824_121914,26,4,8,22,four4_path_tdm,11.664244158800074,0.006800398904977634,3.609999999999994,8.05424415880008
Driver,high_5.25in,20260824_121914,27,0,12,42,two8,-5.0,,4.880000000000008,-9.880000000000008
Driver,high_5.25in,20260824_121914,27,0,12,42,four4_path_tdm,8.315590323127347,0.0008318181873478991,4.880000000000008,3.4355903231273395
Driver,high_5.25in,20260824_121914,27,1,11,38,two8,4.5455935998907595,0.0018408699489644853,4.880000000000008,-0.3344064001092484
Driver,high_5.25in,20260824_121914,27,1,11,38,four4_path_tdm,8.397227496535903,0.0008727282585017093,4.880000000000008,3.517227496535895
Driver,high_5.25in,20260824_121914,27,2,10,34,two8,4.866168144056917,0.0031079661787287716,4.880000000000008,-0.01383185594309122
Driver,high_5.25in,20260824_121914,27,2,10,34,four4_path_tdm,8.562257858336032,0.0009157072262415689,4.880000000000008,3.6822578583360244
Driver,high_5.25in,20260824_121914,27,3,9,30,two8,5.358443351853896,0.002409841736529472,4.880000000000008,0.47844335185388775
Driver,high_5.25in,20260824_121914,27,3,9,30,four4_path_tdm,9.819295515152348,0.0011412955922422974,4.880000000000008,4.93929551515234
Driver,high_5.25in,20260824_121914,27,4,8,26,two8,5.214075477886451,0.0035896559220409685,4.880000000000008,0.33407547788644276
Driver,high_5.25in,20260824_121914,27,4,8,26,four4_path_tdm,9.335948283254048,0.0007821111368659928,4.880000000000008,4.45594828325404
Driver,high_5.25in,20260824_121914,28,0,8,26,two8,16.091045899345577,0.004713762453406267,15.597999999999992,0.49304589934558507
Driver,high_5.25in,20260824_121914,28,0,8,26,four4_path_tdm,14.14083553715324,0.00504552358142929,15.597999999999992,-1.4571644628467517
Driver,high_5.25in,20260824_121914,28,1,7,24,two8,16.168611700094996,0.0052608400905065356,15.597999999999992,0.5706117000950037
Driver,high_5.25in,20260824_121914,28,1,7,24,four4_path_tdm,14.0937551269573,0.005763052527532064,15.597999999999992,-1.5042448730426923
Driver,high_5.25in,20260824_121914,28,2,6,20,two8,16.140180022754144,0.006015927783851627,15.597999999999992,0.5421800227541524
Driver,high_5.25in,20260824_121914,28,2,6,20,four4_path_tdm,14.041837791167977,0.006628789192897555,15.597999999999992,-1.5561622088320153
Driver,high_5.25in,20260824_121914,28,3,5,16,two8,16.090190731184222,0.007288147264719269,15.597999999999992,0.4921907311842304
Driver,high_5.25in,20260824_121914,28,3,5,16,four4_path_tdm,13.981770075171772,0.007873053757526005,15.597999999999992,-1.61622992482822
Driver,high_5.25in,20260824_121914,28,4,4,12,two8,16.88644090591539,0.006060277559174487,15.597999999999992,1.2884409059153974
Driver,high_5.25in,20260824_121914,28,4,4,12,four4_path_tdm,14.15133078271174,0.009611240167139323,15.597999999999992,-1.4466692172882514
Driver,high_5.25in,20260824_121914,29,0,6,22,two8,4.20200319107867,0.0001442818851887795,15.775999999999962,-11.573996808921294
Driver,high_5.25in,20260824_121914,29,0,6,22,four4_path_tdm,17.721474201284472,0.00160039013449631,15.775999999999962,1.9454742012845099
Driver,high_5.25in,20260824_121914,29,1,5,20,two8,1.9277091801986486,0.00010874450217768228,15.775999999999962,-13.848290819801313
Driver,high_5.25in,20260824_121914,29,1,5,20,four4_path_tdm,17.444905867714546,0.0019411705196579199,15.775999999999962,1.6689058677145834
Driver,high_5.25in,20260824_121914,29,2,4,16,two8,-1.2427949289296847,0.0001384455642129967,15.775999999999962,-17.018794928929648
Driver,high_5.25in,20260824_121914,29,2,4,16,four4_path_tdm,17.547838067345236,0.0019481876615161653,15.775999999999962,1.7718380673452732
Driver,high_5.25in,20260824_121914,29,3,3,12,two8,-1.8411612753758644,0.00030446700862934994,15.775999999999962,-17.617161275375828
Driver,high_5.25in,20260824_121914,29,3,3,12,four4_path_tdm,17.33805299331378,0.0018289430811266882,15.775999999999962,1.5620529933138183
Driver,high_5.25in,20260824_121914,30,0,11,43,two8,10.2799468165906,0.0009194905670706355,12.73999999999998,-2.4600531834093804
Driver,high_5.25in,20260824_121914,30,0,11,43,four4_path_tdm,23.681559442514075,0.004140531822569571,12.73999999999998,10.941559442514095
Driver,high_5.25in,20260824_121914,30,1,10,39,two8,10.11801869468259,0.001113746495475798,12.73999999999998,-2.621981305317391
Driver,high_5.25in,20260824_121914,30,1,10,39,four4_path_tdm,23.657562382911937,0.004486975896690559,12.73999999999998,10.917562382911957
Driver,high_5.25in,20260824_121914,30,2,9,35,two8,10.1314784564815,0.001243009329955913,12.73999999999998,-2.6085215435184814
Driver,high_5.25in,20260824_121914,30,2,9,35,four4_path_tdm,23.721878230662174,0.004866758964940487,12.73999999999998,10.981878230662193
Driver,high_5.25in,20260824_121914,30,3,8,31,two8,10.21838903177765,0.0013824948675275062,12.73999999999998,-2.5216109682223316
Driver,high_5.25in,20260824_121914,30,3,8,31,four4_path_tdm,23.925911609911818,0.005662358538113921,12.73999999999998,11.185911609911837
Driver,high_5.25in,20260824_121914,30,4,7,27,two8,11.034826209239615,0.0019253185053353938,12.73999999999998,-1.705173790760366
Driver,high_5.25in,20260824_121914,30,4,7,27,four4_path_tdm,24.202222770198343,0.00621904033457632,12.73999999999998,11.462222770198363
Driver,high_5.25in,20260824_121914,31,0,11,44,two8,5.816771069672259,0.0004870853161770272,16.595,-10.778228930327739
Driver,high_5.25in,20260824_121914,31,0,11,44,four4_path_tdm,22.430943989686206,0.0030796014498633006,16.595,5.835943989686207
Driver,high_5.25in,20260824_121914,31,1,10,40,two8,5.54087989820184,0.00043264589057823155,16.595,-11.054120101798159
Driver,high_5.25in,20260824_121914,31,1,10,40,four4_path_tdm,22.53359624027698,0.0033473904941501154,16.595,5.938596240276983
Driver,high_5.25in,20260824_121914,31,2,9,36,two8,5.802621167044235,0.0005827469720919298,16.595,-10.792378832955764
Driver,high_5.25in,20260824_121914,31,2,9,36,four4_path_tdm,22.796131362612908,0.008718396870160516,16.595,6.201131362612909
Driver,high_5.25in,20260824_121914,31,3,8,32,two8,5.744718898417962,0.0005129255317248838,16.595,-10.850281101582038
Driver,high_5.25in,20260824_121914,31,3,8,32,four4_path_tdm,22.837889832812767,0.00954802655248388,16.595,6.242889832812768
Driver,high_5.25in,20260824_121914,31,4,7,28,two8,5.836930405664761,0.0007294490577933743,16.595,-10.758069594335238
Driver,high_5.25in,20260824_121914,31,4,7,28,four4_path_tdm,22.955869835905055,0.010589815995504903,16.595,6.360869835905056
Driver,high_5.25in,20260824_121914,32,0,6,23,two8,8.359706300498273,0.0029330914457035284,11.795999999999983,-3.436293699501711
Driver,high_5.25in,20260824_121914,32,0,6,23,four4_path_tdm,3.1532007549350087,0.00011405767235306286,11.795999999999983,-8.642799245064975
Driver,high_5.25in,20260824_121914,32,1,5,19,two8,8.731940248892904,0.0031378298161945928,11.795999999999983,-3.064059751107079
Driver,high_5.25in,20260824_121914,32,1,5,19,four4_path_tdm,-1.2685941033499117,4.907781646923404e-05,11.795999999999983,-13.064594103349895
Driver,high_5.25in,20260824_121914,32,2,4,15,two8,8.437439765203909,0.0036578599232859332,11.795999999999983,-3.358560234796075
Driver,high_5.25in,20260824_121914,32,2,4,15,four4_path_tdm,-2.115461899275197,6.26447862488444e-05,11.795999999999983,-13.91146189927518
Driver,high_5.25in,20260824_121914,33,0,11,44,two8,11.069343560563155,0.0015509405823138644,12.783999999999999,-1.714656439436844
Driver,high_5.25in,20260824_121914,33,0,11,44,four4_path_tdm,22.391895188023074,0.0019964259763214365,12.783999999999999,9.607895188023075
Driver,high_5.25in,20260824_121914,33,1,10,40,two8,11.089881898840776,0.0017024246582610925,12.783999999999999,-1.6941181011592228
Driver,high_5.25in,20260824_121914,33,1,10,40,four4_path_tdm,22.587604021056354,0.0019163786861720045,12.783999999999999,9.803604021056355
Driver,high_5.25in,20260824_121914,33,2,9,36,two8,11.486557299184469,0.0017145643381364373,12.783999999999999,-1.2974427008155303
Driver,high_5.25in,20260824_121914,33,2,9,36,four4_path_tdm,22.66766618720141,0.003671220051796986,12.783999999999999,9.88366618720141
Driver,high_5.25in,20260824_121914,33,3,8,32,two8,11.895160844582165,0.0021251221301974432,12.783999999999999,-0.8888391554178341
Driver,high_5.25in,20260824_121914,33,3,8,32,four4_path_tdm,22.564835526919925,0.004000981529386216,12.783999999999999,9.780835526919926
Driver,high_5.25in,20260824_121914,33,4,7,28,two8,12.254014230338871,0.002681285317385984,12.783999999999999,-0.5299857696611276
Driver,high_5.25in,20260824_121914,33,4,7,28,four4_path_tdm,22.816129343262876,0.004540452095742165,12.783999999999999,10.032129343262877
Driver,high_5.25in,20260824_121914,34,0,6,23,two8,19.951641906523328,0.009950615601776014,16.462999999999987,3.488641906523341
Driver,high_5.25in,20260824_121914,34,0,6,23,four4_path_tdm,13.15962777692209,0.0007146338425321197,16.462999999999987,-3.303372223077897
Driver,high_5.25in,20260824_121914,34,1,5,20,two8,19.985314464951575,0.01188718472314887,16.462999999999987,3.522314464951588
Driver,high_5.25in,20260824_121914,34,1,5,20,four4_path_tdm,12.698733465024338,0.0008037814989019232,16.462999999999987,-3.764266534975649
Driver,high_5.25in,20260824_121914,34,2,4,16,two8,20.09736597813899,0.01457347792154784,16.462999999999987,3.6343659781390016
Driver,high_5.25in,20260824_121914,34,2,4,16,four4_path_tdm,11.069158602163919,0.0007638883050176126,16.462999999999987,-5.393841397836068
Driver,high_5.25in,20260824_121914,34,3,3,12,two8,20.402516653238784,0.009080063127768323,16.462999999999987,3.9395166532387975
Driver,high_5.25in,20260824_121914,34,3,3,12,four4_path_tdm,8.988123974336267,0.004524826175402286,16.462999999999987,-7.47487602566372
Driver,high_5.25in,20260824_121914,35,0,10,37,two8,9.313928418338874,0.0016607655794810272,0.765999999999999,8.547928418338875
Driver,high_5.25in,20260824_121914,35,0,10,37,four4_path_tdm,22.920387210191294,0.002306824993490997,0.765999999999999,22.154387210191295
Driver,high_5.25in,20260824_121914,35,1,9,33,two8,9.1964883492029,0.0011760671831604341,0.765999999999999,8.430488349202902
Driver,high_5.25in,20260824_121914,35,1,9,33,four4_path_tdm,23.229756915453745,0.002448068588786656,0.765999999999999,22.463756915453747
Driver,high_5.25in,20260824_121914,35,2,8,32,two8,9.423805022901698,0.00203875634330819,0.765999999999999,8.6578050229017
Driver,high_5.25in,20260824_121914,35,2,8,32,four4_path_tdm,23.831318705123934,0.00345026210709376,0.765999999999999,23.065318705123936
Driver,high_5.25in,20260824_121914,35,3,7,28,two8,10.014004133410534,0.0015301430691293527,0.765999999999999,9.248004133410536
Driver,high_5.25in,20260824_121914,35,3,7,28,four4_path_tdm,24.04465921265439,0.0036987624489177584,0.765999999999999,23.278659212654393
Driver,high_5.25in,20260824_121914,35,4,6,24,two8,11.002551716280324,0.0019087168183767877,0.765999999999999,10.236551716280326
Driver,high_5.25in,20260824_121914,35,4,6,24,four4_path_tdm,24.76478057283019,0.0050531902610071455,0.765999999999999,23.998780572830192
Driver,high_5.25in,20260824_121914,36,0,11,44,two8,12.817110948608063,0.0021703385352604965,9.414999999999983,3.4021109486080796
Driver,high_5.25in,20260824_121914,36,0,11,44,four4_path_tdm,22.073297654958317,0.007831870262192897,9.414999999999983,12.658297654958334
Driver,high_5.25in,20260824_121914,36,1,10,40,two8,12.880147944139052,0.0023614383224018765,9.414999999999983,3.465147944139069
Driver,high_5.25in,20260824_121914,36,1,10,40,four4_path_tdm,22.110535060922036,0.008482143525674335,9.414999999999983,12.695535060922053
Driver,high_5.25in,20260824_121914,36,2,9,36,two8,13.024894448719541,0.0025932322514496953,9.414999999999983,3.609894448719558
Driver,high_5.25in,20260824_121914,36,2,9,36,four4_path_tdm,22.180749824915416,0.009275391699686608,9.414999999999983,12.765749824915433
Driver,high_5.25in,20260824_121914,36,3,8,32,two8,13.361052432604469,0.004323470214763647,9.414999999999983,3.9460524326044855
Driver,high_5.25in,20260824_121914,36,3,8,32,four4_path_tdm,22.251288350897536,0.009305867903261156,9.414999999999983,12.836288350897552
Driver,high_5.25in,20260824_121914,36,4,7,28,two8,13.623803465933848,0.004797862673033615,9.414999999999983,4.208803465933865
Driver,high_5.25in,20260824_121914,36,4,7,28,four4_path_tdm,22.52871837461002,0.010432995255387656,9.414999999999983,13.113718374610036
Driver,high_5.25in,20260824_121914,37,0,7,25,two8,14.454281482608021,0.0025098885667167448,13.74799999999998,0.7062814826080412
Driver,high_5.25in,20260824_121914,37,0,7,25,four4_path_tdm,13.110024606055422,0.003633700506628035,13.74799999999998,-0.6379753939445578
Driver,high_5.25in,20260824_121914,37,1,6,24,two8,14.318224046059795,0.0026747283348005357,13.74799999999998,0.5702240460598151
Driver,high_5.25in,20260824_121914,37,1,6,24,four4_path_tdm,12.627124169844336,0.0023671402222287252,13.74799999999998,-1.1208758301556436
Driver,high_5.25in,20260824_121914,37,2,5,20,two8,14.149564570280013,0.002350886437585187,13.74799999999998,0.40156457028003345
Driver,high_5.25in,20260824_121914,37,2,5,20,four4_path_tdm,12.526215339541766,0.0027946689207496433,13.74799999999998,-1.2217846604582139
Driver,high_5.25in,20260824_121914,37,3,4,16,two8,15.214547350037607,0.0030904794312642814,13.74799999999998,1.4665473500376276
Driver,high_5.25in,20260824_121914,37,3,4,16,four4_path_tdm,11.506591989453108,0.0010541459557369404,13.74799999999998,-2.2414080105468717
Driver,high_5.25in,20260824_121914,37,4,3,12,two8,14.181486465020289,0.0030613133120298563,13.74799999999998,0.43348646502030874
Driver,high_5.25in,20260824_121914,37,4,3,12,four4_path_tdm,11.913692871975964,0.0012957404448104004,13.74799999999998,-1.8343071280240153
Driver,high_5.25in,20260824_121914,38,0,11,41,two8,10.982194197596456,0.0015929192072345888,14.638999999999966,-3.6568058024035093
Driver,high_5.25in,20260824_121914,38,0,11,41,four4_path_tdm,22.233070327838448,0.00440399470641073,14.638999999999966,7.594070327838482
Driver,high_5.25in,20260824_121914,38,1,10,40,two8,10.635482048962203,0.001503298010230525,14.638999999999966,-4.003517951037763
Driver,high_5.25in,20260824_121914,38,1,10,40,four4_path_tdm,22.403186997602557,0.0030020819967233603,14.638999999999966,7.764186997602591
Driver,high_5.25in,20260824_121914,38,2,9,36,two8,10.774133589521814,0.0018270651388635484,14.638999999999966,-3.864866410478152
Driver,high_5.25in,20260824_121914,38,2,9,36,four4_path_tdm,22.611465349396134,0.003235218671951756,14.638999999999966,7.972465349396169
Driver,high_5.25in,20260824_121914,38,3,8,32,two8,11.190013500837049,0.0019176799739086814,14.638999999999966,-3.448986499162917
Driver,high_5.25in,20260824_121914,38,3,8,32,four4_path_tdm,22.12923674348087,0.005900794596803038,14.638999999999966,7.490236743480905
Driver,high_5.25in,20260824_121914,38,4,7,28,two8,11.62369072755369,0.0024040171143686617,14.638999999999966,-3.0153092724462756
Driver,high_5.25in,20260824_121914,38,4,7,28,four4_path_tdm,22.07163987754775,0.006640690734921684,14.638999999999966,7.432639877547784
Driver,high_5.25in,20260824_121914,39,0,6,23,two8,8.173904784941294,0.009475536983875932,11.029000000000005,-2.855095215058711
Driver,high_5.25in,20260824_121914,39,0,6,23,four4_path_tdm,13.86845239082648,0.005009490239394232,11.029000000000005,2.839452390826475
Driver,high_5.25in,20260824_121914,39,1,5,19,two8,8.175411673165641,0.011266679241261901,11.029000000000005,-2.8535883268343643
Driver,high_5.25in,20260824_121914,39,1,5,19,four4_path_tdm,14.038102045458649,0.005937886617750632,11.029000000000005,3.0091020454586435
Driver,high_5.25in,20260824_121914,39,2,4,15,two8,8.124997537725465,0.01380219601570043,11.029000000000005,-2.9040024622745406
Driver,high_5.25in,20260824_121914,39,2,4,15,four4_path_tdm,13.74077904398921,0.0017082862680908306,11.029000000000005,2.711779043989205
Driver,high_5.25in,20260824_121914,40,0,11,41,two8,9.802218869544147,0.0007720075994878117,10.312000000000001,-0.5097811304558544
Driver,high_5.25in,20260824_121914,40,0,11,41,four4_path_tdm,20.09342680785777,0.006242646476500635,10.312000000000001,9.78142680785777
Driver,high_5.25in,20260824_121914,40,1,10,39,two8,9.867531530339683,0.0008426101236378436,10.312000000000001,-0.4444684696603183
Driver,high_5.25in,20260824_121914,40,1,10,39,four4_path_tdm,20.016190516415516,0.006881103161579638,10.312000000000001,9.704190516415515
Driver,high_5.25in,20260824_121914,40,2,9,35,two8,10.2639251552703,0.0011384385800319308,10.312000000000001,-0.04807484472970103
Driver,high_5.25in,20260824_121914,40,2,9,35,four4_path_tdm,20.02660547009814,0.00755569666283229,10.312000000000001,9.714605470098139
Driver,high_5.25in,20260824_121914,40,3,8,31,two8,10.646863108318623,0.0011571036889894692,10.312000000000001,0.334863108318622
Driver,high_5.25in,20260824_121914,40,3,8,31,four4_path_tdm,20.208890396716086,0.008343024754583261,10.312000000000001,9.896890396716085
Driver,high_5.25in,20260824_121914,40,4,7,27,two8,12.908617539936536,0.00189097703880714,10.312000000000001,2.5966175399365348
Driver,high_5.25in,20260824_121914,40,4,7,27,four4_path_tdm,20.28867647719889,0.005807098056000992,10.312000000000001,9.97667647719889
