tm_sequence,tm_group_index,tm_group_shot,tm_group_id,tm_stroke_id,tm_time_utc,tm_time_local,tm_club,tm_ball,tm_ball_speed_mph,tm_club_speed_mph,tm_launch_angle_deg,tm_launch_direction_deg,tm_attack_angle_deg,tm_club_path_deg,tm_face_angle_deg,tm_face_to_path_deg,tm_spin_rate_rpm,tm_spin_axis_deg,tm_carry_yd
1,2,14,08862338-ca9f-f111-9edb-83ad45319c98,dc065730-36db-4c26-9379-4c9942693fa6,2026-08-24T14:47:48.184403+00:00,2026-08-24T10:47:48.184403-04:00,9Iron,Premium,104.86533643521823,76.85665712240507,20.534999999999993,-0.5299999999999994,-7.771,1.145,-0.905,-2.05,5746.559999999998,-7.273,143.9100779849912
2,2,29,08862338-ca9f-f111-9edb-83ad45319c98,cfbb0625-beef-47c6-86b5-acb04e62879b,2026-08-24T14:49:08.380638+00:00,2026-08-24T10:49:08.380638-04:00,9Iron,Premium,104.4693987115246,77.72011453113807,21.612,0.7439999999999997,-2.068,2.577,0.275,-2.302,5459.549999999993,-3.9880000000000013,144.4636988640405
3,2,16,08862338-ca9f-f111-9edb-83ad45319c98,f013784e-2d48-4d87-8ce9-5ebcee83a29b,2026-08-24T15:05:19.170660+00:00,2026-08-24T11:05:19.170660-04:00,9Iron,Premium,100.82542949176798,75.2259305654974,20.411999999999992,-2.160999999999997,-4.624,2.597,-3.291,-5.888,5309.679999999998,-15.308000000000005,137.40343488239915
4,2,9,08862338-ca9f-f111-9edb-83ad45319c98,b28c01cb-4102-48e6-9a00-23b5f140d1b4,2026-08-24T15:05:39.166047+00:00,2026-08-24T11:05:39.166047-04:00,9Iron,Premium,103.28158554044371,77.99749463135282,22.335999999999977,3.162,-5.525,5.45,2.644,-2.806,5546.2699999999995,-2.4230000000000005,141.91319805394335
5,2,36,08862338-ca9f-f111-9edb-83ad45319c98,931a2f75-80f1-4744-8a10-cb61e63f9226,2026-08-24T15:06:13.304261+00:00,2026-08-24T11:06:13.304261-04:00,9Iron,Premium,107.19175017895479,78.581335003579,19.622999999999994,-1.5979999999999985,,3.007,-2.602,-5.609,6175.449999999999,-8.543,146.18822948753086
6,2,5,08862338-ca9f-f111-9edb-83ad45319c98,d105cd28-d1e1-485b-b0fd-1556e4b9fefa,2026-08-24T15:06:42.054656+00:00,2026-08-24T11:06:42.054656-04:00,9Iron,Premium,98.80547602004285,78.93029706513948,20.765,2.804,-4.564,1.082,3.258,2.175,5696.4299999999985,1.7370000000000003,133.36803239783544
7,2,11,08862338-ca9f-f111-9edb-83ad45319c98,b554f9b3-d517-4744-8c71-44c164d3d36a,2026-08-24T15:13:34.651545+00:00,2026-08-24T11:13:34.651545-04:00,9Iron,Premium,104.15846456692904,77.22127773800993,21.653999999999986,1.5219999999999998,,1.435,1.542,0.107,6336.059999999996,0.7339999999999994,140.43191851961305
8,2,19,08862338-ca9f-f111-9edb-83ad45319c98,b8ab9e02-27e1-40bc-b567-6ef2b8a29b39,2026-08-24T15:14:02.973094+00:00,2026-08-24T11:14:02.973094-04:00,9Iron,Premium,106.87857909806718,79.12267358625618,21.884999999999998,0.7650000000000009,-7.165,1.012,0.709,-0.303,5960.419999999997,-3.3620000000000023,146.3424603772033
9,2,31,08862338-ca9f-f111-9edb-83ad45319c98,58b5190a-7bad-4af5-a0ce-c08d27343e85,2026-08-24T15:14:29.211919+00:00,2026-08-24T11:14:29.211919-04:00,9Iron,Premium,105.90327487473145,78.86989978525403,21.330000000000005,3.015999999999999,-2.434,4.046,2.732,-1.314,5957.640000000004,-2.3590000000000035,144.90017632319422
10,2,42,08862338-ca9f-f111-9edb-83ad45319c98,becd859d-29d1-48f6-bcce-e529c1dfb75c,2026-08-24T15:15:03.377258+00:00,2026-08-24T11:15:03.377258-04:00,9Iron,Premium,102.11166785969925,77.17653901216885,21.213000000000005,0.3409999999999999,,0.523,0.302,-0.221,5927.760000000002,-0.21199999999999986,138.53295853099846
11,2,20,08862338-ca9f-f111-9edb-83ad45319c98,353b027e-d6f8-40b4-a3aa-71b5e26e0682,2026-08-24T15:15:30.986984+00:00,2026-08-24T11:15:30.986984-04:00,9Iron,Premium,101.27057981388678,78.79384395132418,23.919999999999977,2.222,-5.679,0.571,2.66,2.088,6538.749999999995,4.574000000000001,134.157538207855
12,2,25,08862338-ca9f-f111-9edb-83ad45319c98,798660b6-ce0e-4ec3-b197-8bedbf9dc5e2,2026-08-24T15:16:02.919212+00:00,2026-08-24T11:16:02.919212-04:00,9Iron,Premium,101.59269863994263,78.92806012884743,17.797999999999995,0.00400000000000061,,5.706,-1.33,-7.036,5664.219999999997,-4.901,137.51105725789944
13,2,37,08862338-ca9f-f111-9edb-83ad45319c98,d72ae007-0bef-473b-ad5a-d3740ded552f,2026-08-24T15:16:34.421086+00:00,2026-08-24T11:16:34.421086-04:00,9Iron,Premium,101.78954903364341,,19.12,-3.1229999999999993,,2.304,-3.942,-6.246,4171.59,-14.081,142.90305706949133
14,2,21,08862338-ca9f-f111-9edb-83ad45319c98,54c14c52-d98b-41f4-b101-7de75589c06c,2026-08-24T15:16:59.321834+00:00,2026-08-24T11:16:59.321834-04:00,9Iron,Premium,111.48890479599129,80.84958840372218,20.725999999999996,-0.6369999999999982,-6.297,2.34,-1.328,-3.668,6078.15,-9.166999999999996,153.54484345322786
15,2,43,08862338-ca9f-f111-9edb-83ad45319c98,fb42cfc4-ff4d-4873-95b9-e67053d79381,2026-08-24T15:17:21.480014+00:00,2026-08-24T11:17:21.480014-04:00,9Iron,Premium,100.42054402290613,75.7270042949176,20.095,0.8269999999999982,,6.353,0.05,-6.302,3901.1200000000017,-17.702000000000005,141.1453235764511
16,2,41,08862338-ca9f-f111-9edb-83ad45319c98,181fa776-b636-49bd-a879-e3b3bbea0f04,2026-08-24T15:27:42.102622+00:00,2026-08-24T11:27:42.102622-04:00,9Iron,Premium,97.29778095919819,71.80565497494624,20.017999999999983,-3.2479999999999976,-3.435,0.741,-4.194,-4.935,4811.87,-9.790999999999995,132.69557663468595
17,2,40,08862338-ca9f-f111-9edb-83ad45319c98,fe3195b2-bfc6-420c-ab63-e0b9c1f1725e,2026-08-24T15:28:03.675707+00:00,2026-08-24T11:28:03.675707-04:00,9Iron,Premium,103.05118110236211,79.88099498926262,20.30899999999999,1.9449999999999994,-4.474,2.608,1.738,-0.87,6833.729999999999,-2.0610000000000004,137.11047959992132
18,2,26,08862338-ca9f-f111-9edb-83ad45319c98,30f0fab4-d237-4670-93bb-8beecb376136,2026-08-24T15:29:03.468242+00:00,2026-08-24T11:29:03.468242-04:00,9Iron,Premium,104.45597709377225,75.62634216177514,20.59999999999998,0.5960000000000012,,2.609,0.126,-2.483,6072.290000000002,-4.541000000000002,142.03643697629113
19,2,12,08862338-ca9f-f111-9edb-83ad45319c98,0fc9586e-7fa7-4b4b-ae8a-4746e8ebb3cc,2026-08-24T15:29:41.439082+00:00,2026-08-24T11:29:41.439082-04:00,9Iron,Premium,104.78704366499632,77.34654617036497,20.493999999999986,0.41200000000000037,-7.66,1.418,0.171,-1.247,6095.74,-2.785000000000001,142.5692705909629
20,2,39,08862338-ca9f-f111-9edb-83ad45319c98,203357ab-fc82-4b4f-b699-d7293bbe5ec4,2026-08-24T15:30:18.221737+00:00,2026-08-24T11:30:18.221737-04:00,9Iron,Premium,96.93539727988535,77.83867215461694,10.839000000000008,-0.547999999999998,,0.024,-0.698,-0.722,4839.980000000004,10.986000000000002,116.74589108869243
21,2,32,08862338-ca9f-f111-9edb-83ad45319c98,267b0cc5-be04-4cf1-bff3-c264cf01ae2c,2026-08-24T15:30:48.630334+00:00,2026-08-24T11:30:48.630334-04:00,9Iron,Premium,103.84081961345733,80.68181818181809,23.566999999999982,3.115999999999999,-7.661,1.95,3.381,1.431,6108.379999999997,1.7840000000000005,140.08101510249924
22,2,18,08862338-ca9f-f111-9edb-83ad45319c98,9e479b10-8569-41a9-9374-6c476ea91de4,2026-08-24T15:51:47.930008+00:00,2026-08-24T11:51:47.930008-04:00,9Iron,Premium,93.917770221904,75.55252326413735,17.37199999999999,1.941999999999999,-7.029,2.173,1.873,-0.3,6060.439999999999,6.202000000000002,121.1102730612929
23,2,22,08862338-ca9f-f111-9edb-83ad45319c98,b52def8c-ca78-4c0b-b22d-80fff1386f3c,2026-08-24T15:52:12.600855+00:00,2026-08-24T11:52:12.600855-04:00,9Iron,Premium,103.60594130279159,79.96376163206862,23.767,1.8389999999999995,-5.877,2.494,1.668,-0.825,6595.719999999994,1.7639999999999993,137.72502543495744
24,2,7,08862338-ca9f-f111-9edb-83ad45319c98,49abc5a8-db12-489f-a7c4-206f1b6f055a,2026-08-24T15:52:40.460438+00:00,2026-08-24T11:52:40.460438-04:00,9Iron,Premium,107.29464924838929,77.32865068002856,20.540999999999997,-3.266999999999997,-5.014,1.774,-4.368,-6.142,5320.820000000003,-14.710999999999991,149.40604055752075
25,2,13,08862338-ca9f-f111-9edb-83ad45319c98,313efef6-48dc-41a3-b419-491a7bffc4e9,2026-08-24T15:53:03.324078+00:00,2026-08-24T11:53:03.324078-04:00,9Iron,Premium,105.50733715103783,81.27460629921251,22.767,0.9739999999999998,-6.817,2.382,0.64,-1.742,6197.789999999998,0.5819999999999995,142.77626972637566
26,2,1,08862338-ca9f-f111-9edb-83ad45319c98,c4a871f8-8028-42e5-a6a9-021d63303f24,2026-08-24T15:53:31.946517+00:00,2026-08-24T11:53:31.946517-04:00,9Iron,Premium,107.90756979241222,81.1918396564065,23.742999999999988,1.7929999999999995,-7.213,0.37,2.133,1.763,6604.449999999997,1.9700000000000006,144.23290463775987
27,2,47,08862338-ca9f-f111-9edb-83ad45319c98,7a0145d5-8939-41fe-864d-fb357127b8ec,2026-08-24T15:54:06.954289+00:00,2026-08-24T11:54:06.954289-04:00,9Iron,Premium,99.06719756621322,80.13600572655682,19.701999999999995,-0.1720000000000004,,0.807,-0.41,-1.217,6414.369999999999,2.2969999999999997,131.4211826588105
28,2,30,08862338-ca9f-f111-9edb-83ad45319c98,47cae7d7-2610-48ad-b600-b2273bf87e32,2026-08-24T15:54:38.685424+00:00,2026-08-24T11:54:38.685424-04:00,9Iron,Premium,111.31218682891901,80.88761632068709,23.390999999999988,1.1220000000000006,-7.903,3.317,0.653,-2.663,6207.390000000003,-5.546000000000001,151.31818103551728
29,2,10,08862338-ca9f-f111-9edb-83ad45319c98,62f81a77-103e-4219-9ea3-36da80edd99d,2026-08-24T15:55:08.629524+00:00,2026-08-24T11:55:08.629524-04:00,9Iron,Premium,99.07838224767347,82.86730493915525,23.193000000000005,7.492000000000001,-4.208,1.649,8.99,7.341,5957.120000000001,13.721000000000002,132.37681727206046
30,2,24,08862338-ca9f-f111-9edb-83ad45319c98,a7898278-4574-4fb7-955f-8adb887cad64,2026-08-24T15:55:41.146267+00:00,2026-08-24T11:55:41.146267-04:00,9Iron,Premium,100.58160343593403,79.08911954187536,22.739999999999995,-0.39600000000000024,-7.856,3.719,-1.365,-5.084,6107.549999999997,-6.891000000000005,134.88850104606215
31,2,2,08862338-ca9f-f111-9edb-83ad45319c98,30800bda-55e6-4e2b-b4c7-06f1a05a9180,2026-08-24T15:56:10.540439+00:00,2026-08-24T11:56:10.540439-04:00,9Iron,Premium,97.15909090909079,81.56540801717958,18.903999999999975,5.26,-3.588,4.89,5.358,0.468,5092.369999999996,0.2550000000000021,131.33420522399987
32,2,15,08862338-ca9f-f111-9edb-83ad45319c98,4d494a96-d793-482a-9dae-52abd3be1614,2026-08-24T16:04:09.222661+00:00,2026-08-24T12:04:09.222661-04:00,9Iron,Premium,104.2479420186112,77.758142448103,22.89699999999999,1.2349999999999997,,2.244,1.031,-1.213,5782.6100000000015,-3.2140000000000013,142.3786545871639
33,2,28,08862338-ca9f-f111-9edb-83ad45319c98,b0dce5a0-4287-414f-b7fd-9473b006bf45,2026-08-24T16:05:40.420727+00:00,2026-08-24T12:05:40.420727-04:00,9Iron,Premium,97.85477809591973,77.50536864710085,23.125999999999994,-0.2940000000000004,,1.353,-0.681,-2.034,6277.259999999999,1.0470000000000002,129.73109463427562
34,2,38,08862338-ca9f-f111-9edb-83ad45319c98,66e4a430-1d0b-4319-aa46-d3ba1734d9c5,2026-08-24T16:06:16.472220+00:00,2026-08-24T12:06:16.472220-04:00,9Iron,Premium,103.09591982820317,80.21206156048666,21.408000000000012,1.9499999999999988,-3.359,2.681,1.765,-0.917,5557.640000000003,-4.364000000000001,141.62679956729542
35,2,27,08862338-ca9f-f111-9edb-83ad45319c98,6934a39b-77df-4594-b1a1-90b9eaec38ab,2026-08-24T16:06:39.418440+00:00,2026-08-24T12:06:39.418440-04:00,9Iron,Premium,110.25411596277723,78.57015032211875,20.792000000000005,-1.6510000000000002,-7.843,2.351,-2.437,-4.788,5414.770000000007,-10.042,154.61464284502716
36,2,35,08862338-ca9f-f111-9edb-83ad45319c98,0f6b8fe7-8b2f-48a7-84d2-c9c88b83ac87,2026-08-24T16:07:08.106494+00:00,2026-08-24T12:07:08.106494-04:00,9Iron,Premium,90.14629563350026,,15.137000000000002,-5.705999999999997,,8.622,-8.15,-16.772,3590.700000000004,-59.851999999999975,88.67552826316732
37,2,6,08862338-ca9f-f111-9edb-83ad45319c98,04979b99-dd9b-4ada-a464-179809a4be23,2026-08-24T16:07:24.918893+00:00,2026-08-24T12:07:24.918893-04:00,9Iron,Premium,103.1876342161774,79.9212598425196,21.271999999999995,1.8939999999999992,-5.185,2.19,1.803,-0.387,7125.130000000004,1.4459999999999995,136.2877818379852
38,2,44,08862338-ca9f-f111-9edb-83ad45319c98,101160c8-6b80-44b3-b0ad-eef358d93016,2026-08-24T16:07:47.509456+00:00,2026-08-24T12:07:47.509456-04:00,9Iron,Premium,111.46429849677871,80.02863278453822,22.065000000000005,-1.9400000000000004,-7.846,2.519,-2.817,-5.336,5644.519999999994,-13.191,154.8835297822473
39,2,8,08862338-ca9f-f111-9edb-83ad45319c98,68f495e9-4d60-4b47-a81f-20b289020a6b,2026-08-24T16:08:14.904934+00:00,2026-08-24T12:08:14.904934-04:00,9Iron,Premium,102.41812813171069,80.70195060844658,21.045,3.509,-7.116,2.955,3.677,0.722,7368.170000000001,5.623999999999999,134.32161554695648
40,2,45,08862338-ca9f-f111-9edb-83ad45319c98,3cb54153-d018-46b0-8ca5-f2092a69a1fc,2026-08-24T16:08:40.897810+00:00,2026-08-24T12:08:40.897810-04:00,9Iron,Premium,103.09591982820318,77.79617036506791,23.75,2.0830000000000006,-5.054,2.225,2.05,-0.176,5807.8099999999995,-0.6040000000000005,140.02899627856823
41,2,33,08862338-ca9f-f111-9edb-83ad45319c98,cda902c7-b3a5-4b71-8052-c39a592c344f,2026-08-24T16:09:14.023339+00:00,2026-08-24T12:09:14.023339-04:00,9Iron,Premium,109.77317465998556,81.10459914101637,20.669999999999998,-0.9809999999999989,-4.845,1.436,-1.607,-3.043,6285.989999999999,-6.9369999999999985,149.95913938077823
42,2,46,08862338-ca9f-f111-9edb-83ad45319c98,d279e3f8-db7f-477e-92fb-f23413f802ed,2026-08-24T16:09:34.824026+00:00,2026-08-24T12:09:34.824026-04:00,9Iron,Premium,99.12312097351457,78.12947387258401,24.896999999999984,6.257999999999998,-4.199,2.003,7.429,5.426,6515.38,4.6819999999999995,130.35782304657937
43,2,4,08862338-ca9f-f111-9edb-83ad45319c98,3a292aa0-7acc-4a84-b0be-149d1ec64e10,2026-08-24T16:09:59.521332+00:00,2026-08-24T12:09:59.521332-04:00,9Iron,Premium,94.99597351467422,79.44926628489613,18.14899999999999,6.949999999999997,-7.448,0.468,8.771,8.304,6226.989999999996,18.027000000000008,121.94559279198954
44,2,17,08862338-ca9f-f111-9edb-83ad45319c98,012f2d2d-a751-4a3c-b1e6-5fc733c3e061,2026-08-24T16:10:24.926912+00:00,2026-08-24T12:10:24.926912-04:00,9Iron,Premium,110.33911954187536,81.52066929133849,21.017999999999997,-0.450999999999998,-1.707,3.563,-1.445,-5.009,5485.409999999992,-11.076,154.2910844061411
45,2,23,08862338-ca9f-f111-9edb-83ad45319c98,899df6cf-11cf-4baa-97ee-89beb3a5a1e5,2026-08-24T16:10:49.862147+00:00,2026-08-24T12:10:49.862147-04:00,9Iron,Premium,104.76467430207576,80.02863278453822,22.69499999999999,2.7510000000000003,,3.946,2.487,-1.459,6420.830000000004,-1.2189999999999988,140.73305526622
46,2,3,08862338-ca9f-f111-9edb-83ad45319c98,1a8441e9-2423-4aa1-970d-145b9f38989d,2026-08-24T16:11:17.116299+00:00,2026-08-24T12:11:17.116299-04:00,9Iron,Premium,105.39549033643513,77.06245526127408,21.487999999999992,-0.9819999999999994,,3.264,-1.829,-5.094,5731.909999999996,-7.392000000000003,144.80395356595142
47,2,34,08862338-ca9f-f111-9edb-83ad45319c98,448ba43b-d103-46dc-bed4-c4a4f00c3ab9,2026-08-24T16:11:45.425690+00:00,2026-08-24T12:11:45.425690-04:00,9Iron,Premium,106.22986757337141,78.2726377952755,22.95899999999999,2.4620000000000015,,3.918,2.174,-1.744,5664.919999999998,-3.947,146.16961764040667
48,1,9,08862338-ca9f-f111-9edb-83ad45319c98,375eacc2-2307-45e5-a81e-46bcc596c9f1,2026-08-24T16:12:27.261006+00:00,2026-08-24T12:12:27.261006-04:00,5Iron,Premium,111.5425912670006,,12.645999999999962,-0.42699999999998883,,3.617,-0.992,-4.61,2580.509999999993,-15.748,153.79979655452615
49,1,28,08862338-ca9f-f111-9edb-83ad45319c98,bca87af7-6989-46d5-b4e3-fdf5fa27b3af,2026-08-24T16:12:51.436969+00:00,2026-08-24T12:12:51.436969-04:00,5Iron,Premium,126.66204366499625,87.38815318539719,12.951000000000041,0.4929999999999948,-6.937,1.578,0.329,-1.249,3596.070000000004,-7.735000000000002,192.61944551289568
50,1,6,08862338-ca9f-f111-9edb-83ad45319c98,49d91029-18d3-4a1d-a563-2631e540b781,2026-08-24T16:13:18.136564+00:00,2026-08-24T12:13:18.136564-04:00,5Iron,Premium,124.0671975662132,86.29205440229053,14.73399999999999,1.9100000000000017,-5.957,0.94,2.052,1.112,3516.599999999994,-3.4499999999999997,190.49530592114164
51,1,2,08862338-ca9f-f111-9edb-83ad45319c98,91e8f380-03e5-4b81-b4aa-0d412df3711d,2026-08-24T16:13:50.722168+00:00,2026-08-24T12:13:50.722168-04:00,5Iron,Premium,116.89110594130267,,13.445999999999975,-0.4239999999999997,,0.184,-0.508,-0.692,3024.8399999999956,-0.9330000000000004,173.59180795047445
52,1,25,08862338-ca9f-f111-9edb-83ad45319c98,fe817832-af83-46d1-aade-f2c3f686b01d,2026-08-24T16:14:26.630740+00:00,2026-08-24T12:14:26.630740-04:00,5Iron,Premium,115.66526485325686,,14.641999999999975,1.1320000000000003,,0.286,1.246,0.96,2825.9999999999995,-0.9649999999999981,173.7048664585654
53,1,22,08862338-ca9f-f111-9edb-83ad45319c98,6e0fb7d4-28ea-4818-90ba-e2a8f86aeca7,2026-08-24T16:14:52.889167+00:00,2026-08-24T12:14:52.889167-04:00,5Iron,Premium,116.60701503221176,,15.292999999999994,0.32,,-1.25,0.587,1.838,3740.0800000000013,0.9560000000000001,173.89540838220043
54,1,5,08862338-ca9f-f111-9edb-83ad45319c98,77edabf2-da1d-435f-a7fe-258136ffb555,2026-08-24T16:15:19.475198+00:00,2026-08-24T12:15:19.475198-04:00,5Iron,Premium,123.97548317823892,87.03248031496052,12.148999999999976,-1.4599999999999966,,1.087,-1.793,-2.88,3176.4900000000002,-8.632,186.1072799846809
55,1,4,08862338-ca9f-f111-9edb-83ad45319c98,b35ebef0-0496-4f61-a1d8-212e79748c60,2026-08-24T16:15:44.150847+00:00,2026-08-24T12:15:44.150847-04:00,5Iron,Premium,112.04813886900487,,13.886999999999997,-2.4209999999999985,,-0.567,-2.615,-2.048,2363.52,-9.375999999999998,160.02528952469342
56,1,10,08862338-ca9f-f111-9edb-83ad45319c98,c7f3efce-7015-48c0-854a-4eaa01845c25,2026-08-24T16:16:11.450140+00:00,2026-08-24T12:16:11.450140-04:00,5Iron,Premium,112.35459914101634,86.09520400858973,0.669999999999999,5.101000000000001,-7.666,0.998,8.17,7.172,7730.219999999997,71.7,12.394791867550865
57,1,13,08862338-ca9f-f111-9edb-83ad45319c98,3f6661a9-0599-4b6d-b614-62a1b9f1bde5,2026-08-24T16:16:35.514295+00:00,2026-08-24T12:16:35.514295-04:00,5Iron,Premium,124.74722619899771,85.54939155332846,16.00899999999998,3.095000000000001,-6.884,1.607,3.296,1.69,3569.5899999999974,-0.6119999999999979,192.99662176597033
58,1,14,08862338-ca9f-f111-9edb-83ad45319c98,0ea14b4e-beab-4ca2-a1ea-770b1ddd405d,2026-08-24T16:17:01.267797+00:00,2026-08-24T12:17:01.267797-04:00,5Iron,Premium,124.74946313528979,84.45776664280592,12.701999999999998,0.14200000000000015,-7.543,2.864,-0.197,-3.06,3008.1700000000033,-9.424,189.43843085774722
59,1,18,08862338-ca9f-f111-9edb-83ad45319c98,1da7604c-7579-45e3-8905-8654130933b1,2026-08-24T16:17:28.830692+00:00,2026-08-24T12:17:28.830692-04:00,5Iron,Premium,125.2863278453828,85.05950250536856,12.355000000000029,-1.1010000000000097,-4.683,1.902,-1.546,-3.448,3057.3599999999924,-17.428000000000008,186.93769650798401
60,1,27,08862338-ca9f-f111-9edb-83ad45319c98,249cc8cc-4714-4111-9d0c-fba713fc1357,2026-08-24T16:17:53.010144+00:00,2026-08-24T12:17:53.010144-04:00,5Iron,Premium,121.95552970651386,85.61426270579805,13.308999999999976,-0.4099999999999972,-4.506,1.822,-0.716,-2.538,2828.329999999996,-7.258000000000002,184.92766216402148
61,1,7,08862338-ca9f-f111-9edb-83ad45319c98,13405b40-d818-468f-9017-2cfb7337c7e8,2026-08-24T16:18:18.511185+00:00,2026-08-24T12:18:18.511185-04:00,5Iron,Premium,122.77872226198991,87.30986041517528,15.307999999999982,5.037999999999998,-6.911,4.709,5.093,0.384,4196.869999999989,5.392999999999998,183.9296734605424
62,1,16,08862338-ca9f-f111-9edb-83ad45319c98,18853e06-10ce-45b9-96e1-8352b8ed315b,2026-08-24T16:18:38.412258+00:00,2026-08-24T12:18:38.412258-04:00,5Iron,Premium,118.09457766642792,88.31648174659976,14.625999999999978,4.714999999999994,-5.819,-0.897,5.769,6.667,4368.430000000001,12.900000000000002,171.77031277458065
63,1,11,08862338-ca9f-f111-9edb-83ad45319c98,3d04ef04-6579-464a-8ca9-553d43dcad86,2026-08-24T16:20:30.705039+00:00,2026-08-24T12:20:30.705039-04:00,5Iron,Premium,101.6978346456692,,11.811000000000005,17.821,,0.755,22.515,21.76,6288.890000000002,47.19299999999999,107.45237440832946
64,1,24,08862338-ca9f-f111-9edb-83ad45319c98,d99689f0-434f-4977-9f21-f1c8c6e101b8,2026-08-24T16:20:49.066930+00:00,2026-08-24T12:20:49.066930-04:00,5Iron,Premium,129.50966356478156,85.07516105941292,13.066999999999979,-1.7199999999999984,-7.588,-0.039,-1.968,-1.929,3728.7899999999954,-3.9840000000000004,198.6251099272627
65,1,23,08862338-ca9f-f111-9edb-83ad45319c98,d5d0b06d-4247-4161-ae62-e35758a2e760,2026-08-24T16:21:19.474031+00:00,2026-08-24T12:21:19.474031-04:00,5Iron,Premium,111.52469577666416,,12.243999999999973,-2.094999999999994,,0.481,-2.363,-2.843,2079.3799999999997,-13.454,147.8744074041035
66,1,15,08862338-ca9f-f111-9edb-83ad45319c98,726a4183-4e49-4ee7-b792-7f0600a8169c,2026-08-24T16:21:42.997603+00:00,2026-08-24T12:21:42.997603-04:00,5Iron,Premium,121.95329277022181,88.09949892627048,14.141000000000004,4.219000000000003,,0.116,4.877,4.761,4252.529999999999,11.511000000000003,180.02110630959265
67,1,20,08862338-ca9f-f111-9edb-83ad45319c98,91299eeb-6f6f-4c5b-ba1c-b07d35928056,2026-08-24T16:22:05.141592+00:00,2026-08-24T12:22:05.141592-04:00,5Iron,Premium,115.77040085898342,89.19783464566919,2.005999999999998,5.633999999999993,-7.336,-0.287,9.483,9.77,8209.769999999999,61.247,50.68311707346045
68,1,19,08862338-ca9f-f111-9edb-83ad45319c98,a1e26ae1-8ddc-482d-9dff-a7f7b390c3ad,2026-08-24T16:22:27.343799+00:00,2026-08-24T12:22:27.343799-04:00,5Iron,Premium,112.5984251968503,87.04590193271285,3.534999999999999,4.657999999999997,-6.113,-2.075,9.04,11.116,8429.18,59.54200000000001,67.20299683546158
69,1,1,08862338-ca9f-f111-9edb-83ad45319c98,e582bc50-852d-41e1-a8dd-08b0f661ccc6,2026-08-24T16:22:49.280302+00:00,2026-08-24T12:22:49.280302-04:00,5Iron,Premium,119.43673944166059,86.5336435218324,10.851999999999991,-1.4400000000000013,-7.789,0.296,-1.788,-2.084,4274.699999999996,8.790999999999999,169.79731116426254
70,1,12,08862338-ca9f-f111-9edb-83ad45319c98,10e96fde-a292-4156-b298-56779577083e,2026-08-24T16:23:32.329558+00:00,2026-08-24T12:23:32.329558-04:00,5Iron,Premium,115.68763421617739,86.78194345025044,17.65999999999999,5.8009999999999975,-6.428,-1.748,7.256,9.005,5074.149999999994,19.313000000000002,164.3436616729955
71,1,21,08862338-ca9f-f111-9edb-83ad45319c98,80837839-f084-4779-bae0-c8b9dbd445fb,2026-08-24T16:23:56.212939+00:00,2026-08-24T12:23:56.212939-04:00,5Iron,Premium,128.39790622763053,88.2941123836792,13.530999999999992,-1.3739999999999994,-5.485,0.908,-1.775,-2.683,4043.079999999989,-3.3880000000000012,194.85410567617836
72,1,3,08862338-ca9f-f111-9edb-83ad45319c98,0a3d358d-cd40-46e8-aee5-1ef2e8b4ef2c,2026-08-24T16:24:19.067486+00:00,2026-08-24T12:24:19.067486-04:00,5Iron,Premium,115.59591982820318,86.34797780959188,10.684999999999974,-0.7399999999999886,,3.585,-1.74,-5.326,2393.82,-21.749999999999993,150.12043241894244
73,1,26,08862338-ca9f-f111-9edb-83ad45319c98,15e6a24c-b3f0-40bf-b6a8-f4bcba5ea36a,2026-08-24T16:24:42.059456+00:00,2026-08-24T12:24:42.059456-04:00,5Iron,Premium,118.29813886900484,84.0864352183249,11.318000000000016,-2.649000000000007,-5.321,3.475,-3.515,-6.99,2852.530000000006,-24.784999999999993,161.82126779710492
74,1,8,08862338-ca9f-f111-9edb-83ad45319c98,9c2dfc35-3939-42b1-a8a6-3ba1bdf3714f,2026-08-24T16:24:59.351036+00:00,2026-08-24T12:24:59.351036-04:00,5Iron,Premium,131.50501073729404,90.65855404438071,13.710999999999995,-0.34699999999999886,-3.042,3.624,-0.966,-4.59,3324.020000000002,-11.632000000000003,205.11618537650077
75,1,17,08862338-ca9f-f111-9edb-83ad45319c98,2053a87f-9e76-44c2-b2c4-83d9a32883c2,2026-08-24T16:25:29.663715+00:00,2026-08-24T12:25:29.663715-04:00,5Iron,Premium,126.51664280601275,87.59618826055824,14.118999999999998,-1.361999999999999,-6.785,-1.022,-1.409,-0.387,3400.230000000002,-6.107999999999998,195.43164201726788
76,0,11,08862338-ca9f-f111-9edb-83ad45319c98,fb6921d6-e3cb-4144-a2f4-462b22184765,2026-08-24T16:27:31.888278+00:00,2026-08-24T12:27:31.888278-04:00,Driver,Premium,158.1804760200428,108.17376521116665,11.080999999999968,-2.144000000000003,2.013,0.029,-2.546,-2.575,2634.76,6.021999999999998,263.19853315212606
77,0,20,08862338-ca9f-f111-9edb-83ad45319c98,a00131db-4965-45d0-af81-a4a89ee700b2,2026-08-24T16:28:10.883121+00:00,2026-08-24T12:28:10.883121-04:00,Driver,Premium,155.56326055833915,109.21394058697196,11.159999999999961,-1.4950000000000037,3.869,0.656,-2.092,-2.748,3164.919999999991,4.993999999999996,254.36923913027914
78,0,8,08862338-ca9f-f111-9edb-83ad45319c98,8d31ece5-db1c-4eab-957d-3e89bc9b454b,2026-08-24T16:28:42.263049+00:00,2026-08-24T12:28:42.263049-04:00,Driver,Premium,153.69094488188966,106.37079455977081,10.941999999999961,-4.5790000000000015,4.038,0.201,-5.568,-5.769,2579.1099999999815,3.2479999999999967,253.15834108092963
79,0,14,08862338-ca9f-f111-9edb-83ad45319c98,fb441c6f-dc22-4eba-b91e-7a2234eeddb1,2026-08-24T16:29:17.496182+00:00,2026-08-24T12:29:17.496182-04:00,Driver,Premium,158.14692197566194,107.8292770221903,15.639,1.631,4.376,0.262,1.89,1.628,3204.2500000000055,3.4460000000000015,262.040842953794
80,0,2,08862338-ca9f-f111-9edb-83ad45319c98,96ca5677-f6b9-4345-81cb-0e121fd5012f,2026-08-24T16:29:54.084487+00:00,2026-08-24T12:29:54.084487-04:00,Driver,Premium,151.7291517537579,108.7956335003578,12.836999999999996,-3.6710000000000047,1.452,-3.816,-3.634,0.182,4146.089999999995,20.319000000000006,233.50541988945483
81,0,25,08862338-ca9f-f111-9edb-83ad45319c98,9d83e3b1-d773-4fe0-abfa-d92d409bfeef,2026-08-24T16:30:25.687531+00:00,2026-08-24T12:30:25.687531-04:00,Driver,Premium,155.61694702934844,106.18736578382236,11.88999999999998,-4.577999999999996,4.712,-0.086,-5.462,-5.377,2500.139999999993,-7.131999999999999,259.6908995416366
82,0,4,08862338-ca9f-f111-9edb-83ad45319c98,a0514a00-ff82-4a28-a867-1c175006899a,2026-08-24T16:31:00.853013+00:00,2026-08-24T12:31:00.853013-04:00,Driver,Premium,141.31845025053673,104.92573371510368,2.788000000000009,-10.294000000000006,1.894,-0.401,-11.264,-10.863,1367.2199999999864,-7.874999999999987,110.27075570123175
83,0,19,08862338-ca9f-f111-9edb-83ad45319c98,a76bfea0-b6f9-437f-956b-9f2cf1a1a21d,2026-08-24T16:31:22.031630+00:00,2026-08-24T12:31:22.031630-04:00,Driver,Premium,52.480762347888245,,8.688000000000006,-23.79,,,,,11426.120000000003,-166.801,12.26536773790707
84,0,26,08862338-ca9f-f111-9edb-83ad45319c98,2f8f8fc6-76bf-4690-a9ce-f1e5b91b640a,2026-08-24T16:31:56.210005+00:00,2026-08-24T12:31:56.210005-04:00,Driver,Premium,150.9014853256978,106.81594488188964,6.836999999999965,-4.071000000000005,2.909,-1.299,-5.486,-4.187,3631.6699999999933,8.457999999999995,231.0869575762884
85,0,21,08862338-ca9f-f111-9edb-83ad45319c98,83c64957-1a8d-40bf-a9e4-b2700e03a297,2026-08-24T16:34:02.017838+00:00,2026-08-24T12:34:02.017838-04:00,Driver,Premium,148.23505726556888,103.42474946313517,9.506999999999971,-3.515000000000004,0.412,-2.297,-3.831,-1.534,3419.1700000000005,13.791000000000007,231.52358908640187
86,0,12,08862338-ca9f-f111-9edb-83ad45319c98,42ae0ffc-348b-4da5-9474-502b3fce60c8,2026-08-24T16:34:40.645786+00:00,2026-08-24T12:34:40.645786-04:00,Driver,Premium,151.03570150322108,104.30833929849666,13.555999999999989,0.46399999999999675,1.223,-1.934,1.002,2.936,4039.419999999997,15.970000000000006,235.31116474013078
87,0,7,08862338-ca9f-f111-9edb-83ad45319c98,25f5ec17-98e9-4e74-b3ca-3e37fca6cb21,2026-08-24T16:35:15.018028+00:00,2026-08-24T12:35:15.018028-04:00,Driver,Premium,147.30672870436632,108.57865068002852,3.609999999999994,-9.439,0.768,-3.132,-10.87,-7.738,2286.850000000006,8.312999999999981,178.25198790287362
88,0,22,08862338-ca9f-f111-9edb-83ad45319c98,78ef439a-74ac-443b-a8cd-c3fe5657df44,2026-08-24T16:35:36.397786+00:00,2026-08-24T12:35:36.397786-04:00,Driver,Premium,113.22029348604138,,4.880000000000008,-3.0290000000000004,,,,,11436.1,-179.81,16.953497711196587
89,0,16,08862338-ca9f-f111-9edb-83ad45319c98,65c75a52-d9ce-4015-8df3-83a8d4a48637,2026-08-24T16:35:57.427266+00:00,2026-08-24T12:35:57.427266-04:00,Driver,Premium,154.78928060128834,108.10442018611297,15.597999999999992,-1.6860000000000017,4.5,0.999,-2.164,-3.164,2964.6499999999874,4.905999999999998,259.5433993453223
90,0,23,08862338-ca9f-f111-9edb-83ad45319c98,385ecd33-0af2-4a0f-8340-d5d49d743141,2026-08-24T16:36:27.895975+00:00,2026-08-24T12:36:27.895975-04:00,Driver,Premium,152.76485325697908,106.61909448818885,15.775999999999962,-2.2690000000000103,4.791,-0.415,-2.625,-2.211,3083.1999999999875,12.21599999999999,252.87368892005978
91,0,13,08862338-ca9f-f111-9edb-83ad45319c98,88804fd6-37d4-43f1-8c5f-51e4ea218b84,2026-08-24T16:36:56.340250+00:00,2026-08-24T12:36:56.340250-04:00,Driver,Premium,154.38439513242648,106.2790801717966,12.73999999999998,0.2519999999999969,3.258,0.581,0.168,-0.414,3581.1400000000003,7.280000000000002,248.55789958765013
92,0,24,08862338-ca9f-f111-9edb-83ad45319c98,d2535c17-9bec-49d1-8c13-d64aaae320ff,2026-08-24T16:37:29.094227+00:00,2026-08-24T12:37:29.094227-04:00,Driver,Premium,149.143253400143,106.1068360773084,16.595,3.418999999999998,0.994,-2.736,4.376,7.112,3602.689999999998,12.866999999999994,238.54136763525838
93,0,3,08862338-ca9f-f111-9edb-83ad45319c98,678695fd-fb8b-419a-8ca1-1963f243a8fe,2026-08-24T16:37:58.886809+00:00,2026-08-24T12:37:58.886809-04:00,Driver,Premium,155.25680028632772,107.29241231209723,11.795999999999983,0.7839999999999979,-1.181,-3.696,1.484,5.18,3182.4599999999928,7.205,254.1526709264264
94,0,1,08862338-ca9f-f111-9edb-83ad45319c98,29d365f0-6fc0-414a-82a0-023d768775eb,2026-08-24T16:38:30.836372+00:00,2026-08-24T12:38:30.836372-04:00,Driver,Premium,155.5118110236219,109.47118826055822,12.783999999999999,-1.949000000000001,2.59,-3.19,-1.573,1.617,4611.219999999997,12.500999999999996,236.5407803869125
95,0,9,08862338-ca9f-f111-9edb-83ad45319c98,299c8aa2-48f0-4d6a-8ab1-400a0f59f254,2026-08-24T16:38:59.980269+00:00,2026-08-24T12:38:59.980269-04:00,Driver,Premium,155.93459198282017,108.42877594846087,16.462999999999987,-0.1280000000000028,3.071,-1.448,0.116,1.564,3616.5799999999904,13.420000000000002,249.99434326101914
96,0,10,08862338-ca9f-f111-9edb-83ad45319c98,d408a2ef-cdbe-4b9a-9012-4365e49b0376,2026-08-24T16:39:28.130749+00:00,2026-08-24T12:39:28.130749-04:00,Driver,Premium,152.6462956335002,,0.765999999999999,-0.6340000000000003,,,,,1657.459999999998,32.112000000000016,61.316167065882524
97,0,15,08862338-ca9f-f111-9edb-83ad45319c98,e52332e2-c66a-44f9-9748-7b8d0cf8d966,2026-08-24T16:39:51.527031+00:00,2026-08-24T12:39:51.527031-04:00,Driver,Premium,157.17161775232623,109.25867931281306,9.414999999999983,-3.961000000000003,1.69,-3.594,-4.07,-0.476,3493.1499999999974,6.578000000000004,251.39984667007778
98,0,6,08862338-ca9f-f111-9edb-83ad45319c98,83fba195-1088-43b6-b3ee-25ad9c40e2f7,2026-08-24T16:40:24.835220+00:00,2026-08-24T12:40:24.835220-04:00,Driver,Premium,155.55431281317095,109.1826234788832,13.74799999999998,0.0039999999999967475,-0.595,-4.499,0.693,5.193,3380.1899999999955,9.782000000000004,253.52768317463807
99,0,17,08862338-ca9f-f111-9edb-83ad45319c98,122b2f29-2d3e-4d07-9323-89358106bcb4,2026-08-24T16:40:54.781729+00:00,2026-08-24T12:40:54.781729-04:00,Driver,Premium,159.67027559055106,110.27201145311369,14.638999999999966,-0.5070000000000093,1.786,-4.185,0.151,4.336,3600.6299999999956,13.394999999999996,257.0541165567935
100,0,18,08862338-ca9f-f111-9edb-83ad45319c98,10a5cd6c-31b8-43c0-b0a6-96e30a56df29,2026-08-24T16:41:24.632109+00:00,2026-08-24T12:41:24.632109-04:00,Driver,Premium,155.4223335719397,110.02147458840359,11.029000000000005,-5.191,-0.089,-5.321,-5.172,0.149,2409.9899999999966,-7.162999999999998,256.37666144300863
101,0,5,08862338-ca9f-f111-9edb-83ad45319c98,5eca029f-44e5-4b01-8a80-1d98743d763b,2026-08-24T16:41:56.584959+00:00,2026-08-24T12:41:56.584959-04:00,Driver,Premium,160.97888332140286,111.14665354330695,10.312000000000001,-5.829,2.163,-3.361,-6.385,-3.024,2982.409999999998,5.851999999999999,265.4871048373606
