bias_deg,boundary_pct,correlation,coverage,dataset,grouping,mad_path_deg,mae_deg,median_parity_delta_deg,median_path_deg,median_peak_width_deg,median_score_span,median_timing_span_deg,p50_deg,p75_deg,p90_deg,parity_within_3deg_pct,policy,reference,source,total
0.6722222222225533,61.111111111111114,0.1669235898377259,18,trackman_4ms,frame_rx,10.800000000000153,15.695000000000297,26.300000000000374,9.200000000000415,40.00000000000057,0.0019484256379619924,0.5000000000000071,16.742000000000566,20.227749999999983,22.6814,27.77777777777778,complete2,product,mti,18
-4.688888888888633,72.22222222222223,0.01722827109202354,18,trackman_4ms,frame_rx,15.300000000000217,17.544111111111356,23.20000000000033,-4.699999999999783,40.00000000000057,0.0019484256379619924,2.600000000000037,19.420500000000253,22.5835,23.266000000000002,27.77777777777778,nearest2,product,mti,18
1.2611111111114512,11.11111111111111,0.1563436487711592,18,trackman_4ms,global,5.750000000000082,7.044777777777876,13.40000000000019,2.7000000000003226,37.40000000000053,0.0063999396470433845,0.8500000000000121,5.4854999999997585,10.305499999999963,15.595500000000566,16.666666666666668,complete2,product,mti,18
3.5722222222225954,22.22222222222222,0.03196313578643228,18,trackman_4ms,global,7.450000000000106,8.565666666666859,13.35000000000019,3.7500000000003375,39.30000000000056,0.005096047294844697,3.7500000000000533,6.473500000000097,14.415750000000392,17.22780000000057,27.77777777777778,nearest2,product,mti,18
1.3444444444447856,11.11111111111111,0.1644151564223184,18,trackman_4ms,rx,5.9500000000000846,7.317000000000102,12.300000000000175,2.800000000000324,37.30000000000053,0.0064353286201259685,0.6500000000000092,5.58549999999976,11.518500000000317,15.535500000000564,11.11111111111111,complete2,product,mti,18
3.555555555555929,22.22222222222222,0.03359502918585864,18,trackman_4ms,rx,7.500000000000107,8.62855555555571,13.700000000000195,3.650000000000336,39.35000000000056,0.005071631346037053,5.1000000000000725,6.373500000000096,14.390750000000391,17.22780000000057,22.22222222222222,nearest2,product,mti,18
-4.361111111110852,77.77777777777777,-0.1780372622401692,18,trackman_4ms,frame_rx,17.60000000000025,17.298333333333538,37.000000000000526,-2.39999999999975,40.00000000000057,0.0006419243813546305,0.0,18.54200000000057,22.828,23.4334,22.22222222222222,complete2,tx1,mti,18
-6.388888888888658,77.77777777777777,-0.09426005518350147,18,trackman_4ms,frame_rx,8.750000000000124,17.238222222222394,35.1000000000005,-11.249999999999876,40.00000000000057,0.0005854740754915877,0.0,19.755500000000282,23.155250000000002,23.7487,27.77777777777778,nearest2,tx1,mti,18
-21.59444444444443,88.88888888888889,0.018991997414085863,18,trackman_4ms,global,0.0,21.59444444444443,0.0,-20.0,25.35000000000036,0.009311508737661067,0.0,22.2125,23.59,24.2924,77.77777777777777,complete2,tx1,mti,18
-14.777777777777665,72.22222222222223,-0.03210338247401694,18,trackman_4ms,global,0.0,18.892000000000053,0.20000000000000284,-20.0,30.25000000000043,0.007704196757755688,9.10000000000013,21.6155,23.14075,24.2924,55.55555555555556,nearest2,tx1,mti,18
-21.555555555555543,88.88888888888889,0.023825241865873856,18,trackman_4ms,rx,0.0,21.555555555555543,0.0,-20.0,25.200000000000358,0.009377342828542745,0.0,22.2125,23.59,24.2924,77.77777777777777,complete2,tx1,mti,18
-14.705555555555444,72.22222222222223,-0.029982010143250647,18,trackman_4ms,rx,0.0,18.842000000000056,0.0,-20.0,30.100000000000428,0.007749831091099113,9.450000000000134,21.6155,23.14075,24.2924,55.55555555555556,nearest2,tx1,mti,18
1.755555555555902,88.88888888888889,0.3109542998793065,18,trackman_4ms,frame_rx,0.0,17.17700000000032,0.0,20.00000000000057,40.00000000000057,0.0012040353127282244,0.0,17.412000000000567,20.965249999999997,22.8089,72.22222222222223,complete2,tx3,mti,18
-4.911111111110859,88.88888888888889,0.1411073720473126,18,trackman_4ms,frame_rx,8.300000000000118,18.258222222222447,0.0,-11.699999999999882,40.00000000000057,0.0008967644694127253,0.0,19.523000000000284,22.5835,23.505100000000002,61.111111111111114,nearest2,tx3,mti,18
17.3333333333339,100.0,nan,18,trackman_4ms,global,0.0,17.3333333333339,0.0,20.00000000000057,24.300000000000345,0.009609461965276178,0.0,17.40700000000057,18.31625000000057,18.77870000000057,100.0,complete2,tx3,mti,18
15.77777777777832,94.44444444444444,-0.2413111926482797,18,trackman_4ms,global,0.0,17.101777777778302,0.0,20.00000000000057,29.350000000000417,0.007616140380381442,0.0,17.40700000000057,18.31625000000057,18.77870000000057,88.88888888888889,nearest2,tx3,mti,18
17.3333333333339,100.0,nan,18,trackman_4ms,rx,0.0,17.3333333333339,0.0,20.00000000000057,24.400000000000347,0.009547026567635342,0.0,17.40700000000057,18.31625000000057,18.77870000000057,100.0,complete2,tx3,mti,18
15.716666666667209,94.44444444444444,-0.24131119264827974,18,trackman_4ms,rx,0.0,17.162888888889412,0.0,20.00000000000057,28.300000000000402,0.007958314764883678,0.0,17.40700000000057,18.31625000000057,18.77870000000057,88.88888888888889,nearest2,tx3,mti,18
3.6222222222225957,94.44444444444444,0.10215865141106596,18,trackman_4ms,frame_rx,0.0,18.602888888889265,14.850000000000211,20.00000000000057,40.00000000000057,0.004524815457868481,0.0,18.383000000000568,21.332,22.691200000000002,50.0,complete2,product,raw,18
-0.4444444444441292,100.0,0.18122334864537626,18,trackman_4ms,frame_rx,0.0,19.47755555555587,0.0,20.00000000000057,40.00000000000057,0.004151584634672606,0.0,18.629000000000566,22.36025,23.0045,55.55555555555556,nearest2,product,raw,18
0.7555555555558884,94.44444444444444,0.04526640177496662,18,trackman_4ms,global,0.0,18.579777777778077,3.800000000000054,20.00000000000057,9.600000000000136,0.02326473020522135,0.0,18.47850000000057,21.649250000000002,22.9063,50.0,complete2,product,raw,18
-1.4666666666663657,94.44444444444444,-0.12977836579008334,18,trackman_4ms,global,9.20000000000013,19.088555555555825,5.500000000000078,10.800000000000438,8.650000000000123,0.024432727273465682,0.0,19.26350000000057,21.68525,23.7487,50.0,nearest2,product,raw,18
-7.1111111111108904,100.0,-0.2295839558922454,18,trackman_4ms,rx,0.0,20.87366666666689,0.0,-20.0,9.250000000000131,0.026246037954941848,0.0,21.6155,23.14675,24.1734,61.111111111111114,complete2,product,raw,18
-2.7666666666663837,94.44444444444444,-0.17845045731845446,18,trackman_4ms,rx,19.10000000000027,20.123333333333616,3.950000000000056,-0.8999999999997286,14.850000000000211,0.01293099093218017,0.0,20.477000000000285,22.85075,24.0061,50.0,nearest2,product,raw,18
6.222222222222632,100.0,0.06967248963205107,18,trackman_4ms,frame_rx,0.0,18.736444444444853,0.0,20.00000000000057,40.00000000000057,0.003040206851261329,0.0,18.23250000000057,19.910750000000142,22.7819,83.33333333333333,complete2,tx1,raw,18
1.7777777777781243,100.0,0.20017881619962946,18,trackman_4ms,frame_rx,0.0,19.162333333333677,0.0,20.00000000000057,40.00000000000057,0.00282347955244594,0.0,18.383000000000568,21.5705,22.791700000000002,88.88888888888889,nearest2,tx1,raw,18
6.711111111111529,83.33333333333333,-0.4830731808534868,18,trackman_4ms,global,0.0,18.240888888889284,0.0,20.00000000000057,7.700000000000109,0.027251581447833045,0.0,18.23250000000057,19.492250000000567,23.2076,77.77777777777777,complete2,tx1,raw,18
6.1666666666670755,88.88888888888889,-0.6296364905932682,18,trackman_4ms,global,0.0,19.008222222222624,0.0,20.00000000000057,7.0000000000000995,0.02969106095191759,0.0,18.384500000000568,20.4860000000001,23.4421,88.88888888888889,nearest2,tx1,raw,18
5.911111111111517,94.44444444444444,-0.4409694316494215,18,trackman_4ms,rx,0.0,18.98533333333374,0.0,20.00000000000057,9.250000000000131,0.023765373179716165,0.0,18.31550000000057,20.855000000000143,24.1734,94.44444444444444,complete2,tx1,raw,18
5.911111111111517,94.44444444444444,-0.6407675099517949,18,trackman_4ms,rx,0.0,19.20822222222263,0.0,20.00000000000057,7.250000000000103,0.02992136651923566,0.0,18.384500000000568,22.10825000000014,24.1734,94.44444444444444,nearest2,tx1,raw,18
1.7777777777781243,100.0,0.04816150451712404,18,trackman_4ms,frame_rx,0.0,19.34844444444479,0.0,20.00000000000057,40.00000000000057,0.0033649851034794898,0.0,18.31550000000057,21.22325,23.6995,77.77777777777777,complete2,tx3,raw,18
6.222222222222632,100.0,0.09999780293598254,18,trackman_4ms,frame_rx,0.0,18.702333333333744,0.0,20.00000000000057,40.00000000000057,0.0023682443057758684,0.0,17.78750000000057,19.822250000000142,22.295300000000005,66.66666666666667,nearest2,tx3,raw,18
-11.688888888888734,94.44444444444444,0.06909011927503507,18,trackman_4ms,global,0.0,20.97122222222238,0.0,-20.0,15.350000000000218,0.013106805187195203,0.0,21.6845,23.22275,24.1734,77.77777777777777,complete2,tx3,raw,18
-13.777777777777654,100.0,0.15636873287935082,18,trackman_4ms,global,0.0,21.31822222222235,0.0,-20.0,8.200000000000117,0.018979377797407312,0.0,21.7675,23.155250000000002,24.0061,83.33333333333333,nearest2,tx3,raw,18
-11.555555555555399,100.0,-0.00309509169442949,18,trackman_4ms,rx,0.0,21.188666666666826,0.0,-20.0,11.400000000000162,0.013048440439210024,0.0,21.6845,23.48375,24.2924,83.33333333333333,complete2,tx3,raw,18
-13.777777777777654,100.0,0.07580761845807005,18,trackman_4ms,rx,0.0,21.40233333333346,0.0,-20.0,7.900000000000112,0.021045366535430682,0.0,21.7675,23.155250000000002,24.2924,83.33333333333333,nearest2,tx3,raw,18
,93.75,,16,home_2ms,frame_rx,3.650000000000052,,31.00000000000044,-16.349999999999948,40.00000000000057,0.002576332186357999,8.600000000000122,,,,31.25,complete2,product,mti,16
,100.0,,16,home_2ms,frame_rx,0.0,,26.75000000000038,20.00000000000057,40.00000000000057,0.0025130537785787443,35.3000000000005,,,,25.0,nearest2,product,mti,16
,81.25,,16,home_2ms,global,0.0,,15.950000000000227,20.00000000000057,26.250000000000373,0.009069560075746719,25.750000000000366,,,,43.75,complete2,product,mti,16
,81.25,,16,home_2ms,global,2.250000000000032,,20.250000000000288,17.750000000000536,38.95000000000056,0.0048620917074681524,40.00000000000057,,,,25.0,nearest2,product,mti,16
,75.0,,16,home_2ms,rx,0.0,,7.250000000000103,20.00000000000057,27.35000000000039,0.008825301375773364,24.250000000000345,,,,37.5,complete2,product,mti,16
,68.75,,16,home_2ms,rx,3.250000000000046,,8.650000000000123,16.750000000000522,40.00000000000057,0.004765569525279623,40.00000000000057,,,,25.0,nearest2,product,mti,16
,81.25,,16,home_2ms,frame_rx,19.05000000000027,,0.8000000000000114,-0.9499999999997293,40.00000000000057,0.0015338067409977896,19.05000000000027,,,,56.25,complete2,tx1,mti,16
,100.0,,16,home_2ms,frame_rx,0.0,,0.0,-20.0,40.00000000000057,0.0017851966346794645,8.950000000000127,,,,75.0,nearest2,tx1,mti,16
,93.75,,16,home_2ms,global,8.700000000000124,,0.0,-11.299999999999876,40.00000000000057,0.003658729149339568,18.750000000000266,,,,68.75,complete2,tx1,mti,16
,87.5,,16,home_2ms,global,8.700000000000124,,0.0,-11.299999999999876,40.00000000000057,0.0027675772124546305,35.050000000000495,,,,68.75,nearest2,tx1,mti,16
,93.75,,16,home_2ms,rx,10.100000000000144,,0.0,-9.899999999999856,40.00000000000057,0.0036530529447823534,21.600000000000307,,,,68.75,complete2,tx1,mti,16
,87.5,,16,home_2ms,rx,10.100000000000144,,0.0,-9.899999999999856,40.00000000000057,0.00277557671703188,34.65000000000049,,,,68.75,nearest2,tx1,mti,16
,93.75,,16,home_2ms,frame_rx,0.0,,18.150000000000258,20.00000000000057,40.00000000000057,0.0009812484900427743,0.0,,,,43.75,complete2,tx3,mti,16
,81.25,,16,home_2ms,frame_rx,0.0,,20.900000000000297,20.00000000000057,40.00000000000057,0.0008315584881020688,24.350000000000346,,,,43.75,nearest2,tx3,mti,16
,81.25,,16,home_2ms,global,0.0,,0.0,20.00000000000057,37.850000000000534,0.004485456473629246,25.000000000000355,,,,75.0,complete2,tx3,mti,16
,87.5,,16,home_2ms,global,0.0,,0.0,20.00000000000057,40.00000000000057,0.003113707014546996,24.500000000000348,,,,68.75,nearest2,tx3,mti,16
,81.25,,16,home_2ms,rx,0.0,,0.0,20.00000000000057,37.95000000000054,0.004447983667128064,27.750000000000394,,,,75.0,complete2,tx3,mti,16
,87.5,,16,home_2ms,rx,0.0,,0.0,20.00000000000057,40.00000000000057,0.0030893837350216558,24.250000000000345,,,,68.75,nearest2,tx3,mti,16
,100.0,,16,home_2ms,frame_rx,0.0,,0.0,20.00000000000057,40.00000000000057,0.0035414716476077635,0.0,,,,62.5,complete2,product,raw,16
,100.0,,16,home_2ms,frame_rx,0.0,,0.0,20.00000000000057,40.00000000000057,0.0027400130308131154,7.550000000000107,,,,62.5,nearest2,product,raw,16
,87.5,,16,home_2ms,global,0.0,,0.0,20.00000000000057,18.100000000000257,0.012076981345362336,31.850000000000453,,,,62.5,complete2,product,raw,16
,100.0,,16,home_2ms,global,20.000000000000284,,0.0,2.8421709430404007e-13,20.30000000000029,0.01037187761774197,40.00000000000057,,,,68.75,nearest2,product,raw,16
,93.75,,16,home_2ms,rx,0.0,,0.0,20.00000000000057,24.05000000000034,0.010376443583081651,20.35000000000029,,,,81.25,complete2,product,raw,16
,100.0,,16,home_2ms,rx,0.0,,0.0,-20.0,32.40000000000046,0.006360600103941849,40.00000000000057,,,,68.75,nearest2,product,raw,16
,93.75,,16,home_2ms,frame_rx,0.0,,0.0,20.00000000000057,40.00000000000057,0.00182267281049725,0.0,,,,75.0,complete2,tx1,raw,16
,81.25,,16,home_2ms,frame_rx,1.5000000000000213,,0.0,18.500000000000547,40.00000000000057,0.0012389281900344051,21.500000000000306,,,,56.25,nearest2,tx1,raw,16
,93.75,,16,home_2ms,global,0.0,,0.0,20.00000000000057,40.00000000000057,0.003453692187603774,40.00000000000057,,,,75.0,complete2,tx1,raw,16
,93.75,,16,home_2ms,global,0.0,,0.0,-20.0,36.00000000000051,0.005639836446815927,40.00000000000057,,,,87.5,nearest2,tx1,raw,16
,81.25,,16,home_2ms,rx,0.0,,0.0,20.00000000000057,40.00000000000057,0.003299916565687011,33.500000000000476,,,,62.5,complete2,tx1,raw,16
,93.75,,16,home_2ms,rx,0.0,,0.0,-20.0,40.00000000000057,0.0028219139466863497,40.00000000000057,,,,68.75,nearest2,tx1,raw,16
,100.0,,16,home_2ms,frame_rx,0.0,,0.0,20.00000000000057,40.00000000000057,0.0015910097259576594,0.0,,,,81.25,complete2,tx3,raw,16
,100.0,,16,home_2ms,frame_rx,0.0,,0.0,20.00000000000057,40.00000000000057,0.001618739038452277,40.00000000000057,,,,75.0,nearest2,tx3,raw,16
,87.5,,16,home_2ms,global,9.000000000000128,,0.0,-10.999999999999872,39.75000000000057,0.004987671823549922,14.350000000000204,,,,68.75,complete2,tx3,raw,16
,93.75,,16,home_2ms,global,0.0,,0.0,-20.0,39.30000000000056,0.005059804474883467,40.00000000000057,,,,75.0,nearest2,tx3,raw,16
,93.75,,16,home_2ms,rx,17.450000000000248,,0.0,-2.549999999999752,39.35000000000056,0.0046502856466146825,10.700000000000152,,,,81.25,complete2,tx3,raw,16
,93.75,,16,home_2ms,rx,0.0,,0.0,-20.0,37.850000000000534,0.005326737020061423,40.00000000000057,,,,81.25,nearest2,tx3,raw,16
