bias_deg,coverage,dataset,mad_path_deg,mae_deg,median_parity_delta_deg,median_path_deg,median_timing_span_deg,method,p50_deg,p75_deg,p90_deg,parity_within_3deg_pct,reference,source,total
3.5395850384127523,18,trackman_4ms,45.61880703934335,42.08777567100915,53.46740401340059,1.9988512642188765,8.552059373677551,coherent_cross,44.50230703934335,58.42224965854648,72.93912485664953,0.0,fused,mti,18
-24.59333497088567,18,trackman_4ms,29.67613490351713,48.48504407042655,32.097421870071656,-46.99555109946203,11.898283589804663,coherent_cross,57.91065407305746,65.15485772089565,78.02462882304638,11.11111111111111,tx1,mti,18
18.8156465819736,18,trackman_4ms,29.940739849565325,57.340147273714024,26.251801472042022,42.8725871446765,22.66682965756746,coherent_cross,60.4948313888833,70.27076491109005,78.84767146004813,11.11111111111111,tx3,mti,18
9.8844588887732,18,trackman_4ms,16.819943109067214,19.732444795580534,21.17491870935975,7.230989460548669,3.5774116185271794,loop_cross,16.29242523731954,32.193420921217474,37.82815815957176,0.0,fused,mti,18
-49.47762635947204,18,trackman_4ms,8.904514928931558,49.47762635947204,8.28785980019434,-48.48737704582325,13.401483151993656,loop_cross,50.12029389692269,61.65510556782914,66.7043905156079,22.22222222222222,tx1,mti,18
53.96452887606879,18,trackman_4ms,9.090883405534768,53.96452887606879,7.4396895230383215,55.28947041579934,6.068464792250079,loop_cross,53.21521944467224,61.81613446063531,62.61519167775987,16.666666666666668,tx3,mti,18
-14.693393922762965,18,trackman_4ms,53.49810556246958,64.12247422782407,78.26750448282567,-29.44630883406439,0.9007860185020675,coherent_cross,77.90871036600265,82.12767815927012,86.62650363529895,22.22222222222222,fused,raw,18
2.936612850325565,18,trackman_4ms,80.80879958785738,66.2767213143058,11.745871028919805,-2.5260911868532014,0.834811039642581,coherent_cross,77.33686720493475,81.16518474309962,86.06786589995399,27.77777777777778,tx1,raw,18
-33.049884125639856,18,trackman_4ms,16.89859201633356,66.86035420296474,32.94396689763281,-66.67488189187321,4.021397999003938,coherent_cross,79.87095351908076,84.65322184921548,87.12302800699084,44.44444444444444,tx3,raw,18
-6.022496917864905,18,trackman_4ms,53.042057228515084,66.079300118115,7.704382524436461,-29.457984950555357,6.236931714885365,loop_cross,69.3041937800867,79.68707812311601,82.26214858459353,44.44444444444444,fused,raw,18
11.252745900907374,18,trackman_4ms,30.43463773543973,66.43062866274647,5.712894254007125,48.47793982637331,5.498082428203553,loop_cross,70.2228252486177,77.42196778680007,84.47124284233806,33.333333333333336,tx1,raw,18
-37.81688062307722,18,trackman_4ms,14.635654897444837,63.5502648750297,6.874198650226425,-68.53368023751858,6.963751906830872,loop_cross,78.17107805057421,82.48846113253398,85.53810264448656,33.333333333333336,tx3,raw,18
,16,home_2ms,77.3974897795081,,101.53491502008117,3.903396003738173,63.46968367853496,coherent_cross,,,,12.5,fused,mti,16
,16,home_2ms,38.26060199900025,,112.8651481624095,-46.46875614653703,133.46676909778972,coherent_cross,,,,0.0,tx1,mti,16
,16,home_2ms,16.700444906811832,,20.00442699263343,70.64922125867565,115.90176295366965,coherent_cross,,,,6.25,tx3,mti,16
,16,home_2ms,18.284742256730826,,45.565561531685944,44.94380477773357,75.97740849843598,loop_cross,,,,6.25,fused,mti,16
,16,home_2ms,17.36597076520046,,89.58965381643503,49.5943340020662,86.65605180189675,loop_cross,,,,6.25,tx1,mti,16
,16,home_2ms,11.31870996328837,,22.54162167665799,64.70300593203537,55.76394617759205,loop_cross,,,,6.25,tx3,mti,16
,16,home_2ms,6.094292123063141,,108.78134631540547,-79.85284011476486,67.58069833380814,coherent_cross,,,,12.5,fused,raw,16
,16,home_2ms,11.267120432809563,,131.91256658763942,-75.80986607449879,134.36074868721812,coherent_cross,,,,12.5,tx1,raw,16
,16,home_2ms,28.023611192306866,,58.297439986547,-58.73478595216363,74.15005405793646,coherent_cross,,,,12.5,tx3,raw,16
,16,home_2ms,48.39284315961181,,20.297910872140115,-32.80616488125142,68.53984131767619,loop_cross,,,,25.0,fused,raw,16
,16,home_2ms,54.328421744139085,,8.837420637845874,-32.08396618510646,102.02784405569352,loop_cross,,,,25.0,tx1,raw,16
,16,home_2ms,6.816866685214151,,4.555350974662225,-75.19276230095868,119.96331213514529,loop_cross,,,,43.75,tx3,raw,16
