bias_deg,coverage,dataset,mad_path_deg,mae_deg,median_parity_delta_deg,median_path_deg,median_timing_span_deg,method,p50_deg,p75_deg,p90_deg,parity_within_3deg_pct,policy,reference,source,total
10.83560408491143,18,trackman_4ms,35.98410158342064,65.97951215600511,37.49591262777623,51.25131621425399,4.33457580829203,adjacent,67.7579672764538,74.21900317860135,83.19064530826401,11.11111111111111,complete1,fused,mti,18
19.94800813994287,18,trackman_4ms,40.269686551255305,56.2005914261504,43.18637117123909,44.019972980437025,0.7131811425326049,adjacent,66.882919050145,79.71887481021938,82.96979234462304,11.11111111111111,complete2,fused,mti,18
-10.033424481109803,18,trackman_4ms,37.96121167864035,61.42344772216019,45.86691538483996,-45.38618947627873,43.177409442823404,adjacent,63.744479820869074,72.840143587414,82.14400417072474,11.764705882352942,nearest1,fused,mti,18
20.36702639428721,18,trackman_4ms,33.76728602887908,63.67529813829404,38.91554394617553,51.84269552932696,3.985167323581912,adjacent,73.50177069812898,81.5097122927007,84.34845927193955,11.11111111111111,nearest2,fused,mti,18
-2.0996114598968183,18,trackman_4ms,62.486015275879595,61.7977948507984,23.72979759802487,-13.947482785933804,1.3962549608499444,adjacent,69.59463067553699,79.99698007689678,82.87670321992572,0.0,complete1,tx1,mti,18
-14.210532301075071,18,trackman_4ms,52.72395477995557,64.73801802526822,63.49946968162086,-30.43568941419113,2.320330987240453,adjacent,69.91578933876605,81.72154551093816,85.04842281618946,5.555555555555555,complete2,tx1,mti,18
-1.7770156122310894,18,trackman_4ms,59.18902728115834,58.114405708008086,70.81976185541721,-12.68087555210818,62.200851447836015,adjacent,57.851678183426685,77.09352592938288,82.58063497190645,0.0,nearest1,tx1,mti,18
-5.149202933091302,18,trackman_4ms,66.47034244162823,62.076520915910706,61.70345356751956,-13.218261750962299,21.9037730955904,adjacent,65.41033264324618,81.72154551093816,84.86323820156986,5.555555555555555,nearest2,tx1,mti,18
15.269888937479985,18,trackman_4ms,17.6254574935722,70.13317669224753,14.864263176849857,70.72596573081398,1.0431833549369287,adjacent,73.45717275801377,80.76765037868165,83.20761023440846,5.555555555555555,complete1,tx3,mti,18
44.6819365061081,18,trackman_4ms,21.543535951468463,63.11297900412074,33.78758193750333,64.74174593488644,0.46412039308459185,adjacent,66.90850622892845,82.25384702938004,83.92668126605436,16.666666666666668,complete2,tx3,mti,18
-0.7405326573416531,18,trackman_4ms,68.7473652888647,67.44131905322996,21.673615453589072,13.32632073141719,15.424997317599992,adjacent,73.45717275801377,76.19544757718377,81.55512878405912,5.882352941176471,nearest1,tx3,mti,18
39.60341716742344,18,trackman_4ms,32.281281287051065,58.03445966543609,25.229620625942406,51.487968549224206,2.3302375298221065,adjacent,60.773326021417574,81.42933267518293,83.79737209395601,16.666666666666668,nearest2,tx3,mti,18
7.653236841164223,18,trackman_4ms,32.06519029825299,61.10745590399282,45.624576927749644,42.9508469265643,14.688621934010886,endpoint,67.51841017913694,70.31238740468444,75.4428752025684,0.0,complete1,fused,mti,18
17.878755895663705,18,trackman_4ms,25.405915931236564,53.75709097888961,19.88700601744765,51.584461288848914,2.1428129249413104,endpoint,59.9776240735783,66.96159750490087,72.96470562334555,11.11111111111111,complete2,fused,mti,18
-7.792739493244181,18,trackman_4ms,57.09521863028332,60.961933487349775,58.39109157971784,-24.505920842672328,112.54405182728412,endpoint,68.33469919778722,71.49664241295127,81.31831298282425,0.0,nearest1,fused,mti,18
11.999083886998047,18,trackman_4ms,38.78037338336883,55.77127948929892,19.214229518160035,35.56697023251176,26.49386543101109,endpoint,64.87221734662492,70.89749325463745,72.96470562334555,16.666666666666668,nearest2,fused,mti,18
6.615694701672329,18,trackman_4ms,31.6601757163643,64.15387326379522,46.29789990100393,48.55238694601388,4.156695063608488,endpoint,66.66364762901986,74.5974371346974,77.55460321143728,0.0,complete1,tx1,mti,18
3.7146456043016993,18,trackman_4ms,68.90293451893388,60.516635917952854,42.44369204672173,2.0645598156807328,4.300522740707464,endpoint,68.05484933027572,72.99058808191583,74.74484938492444,5.555555555555555,complete2,tx1,mti,18
-10.185895690248172,18,trackman_4ms,48.82636531516248,66.30353990054647,60.9457222924038,-34.505920770224776,71.68144552192227,endpoint,67.42336389779368,78.00497634935678,80.80200900438868,0.0,nearest1,tx1,mti,18
5.954416976191656,18,trackman_4ms,46.91970394141282,60.068007569405786,42.11167395282281,32.70782511294182,12.558611499917825,endpoint,66.16405158841569,74.04212264734913,79.77265760335571,11.11111111111111,nearest2,tx1,mti,18
3.2912496337656045,18,trackman_4ms,58.15633557240935,57.94464804364933,46.79810291184833,18.885371859252434,2.4824273122897242,endpoint,69.40194607960308,76.2488372262296,78.75697985923262,5.555555555555555,complete1,tx3,mti,18
23.3818419699869,18,trackman_4ms,31.03046190513404,55.322566993662434,40.02242634778989,50.0858387889119,3.029852396632549,endpoint,63.78182036040159,72.83394288279982,77.20629040337364,22.22222222222222,complete2,tx3,mti,18
-6.917965876405178,18,trackman_4ms,59.600455904652165,63.42780302101331,43.31611374925543,-18.13057110559818,84.1049616788562,endpoint,69.40194607960308,77.78697711267647,84.74772040975967,11.764705882352942,nearest1,tx3,mti,18
20.610029299598775,18,trackman_4ms,26.71245712731521,60.35172995087122,32.90047224641572,57.04123852614116,16.91160515904348,endpoint,71.00602933630242,74.27133735089208,79.07654796036451,16.666666666666668,nearest2,tx3,mti,18
1.8542633126468187,18,trackman_4ms,64.65306292317715,57.9967867549076,69.93618273874392,4.6497933071005395,26.687286791259833,regression,65.96887382684722,69.71172859659188,72.48421020830413,5.555555555555555,complete1,fused,mti,18
24.109610187911098,18,trackman_4ms,34.220348696454096,49.9796179012395,36.03351341025939,35.92026355896799,1.240484358994582,regression,53.6613819583501,73.90314732788019,81.96133847331004,5.555555555555555,complete2,fused,mti,18
7.756627043773561,18,trackman_4ms,50.312211688607285,56.28289060523444,73.31327949826758,28.605433384310338,23.22370275551695,regression,63.78801365015822,69.48776766349486,74.17382829811682,5.882352941176471,nearest1,fused,mti,18
29.005727141010166,18,trackman_4ms,28.310328473996726,50.25100234413538,32.43056272554695,45.90950210987927,23.282528804780384,regression,60.435351108769154,68.09265455272839,81.96133847331004,5.555555555555555,nearest2,fused,mti,18
10.232720005877088,18,trackman_4ms,47.88625132810733,53.460158703521415,72.22280920874539,29.1587162899768,15.454536287686176,regression,59.990849028619536,72.41561371950655,75.01360899075924,5.555555555555555,complete1,tx1,mti,18
-7.4436897661894665,18,trackman_4ms,46.20789055309167,42.64298044376482,50.68987926494146,-12.602015598618294,3.197842950327356,regression,38.415263137563954,62.415668516069665,68.30166993271455,0.0,complete2,tx1,mti,18
-0.36269767405095305,18,trackman_4ms,63.49103703359015,54.04193555772293,92.79624690361598,-0.865528336066296,88.11966925601874,regression,58.93850869752386,72.5631822528573,79.70659697688001,0.0,nearest1,tx1,mti,18
3.4961232882655384,18,trackman_4ms,44.57223746422467,44.3525005552593,42.61875275730837,16.603020607386693,20.139313520461474,regression,45.578185187596546,63.168957034759615,72.21811641655245,5.555555555555555,nearest2,tx1,mti,18
-16.47105135719387,18,trackman_4ms,37.399581678143925,51.46607723493463,35.57136815254462,-38.86208329468309,7.910654252550179,regression,58.289019260088814,68.89678552418842,76.43480324483835,5.555555555555555,complete1,tx3,mti,18
4.828466358244798,18,trackman_4ms,63.164589875441465,52.50975280287087,31.51228827889591,9.82874948480405,2.4851562272266037,regression,57.617532992224945,71.52645740139775,76.4838725147029,5.555555555555555,complete2,tx3,mti,18
-6.967995107225887,18,trackman_4ms,60.69652057124377,52.43295518206847,66.50063094084223,0.14188397139020847,40.4602324896765,regression,58.289019260088814,69.54477906810348,79.05072660557336,5.882352941176471,nearest1,tx3,mti,18
-4.896918219840698,18,trackman_4ms,48.298440350191484,54.57385650678947,39.708247140122324,-18.01192958367125,9.947858870690268,regression,60.28668875191,71.48843182606599,74.54403672777948,11.11111111111111,nearest2,tx3,mti,18
4.012039344788802,18,trackman_4ms,24.2655116790104,78.3092981348354,3.131289741339124,63.6171227222773,1.4284657132580776,adjacent,79.70211343421819,85.79793509663527,89.47848486332536,44.44444444444444,complete1,fused,raw,18
16.927593913869732,18,trackman_4ms,8.51127322281549,78.82421366244506,2.609283168005881,78.40296159220381,0.4262942293622629,adjacent,82.1740279259894,83.64781816094994,85.82618856084947,55.55555555555556,complete2,fused,raw,18
-4.0178273322978635,18,trackman_4ms,82.99503740254842,81.55364680044373,1.1026559161109617,-5.349295265679011,1.7839268035888765,adjacent,85.27025690045474,88.26949865286144,90.0733279127389,58.8235294117647,nearest1,fused,raw,18
7.423919384161199,18,trackman_4ms,9.581220505831759,82.84088972908211,0.9898587229574076,78.40296159220381,1.6752417777338948,adjacent,82.91869862787306,84.82107080020172,88.1582121105544,72.22222222222223,nearest2,fused,raw,18
9.981685532533694,18,trackman_4ms,16.672986845543768,77.29851279691837,2.9200411432123516,70.97685359538013,2.9013049948928824,adjacent,83.20403938616747,86.2925669571942,89.71853560831678,50.0,complete1,tx1,raw,18
11.362931847939544,18,trackman_4ms,9.234638521382116,76.41855654460558,3.3140560858584323,77.09173282697816,1.8679890063039153,adjacent,80.70493263180131,83.96136708072738,89.65635080033526,50.0,complete2,tx1,raw,18
4.467420917967007,18,trackman_4ms,17.796725176874773,83.46705176494997,1.3814796804616947,70.97685359538013,2.483665675697843,adjacent,86.18557877225491,88.9590370470799,89.76510042001854,64.70588235294117,nearest1,tx1,raw,18
10.667972573911593,18,trackman_4ms,12.858753898726356,77.9861947907494,2.42159591789477,74.63066364392873,1.8657933289357445,adjacent,81.99920424444514,85.6998958842065,89.60120865182192,55.55555555555556,nearest2,tx1,raw,18
-0.942863850186525,18,trackman_4ms,73.63390325436279,79.10192282960267,1.0343969027150521,13.894297760573536,3.0388006179284375,adjacent,82.54471329937064,86.01536420464161,88.37042227545105,66.66666666666667,complete1,tx3,raw,18
16.644997808475818,18,trackman_4ms,9.426806555979823,74.3316666565382,2.9148017238875,78.39141267528022,0.34500847892175557,adjacent,82.86879851824028,84.97334106497713,86.02195503042319,50.0,complete2,tx3,raw,18
-2.829851228683241,18,trackman_4ms,83.16051375000075,78.73767099294616,1.126647912266094,4.049752431135939,3.7035925756823715,adjacent,83.74910324355886,87.2073540988117,90.13654383962798,58.8235294117647,nearest1,tx3,raw,18
4.777336542874149,18,trackman_4ms,48.32706652215483,78.8483959683474,2.5418378805551995,40.07676542012778,1.3946576782606428,adjacent,84.07680215973718,86.02142928913055,87.42386918795631,55.55555555555556,nearest2,tx3,raw,18
6.539154426414106,18,trackman_4ms,11.141416585188885,83.999897706575,2.553140504322897,76.52524869438074,0.5004699564294128,endpoint,84.4615268679812,88.24198248621875,89.07805258234143,66.66666666666667,complete1,fused,raw,18
-9.843479956596877,18,trackman_4ms,42.29663506161637,75.40939007300626,9.371563805125355,-44.28121492430075,1.889441390302622,endpoint,82.9443251931123,84.9564008521262,87.14668993406495,27.77777777777778,complete2,fused,raw,18
0.30884387764017796,18,trackman_4ms,59.34693692169543,80.75256745838826,2.9289338172005017,28.087811691615432,6.527820628600985,endpoint,84.4615268679812,88.24198248621875,89.58815469901417,52.94117647058823,nearest1,fused,raw,18
-25.63521877142916,18,trackman_4ms,11.63507236184762,78.26928264883331,7.263382817446505,-73.67073043831593,3.1242375447473947,endpoint,83.40503491747933,85.27042292776359,87.14668993406495,38.888888888888886,nearest2,fused,raw,18
9.635255039517407,18,trackman_4ms,3.527062809297952,83.14136788457742,2.6638322437973443,84.65141142247575,0.42897417950322136,endpoint,84.77292418807153,86.57139990681547,88.22134674808062,50.0,complete1,tx1,raw,18
13.82251991236674,18,trackman_4ms,13.007343767520943,79.53144002293028,7.010680457995811,74.75501354190229,0.335279836539911,endpoint,83.10795950716786,84.53393375261155,87.40392516116081,38.888888888888886,complete2,tx1,raw,18
-0.9770341283383553,18,trackman_4ms,77.26432630226068,84.37854837885766,5.104266232228156,11.081316251439695,6.54167866775073,endpoint,85.06414615355234,87.67481266323388,89.60473302099716,41.1764705882353,nearest1,tx1,raw,18
-4.241703365291275,18,trackman_4ms,66.320243902522,80.25025185894614,12.458331878052576,-20.621263357317538,4.633787793054026,endpoint,83.33058061699847,85.77781807877236,87.40392516116081,44.44444444444444,nearest2,tx1,raw,18
5.864849060347916,18,trackman_4ms,13.931624184351158,83.55407883933843,4.455211748647152,73.96186672515154,0.35234395199331914,endpoint,84.99890965129823,88.10800391033627,89.11411997263949,44.44444444444444,complete1,tx3,raw,18
-11.27720154103826,18,trackman_4ms,24.92967802675026,77.91369012528672,26.177571470526132,-60.80983431728514,2.444414831301721,endpoint,83.11197165499047,85.7909174623805,86.94315297184313,22.22222222222222,complete2,tx3,raw,18
1.4210866028543647,18,trackman_4ms,50.15787953206587,80.56515824391452,5.0581919173381635,37.735611377436825,2.726741042663562,endpoint,84.8351522589742,88.10800391033627,89.11411997263949,41.1764705882353,nearest1,tx3,raw,18
-12.467267554004223,18,trackman_4ms,25.220089481925484,77.95792906430178,14.062710721815858,-60.95717026835777,2.635051306219843,endpoint,83.62852756611,86.55687405774115,88.28586269025078,33.333333333333336,nearest2,tx3,raw,18
34.22903917639455,18,trackman_4ms,6.985357337797517,77.1074687446731,2.1465220774527225,82.10574722668446,5.737897852838657,regression,80.5247460905648,85.21831996983074,86.78808344660544,61.111111111111114,complete1,fused,raw,18
33.52515580246551,18,trackman_4ms,10.320192305187817,74.66923116493504,20.907763005269924,77.73609599901715,0.34703746332844077,regression,83.10720331621204,85.2576707735993,89.98577273391055,38.888888888888886,complete2,fused,raw,18
24.866641108136008,18,trackman_4ms,13.202908578483672,75.41168399670977,2.2201994455217573,74.78261476176509,9.010835803984982,regression,80.493848413353,82.47991888361216,85.17233928646786,64.70588235294117,nearest1,fused,raw,18
43.33850826071994,18,trackman_4ms,5.600977250459977,74.24114293422413,21.916173191496274,81.90353097670094,1.2685994228587845,regression,82.36327588788328,85.2350770893402,87.14236445095518,27.77777777777778,nearest2,fused,raw,18
7.618286832531181,18,trackman_4ms,14.774613308758354,81.57942911267975,2.2524505192074926,73.34991573285829,0.8092439185462865,regression,83.01522645710739,86.57095611637874,90.77860861992612,50.0,complete1,tx1,raw,18
12.062204106503449,18,trackman_4ms,14.376582392540008,80.784803413352,1.8295949399299687,72.52582254528636,0.5167797374101184,regression,84.41466188946143,86.24167647253455,90.80743644501803,55.55555555555556,complete2,tx1,raw,18
-12.090665212963028,18,trackman_4ms,22.189872094952953,82.23533248875412,3.1319946399493546,-66.97093163492816,6.649819462053493,regression,83.26973625566944,88.84262023557527,90.90277021673123,47.05882352941177,nearest1,tx1,raw,18
12.331027634212534,18,trackman_4ms,14.614097110295546,80.51492629843149,2.53485884670188,72.52582254528636,2.970415561581987,regression,84.85037604524072,86.24167647253455,89.78498264497385,50.0,nearest2,tx1,raw,18
15.174834404643398,18,trackman_4ms,19.876084331351237,78.77412310293147,2.7464924618772955,68.55748928793581,45.826030093926484,regression,81.60519695352255,84.22234112992781,86.23553524992938,50.0,complete1,tx3,raw,18
45.476750799948626,18,trackman_4ms,4.889153318305688,82.20189650947627,1.1799598345337259,82.7270013304592,0.1960257560565708,regression,82.49585158785948,85.37283671586354,86.09499887142098,61.111111111111114,complete2,tx3,raw,18
7.20365807198761,18,trackman_4ms,52.16603847649758,71.81722561325982,3.085567604282474,35.313912387010106,16.880225979905255,regression,80.61844473871429,83.66969251159844,86.67234051648323,47.05882352941177,nearest1,tx3,raw,18
35.25352355761004,18,trackman_4ms,5.272834535466082,81.91353303031508,1.1052572793195097,82.7270013304592,0.9021257861433867,regression,83.45935229677553,85.64233646282868,87.32585700437534,66.66666666666667,nearest2,tx3,raw,18
,16,home_2ms,12.924331261504253,,79.53783538727228,-72.81699156234623,38.680115028809524,adjacent,,,,12.5,complete1,fused,mti,16
,16,home_2ms,23.041218471046463,,57.032720319181614,-62.67841157658775,33.66550620766317,adjacent,,,,18.75,complete2,fused,mti,16
,16,home_2ms,13.006246715189203,,34.80047114381962,-74.42199990204284,161.67337717917354,adjacent,,,,8.333333333333334,nearest1,fused,mti,16
,16,home_2ms,15.438827731388322,,88.2046009133592,-66.82835440402016,109.44882626240036,adjacent,,,,18.75,nearest2,fused,mti,16
,16,home_2ms,19.352496362565226,,33.14677128192183,-65.21916136881197,75.90642294709376,adjacent,,,,12.5,complete1,tx1,mti,16
,16,home_2ms,8.676266600251367,,92.09988586277674,-77.51382807568008,21.233694885864832,adjacent,,,,25.0,complete2,tx1,mti,16
,16,home_2ms,9.103800271802477,,14.249762185647185,-78.6186167807781,153.04966663825013,adjacent,,,,16.666666666666668,nearest1,tx1,mti,16
,16,home_2ms,16.482685707439117,,27.906035332057893,-69.2480375743954,20.10619381450653,adjacent,,,,25.0,nearest2,tx1,mti,16
,16,home_2ms,26.17343516988204,,49.53385052735223,-59.708747762803384,79.03766598860813,adjacent,,,,6.25,complete1,tx3,mti,16
,16,home_2ms,46.49029326469526,,102.36463209469193,-40.17617868282429,42.94832617407653,adjacent,,,,6.25,complete2,tx3,mti,16
,16,home_2ms,54.20251115600097,,91.37382533480789,29.674237827975425,168.60915476451936,adjacent,,,,0.0,nearest1,tx3,mti,16
,16,home_2ms,18.390482234375767,,122.11379735258166,-64.12986691835457,144.26344613567875,adjacent,,,,6.25,nearest2,tx3,mti,16
,16,home_2ms,52.251451393882796,,52.11346703235749,-34.096490719493985,100.91135410658833,endpoint,,,,6.25,complete1,fused,mti,16
,16,home_2ms,56.419416624385605,,99.75187825553593,18.88174258473209,20.741790485755967,endpoint,,,,6.25,complete2,fused,mti,16
,16,home_2ms,52.142598029484404,,85.2165701466046,-34.096490719493985,159.0358649976105,endpoint,,,,8.333333333333334,nearest1,fused,mti,16
,16,home_2ms,74.88457434501497,,31.894212368362272,3.686448723551356,83.15584473537984,endpoint,,,,6.25,nearest2,fused,mti,16
,16,home_2ms,10.651606565419378,,47.91970042437963,-75.75975351056456,98.49931192307713,endpoint,,,,12.5,complete1,tx1,mti,16
,16,home_2ms,47.343208035923055,,122.80192528160666,31.762417102807326,25.64170605764527,endpoint,,,,6.25,complete2,tx1,mti,16
,16,home_2ms,11.253061955293632,,41.16575526286243,-75.75975351056456,162.57479620916394,endpoint,,,,16.666666666666668,nearest1,tx1,mti,16
,16,home_2ms,32.73643413458605,,27.552584374023663,-53.790945901270476,129.82579124870563,endpoint,,,,18.75,nearest2,tx1,mti,16
,16,home_2ms,62.963520350672866,,36.1050567498842,-20.50845146538107,139.91406588297235,endpoint,,,,12.5,complete1,tx3,mti,16
,16,home_2ms,27.847822088210002,,58.81239982985353,53.51127487777415,30.25369696885131,endpoint,,,,25.0,complete2,tx3,mti,16
,16,home_2ms,50.80765016260909,,77.55275956299812,34.70898393019272,166.33483728192772,endpoint,,,,8.333333333333334,nearest1,tx3,mti,16
,16,home_2ms,26.6574227403217,,128.35880028419436,56.47887816336636,121.78908262250462,endpoint,,,,18.75,nearest2,tx3,mti,16
,16,home_2ms,67.32584916253376,,75.72594397252576,2.496641154371577,63.41333855911688,regression,,,,0.0,complete1,fused,mti,16
,16,home_2ms,72.46320336795029,,44.8333438698094,13.536683014417257,59.05795969132715,regression,,,,12.5,complete2,fused,mti,16
,16,home_2ms,30.50020557528473,,95.03316648620167,-55.02342237768994,155.55421390838916,regression,,,,0.0,nearest1,fused,mti,16
,16,home_2ms,25.79287839787157,,91.55521929177755,47.01573032619347,128.61510142016482,regression,,,,6.25,nearest2,fused,mti,16
,16,home_2ms,27.356584106731695,,30.29036376538722,-54.23055334842188,86.34050193276056,regression,,,,12.5,complete1,tx1,mti,16
,16,home_2ms,46.58128598490774,,55.57747550902013,29.41600312658759,41.924170241236524,regression,,,,6.25,complete2,tx1,mti,16
,16,home_2ms,12.128787231935902,,57.463368559798504,-73.90177700249114,155.57218887771478,regression,,,,16.666666666666668,nearest1,tx1,mti,16
,16,home_2ms,61.191714992180835,,25.390462364241657,24.77888899754194,104.37980495104372,regression,,,,12.5,nearest2,tx1,mti,16
,16,home_2ms,23.522695647797313,,34.87434720083746,-57.809189692877425,118.64647400955587,regression,,,,12.5,complete1,tx3,mti,16
,16,home_2ms,68.43823918849819,,54.69806776351052,10.610392883158696,66.10889793128283,regression,,,,6.25,complete2,tx3,mti,16
,16,home_2ms,67.51363210225755,,80.25183785615285,-8.495572313427845,158.7609305711756,regression,,,,0.0,nearest1,tx3,mti,16
,16,home_2ms,41.24621245081986,,20.06159990244766,35.088218978946955,100.47755054328098,regression,,,,6.25,nearest2,tx3,mti,16
,16,home_2ms,5.901910702807989,,3.1609760497195794,80.7003535557557,113.70378381143232,adjacent,,,,50.0,complete1,fused,raw,16
,16,home_2ms,23.144191628091896,,5.521230190983793,63.456635381435596,10.977256806532179,adjacent,,,,37.5,complete2,fused,raw,16
,16,home_2ms,16.923243535660866,,2.344732865752441,70.39319197150661,144.9643416985789,adjacent,,,,58.333333333333336,nearest1,fused,raw,16
,16,home_2ms,49.449197287700436,,7.845318380712129,36.17848276610057,72.02012686249563,adjacent,,,,43.75,nearest2,fused,raw,16
,16,home_2ms,6.655104070704645,,3.300687669583752,81.3515131597407,5.5894681798623225,adjacent,,,,43.75,complete1,tx1,raw,16
,16,home_2ms,22.28780116332976,,1.5398858396971775,64.95717189698102,29.378925196324605,adjacent,,,,62.5,complete2,tx1,raw,16
,16,home_2ms,38.42341652453787,,2.8386345436274922,-47.55248534525744,124.38932843688498,adjacent,,,,58.333333333333336,nearest1,tx1,raw,16
,16,home_2ms,33.15774947148305,,1.1701435089261452,55.15879559201461,7.507815774027257,adjacent,,,,62.5,nearest2,tx1,raw,16
,16,home_2ms,5.2660988202176995,,3.1071162542052946,78.78828735743784,106.7579424478104,adjacent,,,,43.75,complete1,tx3,raw,16
,16,home_2ms,20.051607482514335,,18.425209768665777,65.21821466671997,13.272445272550158,adjacent,,,,31.25,complete2,tx3,raw,16
,16,home_2ms,8.938522790257089,,2.257948574415593,79.4728230876482,167.01319682060583,adjacent,,,,58.333333333333336,nearest1,tx3,raw,16
,16,home_2ms,66.46770076753407,,29.24036154859768,18.630935716090995,114.97482224152431,adjacent,,,,18.75,nearest2,tx3,raw,16
,16,home_2ms,11.666267873358464,,7.648252430033594,75.10303073721732,69.89683176816635,endpoint,,,,18.75,complete1,fused,raw,16
,16,home_2ms,54.97511406065746,,5.22982224343604,31.544893884673332,7.158367155135288,endpoint,,,,31.25,complete2,fused,raw,16
,16,home_2ms,70.27251748756738,,21.359161383821306,15.580714536002173,166.07192352785216,endpoint,,,,25.0,nearest1,fused,raw,16
,16,home_2ms,59.94191840091355,,12.295312087532889,-22.762643339476615,71.81166909957736,endpoint,,,,12.5,nearest2,fused,raw,16
,16,home_2ms,40.63562814143137,,21.626364372744366,46.14196140945313,119.60134303570885,endpoint,,,,31.25,complete1,tx1,raw,16
,16,home_2ms,39.40536605240103,,17.391149331639568,45.224039658356816,23.89594202480895,endpoint,,,,25.0,complete2,tx1,raw,16
,16,home_2ms,16.31457464355652,,21.626364372744366,-70.30769343815672,169.06043543112878,endpoint,,,,33.333333333333336,nearest1,tx1,raw,16
,16,home_2ms,9.43572458361568,,18.64438782423902,-72.62041057520537,109.90337608987541,endpoint,,,,25.0,nearest2,tx1,raw,16
,16,home_2ms,7.81354039564966,,8.576999499725993,79.55181207096273,16.998561559867934,endpoint,,,,31.25,complete1,tx3,raw,16
,16,home_2ms,63.76965304667108,,7.546314581366765,21.108990197710355,9.496657933825091,endpoint,,,,31.25,complete2,tx3,raw,16
,16,home_2ms,73.74298377897985,,11.304531240212949,-14.468878860587532,164.07826598011536,endpoint,,,,33.333333333333336,nearest1,tx3,raw,16
,16,home_2ms,80.11248387009411,,9.966455628235941,7.52986529225163,71.96164101717447,endpoint,,,,31.25,nearest2,tx3,raw,16
,16,home_2ms,16.761135241517422,,26.13925203030768,70.31140905588968,41.8562661584141,regression,,,,25.0,complete1,fused,raw,16
,16,home_2ms,50.807590375042295,,73.68899015217019,18.703655775832505,47.435951461320826,regression,,,,6.25,complete2,fused,raw,16
,16,home_2ms,7.944081752550382,,19.79491146375869,80.14834964749011,141.24223509921228,regression,,,,33.333333333333336,nearest1,fused,raw,16
,16,home_2ms,14.1878487427863,,37.68000332245507,69.81545452139642,78.05815761807902,regression,,,,18.75,nearest2,fused,raw,16
,16,home_2ms,9.269066681234051,,10.183835334941918,79.24283090766394,89.68615702373872,regression,,,,37.5,complete1,tx1,raw,16
,16,home_2ms,20.00294317167655,,5.196496379910904,-66.78070575169653,25.74748878543209,regression,,,,31.25,complete2,tx1,raw,16
,16,home_2ms,17.29823840610407,,7.064907579894772,71.94633368668522,163.52556373424414,regression,,,,33.333333333333336,nearest1,tx1,raw,16
,16,home_2ms,66.35377455216675,,5.196496379910904,-16.681133578928154,115.28710046521456,regression,,,,37.5,nearest2,tx1,raw,16
,16,home_2ms,57.37728746452639,,8.463814607661035,27.597469378768334,109.91133605692738,regression,,,,43.75,complete1,tx3,raw,16
,16,home_2ms,75.26840714714105,,6.21147140454579,-8.011627798808421,83.9990800717279,regression,,,,12.5,complete2,tx3,raw,16
,16,home_2ms,11.07289603142305,,4.2487766956763835,-78.31491299066147,165.30048520545296,regression,,,,50.0,nearest1,tx3,raw,16
,16,home_2ms,10.677463990723552,,14.07119523192624,-77.10770247970527,128.12128299336683,regression,,,,25.0,nearest2,tx3,raw,16
