bias_deg,correlation,coverage,dataset,mad_path_deg,mae_deg,median_centroid_offset_bins,median_cluster_spread_bins,median_fit_residual_deg,median_parity_delta_deg,median_path_deg,method,p50_deg,p75_deg,p90_deg,parity_within_3deg_pct,policy,speed_source,total
2.7744835261269034,-0.3349259606251834,18,trackman_4ms,16.664984007537786,21.94636585195681,0.2675355495823323,0.5972961430316148,0.0,15.766822573644545,4.355535806571999,centroid_point,17.64539841298565,31.169072422818715,40.62562328475091,11.11111111111111,pre2,ops,18
2.785519737478802,-0.33455147607665586,18,trackman_4ms,16.664984007537804,21.938039117952442,0.2675355495823323,0.5972961430316148,0.0,15.766822573644601,4.355535806571996,centroid_point,17.66240643666113,31.16907242281869,40.62562328475094,11.11111111111111,pre2,track,18
6.620216919959645,-0.18548131069373897,15,trackman_4ms,16.921745833134274,23.04480233374081,0.20856298725486971,0.5658998023987613,0.0,15.648209796188274,17.32826888709438,centroid_point,17.827382089163862,31.565042366017117,41.58764149196904,6.666666666666667,pre2,trackman,18
0.23643314122846013,-0.3013628087431908,18,trackman_4ms,9.35354520060545,17.96417984039014,0.27297987232501164,0.5616975240932189,5.505327384626797e-16,17.42115807486075,-2.955903000360339,centroid_point,15.230684701015765,28.880233763062666,35.407448738741934,22.22222222222222,pre2_impact,ops,18
0.23596937238814894,-0.3015269112809073,18,trackman_4ms,9.369612204276212,17.968423170047213,0.27297987232501164,0.5616975240932189,6.156128139763599e-16,17.48403133175679,-2.9398359966895984,centroid_point,15.23068470101574,28.880233763062588,35.40744873874188,22.22222222222222,pre2_impact,track,18
4.021787196140617,-0.12040739864885185,15,trackman_4ms,13.178785955642624,17.818948381801697,0.1917730971764606,0.561386733655713,7.157958874143767e-16,20.106349046451932,0.5816101444646151,centroid_point,14.762648811277916,26.839452805896585,38.60582746567815,13.333333333333334,pre2_impact,trackman,18
3.765990151020274,-0.16226045377840217,18,trackman_4ms,3.8234346588652937,7.904251173602205,0.04119125276290343,0.481798463526438,0.8539263268844668,5.0422805474541965,7.375954588775677,centroid_point,6.312089891952659,11.126793035648754,16.53241519950759,44.44444444444444,pre4,ops,18
3.7759241504669947,-0.16196273432565844,18,trackman_4ms,3.8234346588652675,7.9141851730489305,0.04119125276290343,0.481798463526438,0.8539263268844663,5.08265461154871,7.375954588775662,centroid_point,6.312089891952645,11.124226610515382,16.532415199507607,44.44444444444444,pre4,track,18
4.569988743303309,-0.11368707740786746,15,trackman_4ms,3.7197892198163807,8.812663040767951,0.04818375806694916,0.48249006883727363,0.8828573040577484,4.3753883999988865,8.371890856101166,centroid_point,7.137780222635506,11.382759080646764,18.078738682534148,46.666666666666664,pre4,trackman,18
3.1977476198762695,-0.1219840445366474,18,trackman_4ms,3.289696668354395,5.762045702315093,0.0805522961344804,0.4839015973197678,1.1359150109362144,6.361416508447285,5.548530901944905,centroid_point,5.58241605807234,7.059307881001924,12.586186393434332,44.44444444444444,pre4_impact,ops,18
3.2060315931454864,-0.12178990506171661,18,trackman_4ms,3.30001530128734,5.7703296755843105,0.0805522961344804,0.4839015973197678,1.135915010936214,6.361416508447287,5.5588495348778535,centroid_point,5.582416058072333,7.163968072862469,12.586186393434353,44.44444444444444,pre4_impact,track,18
4.096415367631744,-0.009996169739761963,15,trackman_4ms,2.7492706063539636,6.450334136924656,0.07071857357948075,0.48249006883727363,1.3033349182009872,5.709172694909467,6.3800183214501445,centroid_point,5.855933023827996,7.567840638810164,13.61471724616865,46.666666666666664,pre4_impact,trackman,18
-3.8212143607891838,-0.1776574842296416,18,trackman_4ms,12.990142572346915,16.702942280246443,0.2675355495823323,0.5972961430316148,1.8743829633061548e-16,15.879096439785707,-7.131710205829059,cluster_median,15.675832118466689,25.22705320534476,30.628413453613614,11.11111111111111,pre2,ops,18
-3.638694700819803,-0.15862358354807962,18,trackman_4ms,13.147087162945141,17.066607226647818,0.2675355495823323,0.5972961430316148,3.835323702482739e-16,18.38276967210946,-7.288654796427274,cluster_median,15.675832118466667,27.345995947650238,30.628413453613625,16.666666666666668,pre2,track,18
-3.4870636312892036,-0.16575670561572728,15,trackman_4ms,13.452194213598817,17.891641050257935,0.20856298725486971,0.5658998023987613,0.0,16.768393849687005,-7.310830860090594,cluster_median,16.180210797967376,26.78845080300193,30.851197399356376,13.333333333333334,pre2,trackman,18
-0.9200441972206745,-0.16285095700587335,18,trackman_4ms,12.464162662796847,15.383617687652269,0.27297987232501164,0.5616975240932189,7.58126785347927e-16,13.602329454595749,3.499788465269221,cluster_median,13.64226821265263,24.618921633681992,30.628413453613614,5.555555555555555,pre2_impact,ops,18
-0.6482815457750709,-0.14621914348720114,18,trackman_4ms,12.879107990547146,16.005414832372065,0.27297987232501164,0.5616975240932189,7.942320832615148e-16,13.671925794495397,3.91473379301952,cluster_median,13.642268212652624,24.618921633682046,30.628413453613625,5.555555555555555,pre2_impact,track,18
-0.3271130837520077,-0.12255695823140592,15,trackman_4ms,12.085557671496787,16.44384216148892,0.1917730971764606,0.561386733655713,3.7487659266123095e-16,12.98399737292927,1.6881042325307953,cluster_median,15.17145343896599,26.78845080300193,30.851197399356376,6.666666666666667,pre2_impact,trackman,18
0.4797457975198279,0.20246805116364647,18,trackman_4ms,3.6603486191185635,5.123695184746659,0.04119125276290343,0.481798463526438,1.0011233398735948,3.1302715739532054,3.8368194905980157,cluster_median,4.578420329681013,7.7795908979152015,8.88836443517966,44.44444444444444,pre4,ops,18
0.5356905248776863,0.18378301150735937,18,trackman_4ms,3.4995248984172873,5.01811307550562,0.04119125276290343,0.481798463526438,0.9938570883730729,3.4879187310767072,3.8368194905980264,cluster_median,4.578420329681009,7.7795908979152015,8.888364435179664,44.44444444444444,pre4,track,18
-0.02511570896341168,0.011330405064832131,15,trackman_4ms,4.365433003180313,5.412383361713351,0.04818375806694916,0.48249006883727363,1.000704866543665,3.1748494128535016,3.5770294005294527,cluster_median,5.358270108308064,8.143714853093762,9.063799232844893,46.666666666666664,pre4,trackman,18
1.3701948319627024,0.16720203128075936,18,trackman_4ms,2.7069915682119174,4.347085868802973,0.0805522961344804,0.4839015973197678,1.130146498939339,3.3206197283021774,5.236423296713163,cluster_median,3.07030113162306,6.246500219544173,8.073203846227788,44.44444444444444,pre4_impact,ops,18
1.439850246663247,0.16352786383003046,18,trackman_4ms,2.647469048803022,4.255214446904621,0.0805522961344804,0.4839015973197678,1.1301464989393382,3.5582104204460685,5.245793522433871,cluster_median,3.0923637039822425,6.246500219544181,8.110715687575201,38.888888888888886,pre4_impact,track,18
1.0572450012004617,-0.03878633343185644,15,trackman_4ms,2.812177478147585,4.494274051413353,0.07071857357948075,0.48249006883727363,1.2080174079676342,3.490323615770622,5.130284925562181,cluster_median,3.140279534536648,6.098538035378565,8.160214435853048,40.0,pre4_impact,trackman,18
-1.5318094222745164,-0.32820080030115606,18,trackman_4ms,16.890582402916422,19.528952111740878,0.2675355495823323,0.5972961430316148,0.0,13.408662585371761,-3.1810512076832644,cluster_power,18.11444333905374,25.645874190640683,32.21761578399917,5.555555555555555,pre2,ops,18
-1.529387064405378,-0.3283211691901431,18,trackman_4ms,16.8905824029164,19.54229044969805,0.2675355495823323,0.5972961430316148,0.0,13.408662585371761,-3.1810512076832436,cluster_power,18.12769538631451,25.645874190640683,32.28638645855383,5.555555555555555,pre2,track,18
2.2522973926223053,-0.132865351427148,15,trackman_4ms,17.961499591101553,18.72233436726847,0.20856298725486971,0.5658998023987613,0.0,16.523115087004108,4.569137442041229,cluster_power,18.062524529047135,23.90591557174848,28.450050380020734,0.0,pre2,trackman,18
1.7279628200105381,-0.3029012267500414,18,trackman_4ms,16.638731705455918,16.17999410371644,0.27297987232501164,0.5616975240932189,3.6400241475655497e-16,10.864541598118496,4.047792454072498,cluster_power,16.94055568719447,23.521901834311244,31.182964548465332,11.11111111111111,pre2_impact,ops,18
1.7294453938278567,-0.3029790149044346,18,trackman_4ms,16.651983752716706,16.17850519161813,0.27297987232501164,0.5616975240932189,5.632317678584638e-16,10.850781115966011,4.047792454072516,cluster_power,16.94055568719447,23.52190183431132,31.182964548465392,11.11111111111111,pre2_impact,track,18
3.995200765629094,-0.15876094745908817,15,trackman_4ms,16.918809615164115,16.731716959533284,0.1917730971764606,0.561386733655713,3.845503805845468e-16,14.475201323463963,3.5264474661037926,cluster_power,17.12707031857275,23.4360108537369,28.450050380020734,6.666666666666667,pre2_impact,trackman,18
1.580517322494825,0.057664675552952196,18,trackman_4ms,1.749797320042791,5.008344322653584,0.04119125276290343,0.481798463526438,0.9942212825274985,4.7631047623800455,5.893386406898955,cluster_power,4.3094217492621,6.369148025768103,10.026906304889755,33.333333333333336,pre4,ops,18
1.5815306729365215,0.05755635742799388,18,trackman_4ms,1.7497973200427932,5.010181429481982,0.04119125276290343,0.481798463526438,0.9942212825274972,4.76310476238004,5.893386406898962,cluster_power,4.34547909084834,6.369148025768096,10.026906304889746,33.333333333333336,pre4,track,18
1.9951475580063145,0.06443060866746589,15,trackman_4ms,1.4563250852656342,5.560294353567887,0.04818375806694916,0.48249006883727363,0.9801921032716049,5.308274573695655,6.075018596370575,cluster_power,5.185353738692381,6.870738003697292,10.167185467229913,33.333333333333336,pre4,trackman,18
1.866118808886632,0.06065632678543173,18,trackman_4ms,1.8905423987329224,3.937714061824657,0.0805522961344804,0.4839015973197678,0.9478359532298932,4.054287533566896,5.654718940059235,cluster_power,3.048430205969642,5.227299084276434,7.15432871991022,33.333333333333336,pre4_impact,ops,18
1.8649587343924392,0.06052040808842108,18,trackman_4ms,1.8905423987329308,3.9322193672012054,0.0805522961344804,0.4839015973197678,0.9478359532298926,4.057700431928597,5.63148865618836,cluster_power,3.0251999220987713,5.2272990842764475,7.154328719910229,33.333333333333336,pre4_impact,track,18
1.9729112353079943,-0.01562032078405896,15,trackman_4ms,1.9336600189450914,4.30049512750073,0.07071857357948075,0.48249006883727363,0.9154798031881807,3.816433469793817,5.597683662691118,cluster_power,3.344822206606006,5.518649731254181,8.325313758184242,40.0,pre4_impact,trackman,18
-2.1705422082801866,-0.2814662635366735,18,trackman_4ms,17.52977016602464,19.37809254244671,0.2675355495823323,0.5972961430316148,0.0,11.578794682366189,-3.449845525114373,cluster_trimmed,19.58640809431023,25.236256517172546,28.807338890739302,11.11111111111111,pre2,ops,18
-2.1684630359355967,-0.2815606266649687,18,trackman_4ms,17.529770166024665,19.377390419536816,0.2675355495823323,0.5972961430316148,0.0,11.578794682366274,-3.4115917682900054,cluster_trimmed,19.59260481676637,25.236256517172578,28.84337199019016,11.11111111111111,pre2,track,18
0.7328051398196332,-0.12311580901920419,15,trackman_4ms,19.897388611807344,18.729102358450724,0.20856298725486971,0.5658998023987613,0.0,12.148645156667992,2.1554511338024533,cluster_trimmed,19.21846670294655,23.293513048199703,26.242013545513153,6.666666666666667,pre2,trackman,18
2.068564586525833,-0.25616164022343835,18,trackman_4ms,15.533760926482017,16.23696485116372,0.27297987232501164,0.5616975240932189,7.848735783505167e-16,9.988200557169337,4.814285790638799,cluster_trimmed,15.89262721690599,22.793078990116904,27.91896158717548,22.22222222222222,pre2_impact,ops,18
2.068744368177691,-0.25622773644361496,18,trackman_4ms,15.53995764893816,16.236001575297173,0.27297987232501164,0.5616975240932189,7.848735783505167e-16,9.98820055716936,4.814285790638785,cluster_trimmed,15.89262721690599,22.793078990116918,27.918961587175502,22.22222222222222,pre2_impact,track,18
3.4576200190586164,-0.1574786577061366,15,trackman_4ms,17.389982043810996,16.31237416128943,0.1917730971764606,0.561386733655713,1.0357561031478355e-15,12.148645156667992,3.543650115582661,cluster_trimmed,16.744922505583677,22.790477267790042,25.471394274464096,20.0,pre2_impact,trackman,18
0.267055784974525,0.037770504089581804,18,trackman_4ms,2.5530456357728006,4.736851842525544,0.04119125276290343,0.481798463526438,1.0840572344296069,2.846139940752653,4.634066443362698,cluster_trimmed,3.5938205748217373,6.9059112819821244,10.694279247314078,50.0,pre4,ops,18
0.26955520585032666,0.037989429310421756,18,trackman_4ms,2.5530456357728033,4.7366016498732995,0.04119125276290343,0.481798463526438,1.0840572344296067,2.8135894860648047,4.658186883391048,cluster_trimmed,3.5938205748217347,6.905911281982128,10.694279247314087,50.0,pre4,track,18
0.5751430729862206,0.0274026292419006,15,trackman_4ms,2.69136198831164,5.378126136682881,0.04818375806694916,0.48249006883727363,1.0682818115437325,3.1142761889033634,4.717211481707912,cluster_trimmed,4.3795822345767235,8.496821968665962,10.775076097673377,46.666666666666664,pre4,trackman,18
1.3301819334652143,0.04456995809696643,18,trackman_4ms,2.3440558000397345,3.7048575024577337,0.0805522961344804,0.4839015973197678,1.1023523309176455,2.3054846480825715,4.405096357717058,cluster_trimmed,2.6951080376007925,5.138361797658818,8.306416537396304,55.55555555555556,pre4_impact,ops,18
1.3321660572176048,0.04462307379209924,18,trackman_4ms,2.301104587894827,3.7004077819606613,0.0805522961344804,0.4839015973197678,1.1023523309176453,2.3162027127967386,4.391097444694724,cluster_trimmed,2.6951080376007908,5.142717389165712,8.306416537396311,55.55555555555556,pre4_impact,track,18
1.3027236473487582,-0.0546642478994576,15,trackman_4ms,2.273382316845489,3.9690652899363053,0.07071857357948075,0.48249006883727363,1.0998326573154822,2.410591985065141,4.092981233726191,cluster_trimmed,3.1258325799781908,5.025102642017183,9.295159048635663,53.333333333333336,pre4_impact,trackman,18
-18.12541719016444,0.025901916559820933,18,trackman_4ms,43.62361535293151,48.326660346764925,0.2675355495823323,0.5972961430316148,1.8714025667532838e-16,56.12107078585977,-16.638655406009043,coherent_centroid,42.856360889225925,68.05022052270924,82.89996477530713,11.11111111111111,pre2,ops,18
-5.482038418069605,0.049991446276789454,18,trackman_4ms,35.35707334719936,43.165410523678844,0.2675355495823323,0.5972961430316148,7.952150146947075e-16,51.98298410847928,-18.683064746731745,coherent_centroid,41.28636622025208,50.75587381686885,78.36503764403547,0.0,pre2,track,18
15.669881832598643,-0.28903611429872583,15,trackman_4ms,30.949357314135117,33.42713210762975,0.20856298725486971,0.5658998023987613,3.801172754602191e-16,67.10603193595607,21.04104279887675,coherent_centroid,38.83643096768498,46.48215339393104,57.0040058302846,0.0,pre2,trackman,18
-19.236655915003062,-0.12961924244722156,18,trackman_4ms,40.837118301014584,42.829122724416365,0.27297987232501164,0.5616975240932189,2.217970495528223e-15,52.64097120394352,-6.952622279457676,coherent_centroid,39.93833558031892,65.88658255578467,80.06866678528768,5.555555555555555,pre2_impact,ops,18
6.768642391091061,0.03894174805288924,18,trackman_4ms,32.78360811391762,39.012555725260825,0.27297987232501164,0.5616975240932189,1.2568867873681283e-15,69.11425427114261,11.391853402264653,coherent_centroid,30.55591569170594,48.019317331957154,75.62509759176288,0.0,pre2_impact,track,18
10.69621481434319,-0.17176183470545034,15,trackman_4ms,16.11788552318427,23.781871262834745,0.1917730971764606,0.561386733655713,7.5563141268846425e-16,61.68930302275529,9.129978471244355,coherent_centroid,18.13704279887675,40.26408868046646,50.752665154860566,0.0,pre2_impact,trackman,18
-7.993879948120593,0.012906760022736304,18,trackman_4ms,26.903357828614787,36.3990975795063,0.04119125276290343,0.481798463526438,3.8770715509825227,26.071490193210433,-3.051296274513858,coherent_centroid,21.63456155410093,45.55682312602076,95.36212337886897,11.11111111111111,pre4,ops,18
-6.472272203487169,0.08853055962831005,18,trackman_4ms,20.580559671395356,30.58007088618387,0.04119125276290343,0.481798463526438,3.416732661250494,38.464683173849565,11.586517758475644,coherent_centroid,25.388686373178103,33.605236482820466,71.96263724058362,0.0,pre4,track,18
11.46452237554934,-0.21267940290578155,15,trackman_4ms,8.175517687780856,22.464637464771723,0.04818375806694916,0.48249006883727363,2.8498249800385094,18.960219945426218,23.859977338168562,coherent_centroid,24.841693205928628,29.764979868757653,36.86370810553769,6.666666666666667,pre4,trackman,18
-7.173326457027386,-0.0637706208672181,18,trackman_4ms,19.158147318807107,32.189202328183825,0.0805522961344804,0.4839015973197678,5.145763121253669,24.99118902988102,0.34899117482879216,coherent_centroid,17.506163633547388,41.27770863673736,95.36212337886897,16.666666666666668,pre4_impact,ops,18
1.348163277669572,0.12912426835773347,18,trackman_4ms,20.580559671395356,26.67423795404615,0.0805522961344804,0.4839015973197678,4.187927496886754,38.464683173849565,11.586517758475644,coherent_centroid,23.489167840734826,31.753897224253507,43.37505945760378,0.0,pre4_impact,track,18
9.136752182842791,-0.10459565346053304,15,trackman_4ms,12.061233555540921,17.94864442454237,0.07071857357948075,0.48249006883727363,4.010614366713207,17.688761155384164,15.684459650387707,coherent_centroid,20.33957675162892,25.35744064362561,32.92369144652144,6.666666666666667,pre4_impact,trackman,18
-8.552859389588706,-0.11381514071835663,18,trackman_4ms,14.29413116956288,23.9310681251545,0.2675355495823323,0.5972961430316148,0.0,15.132358653358382,-9.735906042022926,loop_peak,20.550685604802414,26.880240730789996,51.29891011949818,5.555555555555555,pre2,ops,18
-8.552594892223517,-0.11405646887252402,18,trackman_4ms,14.35730874938208,23.947163972026264,0.2675355495823323,0.5972961430316148,0.0,15.132358653358398,-9.735906042022897,loop_peak,20.55068560480244,26.88024073079002,51.39864762138972,5.555555555555555,pre2,track,18
-4.046638410338013,0.09253371994416638,15,trackman_4ms,14.805895672734133,22.500488893016957,0.20856298725486971,0.5658998023987613,0.0,14.166765153073609,-5.1993377841107655,loop_peak,20.40866355283719,26.345843303125086,43.53773723710883,6.666666666666667,pre2,trackman,18
-5.192628037383696,-0.08180015312271545,18,trackman_4ms,11.968432655780362,20.5237123165344,0.27297987232501164,0.5616975240932189,1.0441558683663495e-15,12.311016398474774,-6.921829713727576,loop_peak,14.684661806137973,26.407413939860977,38.083296521329814,5.555555555555555,pre2_impact,ops,18
-5.198106221051518,-0.08183488241026513,18,trackman_4ms,11.968432655780367,20.531511382257126,0.27297987232501164,0.5616975240932189,9.508032601646059e-16,12.311016398474745,-6.921829713727508,loop_peak,14.684661806137981,26.407413939860977,38.08329652132981,5.555555555555555,pre2_impact,track,18
-2.7873861992571998,0.047079431820345984,15,trackman_4ms,14.29936987265692,21.18468733423804,0.1917730971764606,0.561386733655713,7.330479104434176e-16,14.059414815178094,-5.1993377841107655,loop_peak,14.941603841593746,26.345843303125086,43.53773723710883,6.666666666666667,pre2_impact,trackman,18
-0.36335012660929694,0.2318920752271148,18,trackman_4ms,2.437328697201975,8.22193745918847,0.04119125276290343,0.481798463526438,0.8863703513347847,5.841534542391717,6.803999734661973,loop_peak,5.501993627723475,8.141480640182225,11.660480778605299,16.666666666666668,pre4,ops,18
-0.3595965606345174,0.23164564425157713,18,trackman_4ms,2.479329670047789,8.230642394396547,0.04119125276290343,0.481798463526438,0.8863703513347855,5.841534542391702,6.846000707507795,loop_peak,5.501993627723466,8.141480640182229,11.66048077860531,16.666666666666668,pre4,track,18
-0.6965510672082253,0.18967534863120378,15,trackman_4ms,1.4939877861229842,8.836331191002675,0.04818375806694916,0.48249006883727363,0.8804749632158652,5.774680586456645,6.805053021092004,loop_peak,5.395040807214988,8.006194558367412,12.648673243159005,20.0,pre4,trackman,18
0.14249508521812876,0.2011753648786324,18,trackman_4ms,2.2097744632264362,7.114833722705746,0.0805522961344804,0.4839015973197678,0.8977242263968312,5.614984777137563,6.066639989203329,loop_peak,4.159335689909721,6.922776272569769,10.472589134223512,22.22222222222222,pre4_impact,ops,18
0.14521053308006768,0.20108719715771228,18,trackman_4ms,2.195712180749428,7.115243226505367,0.0805522961344804,0.4839015973197678,0.8977242263968322,5.655772096855052,6.0807022716803285,loop_peak,4.159335689909722,6.922776272569779,10.472589134223501,22.22222222222222,pre4_impact,track,18
-0.3180650797238845,0.13835554156701457,15,trackman_4ms,1.4960943589830444,7.7363349739319744,0.07071857357948075,0.48249006883727363,0.8922657394537076,5.774680586456645,6.8029464482319435,loop_peak,4.167788097644529,6.484832997790505,11.4399818035794,20.0,pre4_impact,trackman,18
,,16,home_2ms,22.646362730120956,,0.3472238296532572,0.5113044729126153,1.4983646427927708e-15,70.52561210016921,47.55282436457368,centroid_point,,,,18.75,pre2,ops,16
,,16,home_2ms,22.646362730120956,,0.3472238296532572,0.5113044729126153,1.0215905847022685e-15,70.52561210016921,47.55282436457368,centroid_point,,,,18.75,pre2,ops_plus3,16
,,16,home_2ms,22.52753136064424,,0.3472238296532572,0.5113044729126153,1.4499364480680732e-15,70.52561210016916,47.671655734050375,centroid_point,,,,18.75,pre2,track,16
,,16,home_2ms,50.09709060290494,,0.4728061229161641,0.4806525954594127,0.2594891899915573,36.266375342586045,8.462666997950002,centroid_point,,,,25.0,pre2_impact,ops,16
,,16,home_2ms,50.09709060290484,,0.4728061229161641,0.4806525954594127,0.25948918999155646,36.266375342586045,8.462666997949926,centroid_point,,,,25.0,pre2_impact,ops_plus3,16
,,16,home_2ms,50.13970922640016,,0.4728061229161641,0.4806525954594127,0.25948918999155607,36.266375342586045,8.505285621445271,centroid_point,,,,25.0,pre2_impact,track,16
,,16,home_2ms,14.50330169348164,,0.11959431836982604,0.490586273703449,1.9250068857323843,25.883214902806525,3.803871777961871,centroid_point,,,,6.25,pre4,ops,16
,,16,home_2ms,14.503301693481653,,0.11959431836982604,0.490586273703449,1.925006885732385,25.88321490280651,3.8038717779618954,centroid_point,,,,6.25,pre4,ops_plus3,16
,,16,home_2ms,14.513678723427594,,0.11959431836982604,0.490586273703449,1.924925639543456,25.883214902806543,3.814248807907792,centroid_point,,,,6.25,pre4,track,16
,,16,home_2ms,18.171112691240875,,0.1695773245375542,0.4823629257688593,2.8765920608539273,24.387355510018857,7.157157739211599,centroid_point,,,,12.5,pre4_impact,ops,16
,,16,home_2ms,18.17111269124088,,0.1695773245375542,0.4823629257688593,2.876592060853928,24.387355510018857,7.157157739211629,centroid_point,,,,12.5,pre4_impact,ops_plus3,16
,,16,home_2ms,18.171112691240886,,0.1695773245375542,0.4823629257688593,2.876592060853928,24.39634015112628,7.156183627148788,centroid_point,,,,12.5,pre4_impact,track,16
,,16,home_2ms,33.82969037302955,,0.3472238296532572,0.5113044729126153,1.6418342663945135e-15,10.145198929708172,39.302687923316356,cluster_median,,,,18.75,pre2,ops,16
,,16,home_2ms,33.829690373029514,,0.3472238296532572,0.5113044729126153,1.3785715870999378e-15,10.145198929708203,39.302687923316384,cluster_median,,,,18.75,pre2,ops_plus3,16
,,16,home_2ms,31.66326063886372,,0.3472238296532572,0.5113044729126153,1.9471545651791e-15,10.14519892970816,41.46911765748219,cluster_median,,,,18.75,pre2,track,16
,,16,home_2ms,60.242450731665045,,0.4728061229161641,0.4806525954594127,0.13834869059769092,11.545466719284512,-16.41323098239566,cluster_median,,,,18.75,pre2_impact,ops,16
,,16,home_2ms,60.252305633374434,,0.4728061229161641,0.4806525954594127,0.1383486905976873,11.545466719284521,-16.413230982395675,cluster_median,,,,18.75,pre2_impact,ops_plus3,16
,,16,home_2ms,61.30210696127866,,0.4728061229161641,0.4806525954594127,0.11352619174424937,10.782988706554962,-16.41323098239565,cluster_median,,,,25.0,pre2_impact,track,16
,,16,home_2ms,16.161564679304835,,0.11959431836982604,0.490586273703449,2.1519523343676745,15.699238892565395,6.115934513874125,cluster_median,,,,6.25,pre4,ops,16
,,16,home_2ms,16.161564679304828,,0.11959431836982604,0.490586273703449,2.1473083318574577,15.709194448251388,6.206302875931974,cluster_median,,,,6.25,pre4,ops_plus3,16
,,16,home_2ms,20.1612184971656,,0.11959431836982604,0.490586273703449,2.0924480524387814,13.07650596949929,8.294047338546898,cluster_median,,,,6.25,pre4,track,16
,,16,home_2ms,18.503054811042922,,0.1695773245375542,0.4823629257688593,2.5614510870091642,8.714416742947238,7.285852327730288,cluster_median,,,,18.75,pre4_impact,ops,16
,,16,home_2ms,18.50305481104291,,0.1695773245375542,0.4823629257688593,2.561451087009165,8.705561282935404,7.285852327730293,cluster_median,,,,18.75,pre4_impact,ops_plus3,16
,,16,home_2ms,18.43028076004147,,0.1695773245375542,0.4823629257688593,2.5614510870091634,8.705561282935392,7.213078276728849,cluster_median,,,,12.5,pre4_impact,track,16
,,16,home_2ms,28.158148354088546,,0.3472238296532572,0.5113044729126153,1.4044194326409662e-15,26.08154467866096,41.95591836900253,cluster_power,,,,12.5,pre2,ops,16
,,16,home_2ms,28.158148354088546,,0.3472238296532572,0.5113044729126153,1.5693221306826034e-15,26.081544678660975,41.95591836900253,cluster_power,,,,12.5,pre2,ops_plus3,16
,,16,home_2ms,28.15814835408854,,0.3472238296532572,0.5113044729126153,1.2829894845608402e-15,26.08154467866097,41.955918369002546,cluster_power,,,,12.5,pre2,track,16
,,16,home_2ms,55.07192402774329,,0.4728061229161641,0.4806525954594127,0.08017199407444393,26.05979093452465,0.46652946376710935,cluster_power,,,,25.0,pre2_impact,ops,16
,,16,home_2ms,55.07192402774328,,0.4728061229161641,0.4806525954594127,0.08017199407444559,26.059790934524646,0.46652946376712634,cluster_power,,,,25.0,pre2_impact,ops_plus3,16
,,16,home_2ms,55.07192402774328,,0.4728061229161641,0.4806525954594127,0.08081995092826484,26.051512827015824,0.47990637932212776,cluster_power,,,,25.0,pre2_impact,track,16
,,16,home_2ms,14.18332932865217,,0.11959431836982604,0.490586273703449,1.6799161303440702,13.763899131332822,2.038795679014694,cluster_power,,,,12.5,pre4,ops,16
,,16,home_2ms,14.18332932865216,,0.11959431836982604,0.490586273703449,1.6799161303440702,13.76389913133283,2.038795679014689,cluster_power,,,,12.5,pre4,ops_plus3,16
,,16,home_2ms,14.183329328652146,,0.11959431836982604,0.490586273703449,1.6743238053879566,13.7536788429945,2.0387956790146897,cluster_power,,,,12.5,pre4,track,16
,,16,home_2ms,20.82515901456708,,0.1695773245375542,0.4823629257688593,2.106540431793145,13.338904740120096,-5.87730512660327,cluster_power,,,,18.75,pre4_impact,ops,16
,,16,home_2ms,20.825159014567042,,0.1695773245375542,0.4823629257688593,2.1065404317931464,13.33890474012009,-5.877305126603247,cluster_power,,,,18.75,pre4_impact,ops_plus3,16
,,16,home_2ms,20.826508280782164,,0.1695773245375542,0.4823629257688593,2.1065404317931455,13.32868445178179,-5.877305126603229,cluster_power,,,,18.75,pre4_impact,track,16
,,16,home_2ms,28.253340425654244,,0.3472238296532572,0.5113044729126153,1.1906114511266977e-15,24.586204977991308,40.813054304873546,cluster_trimmed,,,,25.0,pre2,ops,16
,,16,home_2ms,28.25334042565425,,0.3472238296532572,0.5113044729126153,1.1906114511266977e-15,24.58620497799128,40.813054304873546,cluster_trimmed,,,,25.0,pre2,ops_plus3,16
,,16,home_2ms,28.249525361302126,,0.3472238296532572,0.5113044729126153,1.7703102809929188e-15,24.586204977991294,40.81686936922567,cluster_trimmed,,,,25.0,pre2,track,16
,,16,home_2ms,52.991792319270495,,0.4728061229161641,0.4806525954594127,0.15978217369340278,18.38129880130974,3.1225707004716803,cluster_trimmed,,,,31.25,pre2_impact,ops,16
,,16,home_2ms,52.99179231927058,,0.4728061229161641,0.4806525954594127,0.15978217369340278,18.38129880130971,3.1225707004716208,cluster_trimmed,,,,31.25,pre2_impact,ops_plus3,16
,,16,home_2ms,52.979438925772456,,0.4728061229161641,0.4806525954594127,0.15999231249216497,18.379549172757052,3.1349240939697136,cluster_trimmed,,,,31.25,pre2_impact,track,16
,,16,home_2ms,15.816948814336449,,0.11959431836982604,0.490586273703449,1.6049386110630928,11.885080272231676,-0.5560169923816649,cluster_trimmed,,,,18.75,pre4,ops,16
,,16,home_2ms,15.816948814336456,,0.11959431836982604,0.490586273703449,1.6049386110630934,11.885080272231678,-0.5560169923816742,cluster_trimmed,,,,18.75,pre4,ops_plus3,16
,,16,home_2ms,15.81752501095821,,0.11959431836982604,0.490586273703449,1.6017572732016567,11.89040421260972,-0.5569475522439853,cluster_trimmed,,,,18.75,pre4,track,16
,,16,home_2ms,20.908629081918882,,0.1695773245375542,0.4823629257688593,2.349885205811784,6.7005039186517275,-5.384751414839657,cluster_trimmed,,,,37.5,pre4_impact,ops,16
,,16,home_2ms,20.908629081918882,,0.1695773245375542,0.4823629257688593,2.3498852058117845,6.700503918651753,-5.38475141483965,cluster_trimmed,,,,37.5,pre4_impact,ops_plus3,16
,,16,home_2ms,20.735412826960932,,0.1695773245375542,0.4823629257688593,2.349885205811785,6.700503918651701,-5.384751414839673,cluster_trimmed,,,,37.5,pre4_impact,track,16
,,16,home_2ms,37.62555663056151,,0.3472238296532572,0.5113044729126153,2.661567182300211e-15,21.639030851781648,41.385711338079304,coherent_centroid,,,,12.5,pre2,ops,16
,,16,home_2ms,65.2839089743582,,0.3472238296532572,0.5113044729126153,5.326328108884727e-15,46.18855082989428,-0.0034266018485424876,coherent_centroid,,,,12.5,pre2,ops_plus3,16
,,16,home_2ms,73.26648753620717,,0.3472238296532572,0.5113044729126153,4.2386322104294255e-15,17.0916539901358,12.885245584676033,coherent_centroid,,,,31.25,pre2,track,16
,,16,home_2ms,54.67877067554921,,0.4728061229161641,0.4806525954594127,0.1536255416458252,67.5022183585001,23.555615842729267,coherent_centroid,,,,12.5,pre2_impact,ops,16
,,16,home_2ms,45.97340980324677,,0.4728061229161641,0.4806525954594127,0.1285310978166362,56.98757797351348,-56.555784587373594,coherent_centroid,,,,6.25,pre2_impact,ops_plus3,16
,,16,home_2ms,64.11649532108682,,0.4728061229161641,0.4806525954594127,0.0714258598316017,24.632592813299723,20.60531631068956,coherent_centroid,,,,25.0,pre2_impact,track,16
,,16,home_2ms,25.42900590290333,,0.11959431836982604,0.490586273703449,4.796995389094991,47.7412273396681,13.004005456733907,coherent_centroid,,,,0.0,pre4,ops,16
,,16,home_2ms,37.91879394462998,,0.11959431836982604,0.490586273703449,5.747526457226025,86.73783763892115,-36.375378717889646,coherent_centroid,,,,6.25,pre4,ops_plus3,16
,,16,home_2ms,31.529252749180046,,0.11959431836982604,0.490586273703449,6.036287302929526,44.63736036890994,14.352416135288976,coherent_centroid,,,,6.25,pre4,track,16
,,16,home_2ms,33.006232610291875,,0.1695773245375542,0.4823629257688593,6.1936246899742855,49.467825552447316,9.933385207072032,coherent_centroid,,,,6.25,pre4_impact,ops,16
,,16,home_2ms,30.18560401919744,,0.1695773245375542,0.4823629257688593,6.975519596458939,101.30936908512703,-51.690676122168014,coherent_centroid,,,,12.5,pre4_impact,ops_plus3,16
,,16,home_2ms,36.8538292938931,,0.1695773245375542,0.4823629257688593,6.6469793315684065,34.87621776837587,18.8886493534523,coherent_centroid,,,,6.25,pre4_impact,track,16
,,16,home_2ms,38.56500518259011,,0.3472238296532572,0.5113044729126153,2.583401021077181e-15,40.75246092381057,22.525068966983532,loop_peak,,,,12.5,pre2,ops,16
,,16,home_2ms,38.565005182590085,,0.3472238296532572,0.5113044729126153,2.6581020574324975e-15,40.75246092381055,22.525068966983504,loop_peak,,,,12.5,pre2,ops_plus3,16
,,16,home_2ms,38.58809495593597,,0.3472238296532572,0.5113044729126153,2.2935829930922858e-15,40.752460923810474,22.548158740329384,loop_peak,,,,12.5,pre2,track,16
,,16,home_2ms,40.64642478749705,,0.4728061229161641,0.4806525954594127,0.13218719658895134,26.87265520276251,1.5897630895047268,loop_peak,,,,18.75,pre2_impact,ops,16
,,16,home_2ms,40.646424787496976,,0.4728061229161641,0.4806525954594127,0.13218719658894945,26.872655202762516,1.5897630895047548,loop_peak,,,,18.75,pre2_impact,ops_plus3,16
,,16,home_2ms,40.66469165887774,,0.4728061229161641,0.4806525954594127,0.13145584362279591,26.872655202762544,1.5897630895047445,loop_peak,,,,18.75,pre2_impact,track,16
,,16,home_2ms,45.64325519172105,,0.11959431836982604,0.490586273703449,3.1830739206861183,5.909497163710601,-11.097274838462523,loop_peak,,,,25.0,pre4,ops,16
,,16,home_2ms,45.64325519172106,,0.11959431836982604,0.490586273703449,3.183073920686118,5.909497163710604,-11.097274838462532,loop_peak,,,,25.0,pre4,ops_plus3,16
,,16,home_2ms,45.64325519172107,,0.11959431836982604,0.490586273703449,3.183073920686118,5.909497163710586,-11.09727483846253,loop_peak,,,,25.0,pre4,track,16
,,16,home_2ms,45.64325519172106,,0.1695773245375542,0.4823629257688593,3.1830739206861183,5.410449499719338,-7.453921214709881,loop_peak,,,,18.75,pre4_impact,ops,16
,,16,home_2ms,45.64325519172106,,0.1695773245375542,0.4823629257688593,3.183073920686118,5.410449499719345,-7.453921214709922,loop_peak,,,,18.75,pre4_impact,ops_plus3,16
,,16,home_2ms,45.64325519172107,,0.1695773245375542,0.4823629257688593,3.183073920686118,5.410449499719289,-7.453921214709904,loop_peak,,,,18.75,pre4_impact,track,16
