bias_deg,correlation,coverage,dataset,mad_path_deg,mae_deg,median_contact_error_m,median_fit_residual_deg,median_parity_delta_deg,median_path_deg,median_power_fraction,median_speed_delta_ms,p50_deg,p75_deg,p90_deg,parity_within_3deg_pct,phase_mode,policy,source,speed_source,total,track_mode
-2.9580647372456133,-0.41740625146437,18,trackman_4ms,5.910128176724284,13.310370806250415,0.0172401883523563,1.1711851085723985,4.036289774433146,5.595132255005552,1.0,0.8750000000000977,6.530033466380804,11.17539011958485,12.672421113260842,38.888888888888886,cluster_trimmed,pre4_impact,mti,ops,18,kinematic
4.180451738697118,0.015024736141173237,18,trackman_4ms,4.306108453644839,6.665406791544009,0.0172401883523563,1.0462840944360607,3.4935750488698902,6.289227716586415,1.0,0.8750000000000977,4.667604885358109,10.520914690592905,11.54047650829505,44.44444444444444,cluster_trimmed,pre4_impact,mti,ops,18,kinematic_phase
3.9952776548170243,-0.030954898187175336,18,trackman_4ms,5.107481162318498,6.023712856759964,0.02063870010987845,1.0455059783912577,4.92908822291163,5.619864817620592,1.0,0.8750000000000977,4.853590442847538,9.31585733757162,10.540329955267353,27.77777777777778,peak,pre4_impact,mti,ops,18,kinematic
4.226809830349918,0.013744868309048006,18,trackman_4ms,4.769633973892495,6.2552450322928586,0.02063870010987845,1.0455059783912577,5.052430078458288,6.347506734232867,1.0,0.8750000000000977,5.612159047285715,9.31585733757162,11.067391797595276,27.77777777777778,peak,pre4_impact,mti,ops,18,kinematic_phase
4.722725064071889,-0.06806080108170491,18,trackman_4ms,3.4967265143718103,6.4022750461322895,0.019474692459655607,1.0410035869152185,4.7211296003564325,7.9575483908576246,1.0,0.30000000000008953,5.867647333335542,9.360193151090328,11.463208534042884,33.333333333333336,cluster_trimmed,pre4_impact,mti,track,18,kinematic
4.060782487788037,-0.09354435448006754,18,trackman_4ms,4.691175881510627,6.411638950526502,0.01802680520065103,1.004471217270288,3.483591790512155,6.137319090090045,1.0,0.2750000000000892,5.8206282119489625,9.658438156894443,11.4326881231722,44.44444444444444,cluster_trimmed,pre4_impact,mti,track,18,kinematic_phase
4.418248285714444,-0.16499238294568197,18,trackman_4ms,4.0145808317155085,6.415718176660244,0.020717229781466062,1.0537002367150343,5.224299105343974,7.372610307831884,1.0,0.30000000000008953,5.938801223333205,9.781970359750172,11.214476223561745,16.666666666666668,peak,pre4_impact,mti,track,18,kinematic
4.126712801087865,-0.1983463010051596,18,trackman_4ms,4.894590829969408,6.513452216287278,0.020717229781466062,1.0537002367150343,5.718834330469251,5.925088923265093,1.0,0.2750000000000892,5.266626072770466,10.440336809378865,12.27495844718782,16.666666666666668,peak,pre4_impact,mti,track,18,kinematic_phase
6.487638242008132,-0.0989267811086366,15,trackman_4ms,2.821499209234645,7.817422996334272,0.017430193871939892,1.2108051246331455,3.5000389829800067,8.83376620757851,1.0,-0.8499999999999233,6.024849516257945,11.545031396318368,14.085089511763726,46.666666666666664,cluster_trimmed,pre4_impact,mti,trackman,18,kinematic
6.889870714840162,-0.2180825741289006,15,trackman_4ms,5.133459110485487,8.647502063366604,0.017430193871939892,1.4030383835700921,3.645835483955359,7.813338265338097,1.0,-0.8499999999999233,5.417858519904485,13.044022054603666,15.037979043581746,40.0,cluster_trimmed,pre4_impact,mti,trackman,18,kinematic_phase
6.126351735941009,-0.11074006451380553,15,trackman_4ms,4.4389964978646965,7.484280872076453,0.020370404853967017,1.1787756663479803,4.697362696682905,8.080553095606806,1.0,-0.8499999999999233,5.390206080775295,12.322768252563801,14.067573900445048,20.0,peak,pre4_impact,mti,trackman,18,kinematic
6.374696662012029,-0.2732065394184034,15,trackman_4ms,7.246884208251509,8.163865830347056,0.020370404853967017,1.3318494660410547,5.081877956293457,6.035110435478388,1.0,-0.8499999999999233,5.116059983049624,13.195711094292157,16.851475034412996,13.333333333333334,peak,pre4_impact,mti,trackman,18,kinematic_phase
3.079841595338493,-0.06213817998473588,15,trackman_4ms,5.394305501856565,6.7032693443521305,0.017081598825354316,1.3223669048659008,3.2719754791840803,5.522796864787316,1.0,0.7500000000000924,4.4734676452237885,11.04951592843516,13.246203923918786,50.0,cluster_trimmed,pre6_impact,mti,ops,18,kinematic
3.397370430310741,-0.01963699131608899,15,trackman_4ms,5.249634721420093,6.450786024639742,0.017081598825354316,1.2689511076305742,3.4935750488698902,5.667467645223788,1.0,0.7500000000000924,4.4734676452237885,10.744404386423948,11.779688705855555,42.857142857142854,cluster_trimmed,pre6_impact,mti,ops,18,kinematic_phase
2.449261148442606,-0.12107829846266191,15,trackman_4ms,5.328919873994161,6.379649302518778,0.020362521004149814,1.32961958129185,4.5485313113905965,4.868224908615711,1.0,0.7500000000000924,4.618597030106059,9.143429281778834,12.640706236575248,28.571428571428573,peak,pre6_impact,mti,ops,18,kinematic
2.7728593472121306,-0.08485861994007428,15,trackman_4ms,5.328919873994161,6.250088948179194,0.020362521004149814,1.32961958129185,4.49623497648151,4.868224908615711,1.0,0.7500000000000924,4.618597030106059,9.143429281778834,12.640706236575248,35.714285714285715,peak,pre6_impact,mti,ops,18,kinematic_phase
4.056823900846368,-0.03134712093258152,15,trackman_4ms,3.4902517635155696,6.459682240104169,0.018534045284643197,1.1504866916132883,4.2797165571707545,7.573944241796668,1.0,0.30000000000008953,5.10215253991858,9.6184806807166,11.440961003348217,42.857142857142854,cluster_trimmed,pre6_impact,mti,track,18,kinematic
3.438467088899119,-0.06739706925852795,15,trackman_4ms,4.860958720642167,6.339236059552747,0.017519565116658864,1.071303970704059,2.707916901322839,6.065173328647025,1.0,0.25000000000008527,4.776191349137249,9.6184806807166,11.440961003348217,50.0,cluster_trimmed,pre6_impact,mti,track,18,kinematic_phase
3.569749020918795,-0.08091597189894839,15,trackman_4ms,3.721371744574311,6.677436477084739,0.02037432115162785,1.2476778261462174,4.6106837119448265,6.631687819134656,1.0,0.30000000000008953,5.527532796529112,9.895244394155565,11.474428528850813,21.428571428571427,peak,pre6_impact,mti,track,18,kinematic
-2.577034429854496,-0.2172667979915282,15,trackman_4ms,4.519614073936924,12.013017456692332,0.02037432115162785,1.2476778261462174,5.329762122047935,5.833445489772044,1.0,0.25000000000008527,5.00571934901182,9.895244394155565,12.890454754385003,21.428571428571427,peak,pre6_impact,mti,track,18,kinematic_phase
6.640148035134691,-0.012035417882126934,13,trackman_4ms,2.7819511241687263,7.340998363987239,0.017430193871939892,1.4030383835700921,2.6766668774516713,8.83376620757851,1.0,-0.9499999999999247,5.227338265338098,10.422265416813154,14.156213899711691,53.84615384615385,cluster_trimmed,pre6_impact,mti,trackman,18,kinematic
7.104262426863956,-0.17608079250823488,13,trackman_4ms,4.5849997542233405,8.298781902870697,0.017430193871939892,1.9397708543180205,5.49827704507849,7.070265662589814,1.0,-0.9499999999999247,4.555527137541573,12.667797375823584,15.334063091125039,38.46153846153846,cluster_trimmed,pre6_impact,mti,trackman,18,kinematic_phase
5.4364146251646455,-0.08301929834238468,13,trackman_4ms,4.4389964978646965,7.433381089056074,0.020370404853967017,1.1285301584441443,4.683404918918692,8.080553095606806,1.0,-0.9499999999999247,6.676596494371756,11.642541861397705,13.311340964629512,23.076923076923077,peak,pre6_impact,mti,trackman,18,kinematic
5.722966462938901,-0.258085828879149,13,trackman_4ms,7.246884208251509,8.217517579368309,0.020370404853967017,1.3318494660410547,5.264573116135219,6.035110435478388,1.0,-0.9499999999999247,5.116059983049624,13.002994643729897,17.4021385481853,7.6923076923076925,peak,pre6_impact,mti,trackman,18,kinematic_phase
-15.161422362839552,0.08297644562829026,18,trackman_4ms,22.601014492120846,40.01527820005089,0.018881042694781747,5.688160909673767,10.997727320675937,-17.458335096829003,0.9440827293938802,3.125000000000128,27.94048782483936,71.39363403357808,90.40510623070723,0.0,cluster_trimmed,pre4_impact,raw,ops,18,kinematic
-21.425643394649384,0.21341938988273132,18,trackman_4ms,18.075085270450185,25.396806791911608,0.05948647382993122,2.9488560202293272,15.181185726401274,-20.86512923451813,0.8864904282253394,3.075000000000127,23.893955656728785,38.96410813001923,48.980321711851886,11.11111111111111,cluster_trimmed,pre4_impact,raw,ops,18,kinematic_phase
-17.533773432716472,-0.00018176661082525714,18,trackman_4ms,39.212328974920936,47.36610096051653,0.018848026800117323,5.899433098657179,15.354096493318629,-18.895399866047686,0.9440827293938802,3.125000000000128,35.18315785325761,78.07481118989165,94.44265768921215,16.666666666666668,peak,pre4_impact,raw,ops,18,kinematic
-22.536880447220792,0.1702829822928654,18,trackman_4ms,20.445506323230305,24.965591569719223,0.05241488705493769,2.798750847760477,12.558221665855367,-18.474694903063682,0.9026489886306415,3.075000000000127,21.128793498254502,39.847542656825446,49.5445395072751,11.11111111111111,peak,pre4_impact,raw,ops,18,kinematic_phase
-19.11814223392145,-0.008849704045218494,18,trackman_4ms,14.274888553223084,41.34625624512828,0.01704533045477985,5.8081047763518185,10.912394148474966,-19.37814766420275,0.9471270550498083,1.3750000000001066,31.77182635308208,69.65864671510735,89.94550766841175,5.555555555555555,cluster_trimmed,pre4_impact,raw,track,18,kinematic
-23.125857941872397,0.07144344862272788,18,trackman_4ms,15.725752781981583,25.032736056859488,0.05147120207736666,2.87981413689801,16.371536667968478,-20.738242743583456,0.9115673585301127,1.256263598792799,22.109242743583458,38.388942996093775,49.001455416135215,0.0,cluster_trimmed,pre4_impact,raw,track,18,kinematic_phase
-24.63817807305129,-0.11732928486986527,18,trackman_4ms,23.987354947478366,49.585744592385,0.016815523047619463,4.9111232159595355,17.481963090657345,-27.752281995517432,0.9274929513457951,1.3750000000001066,38.808014873773416,78.05044653206514,94.09775177513892,22.22222222222222,peak,pre4_impact,raw,track,18,kinematic
-23.78950265277784,0.07932223526657373,18,trackman_4ms,18.45096552857505,25.674964056798572,0.04544639676074402,2.639002330878662,10.4040032632765,-18.490318531720042,0.9274929513457951,1.256263598792799,21.305065773892103,39.36302582486458,49.55398629105845,22.22222222222222,peak,pre4_impact,raw,track,18,kinematic_phase
-17.66741304403998,-0.00690739686429632,15,trackman_4ms,27.292058727876807,45.051021440253145,0.01720639090880227,6.114780035866272,12.26900182513134,-19.40690255254805,0.9420948077013801,-2.2499999999999503,34.66676037244053,78.16932549759386,90.51786142884482,6.666666666666667,cluster_trimmed,pre4_impact,raw,trackman,18,kinematic
-23.48373684248615,-0.004761365888691766,15,trackman_4ms,18.663321288788808,25.757124180258856,0.04564287480545359,2.903777653061373,15.133871961976052,-27.224652715372365,0.8846534438846909,-2.2499999999999503,28.772652715372367,38.52926986109981,48.481816987108324,0.0,cluster_trimmed,pre4_impact,raw,trackman,18,kinematic_phase
-15.71383486243574,0.008752605688167986,15,trackman_4ms,34.511176105641724,46.0440355981833,0.017696274907569975,5.60308091517962,36.48909582139224,-26.222143441430863,0.9420948077013801,-2.2499999999999503,40.13957680384388,76.17533696250449,87.80479164134175,13.333333333333334,peak,pre4_impact,raw,trackman,18,kinematic
-24.40850981722844,0.019997778226757818,15,trackman_4ms,21.790216988140383,26.82112428987875,0.04268327454094978,2.9352907309911638,8.395836350486984,-19.62715416897127,0.9141603730719916,-2.2499999999999503,24.182728019733442,42.07847398047777,49.50411747394256,13.333333333333334,peak,pre4_impact,raw,trackman,18,kinematic_phase
-8.800052267825324,-0.04298743383281304,15,trackman_4ms,23.571481535511328,37.26205688859933,0.017197606361981643,6.0178098448496575,10.997727320675937,-15.686325360182572,0.966458188561705,1.2000000000001023,23.42371629413733,53.294316199154636,90.81559847994933,0.0,cluster_trimmed,pre6_impact,raw,ops,18,kinematic
-20.917810866541878,0.060897967248371446,15,trackman_4ms,14.790371467314516,23.164648111057375,0.05751916751861441,2.922505713705336,13.741396874262605,-19.293968925819527,0.8917773144888768,1.2000000000001023,22.197968925819527,33.408739829711685,45.26851660817276,7.142857142857143,cluster_trimmed,pre6_impact,raw,ops,18,kinematic_phase
-12.947569347025818,-0.13846151194941028,15,trackman_4ms,32.003526019859706,46.90937952667039,0.01765824831810292,6.520845126721966,24.378576485670003,-11.619357095660193,0.966458188561705,1.2000000000001023,30.186999843534128,73.1234710025165,97.9691489117644,14.285714285714286,peak,pre6_impact,raw,ops,18,kinematic
-23.545893595491982,0.05625781501092599,15,trackman_4ms,16.493668435576037,25.883262095560948,0.048212898305336704,2.920881820387034,12.558221665855367,-19.548603698487863,0.9135206627724062,1.2000000000001023,24.124406508106226,33.735467989997254,47.92396268958665,14.285714285714286,peak,pre6_impact,raw,ops,18,kinematic_phase
-11.421091122403046,-0.06995343400305408,15,trackman_4ms,16.296573950549792,38.094827935851235,0.015314893676573904,6.157281430294143,10.441969931416608,-15.652552751191688,0.9662384431281539,0.900000000000098,23.596198160858975,53.301946022609826,90.09867974569525,7.142857142857143,cluster_trimmed,pre6_impact,raw,track,18,kinematic
-20.887530404871104,0.06195682463284097,15,trackman_4ms,14.491709000232726,23.175784142855612,0.05747975293468044,2.899835875080003,15.646277953822773,-19.27881218669119,0.9135487551480235,1.0000000000000995,22.18281218669119,33.38348417055278,45.285844404980566,0.0,cluster_trimmed,pre6_impact,raw,track,18,kinematic_phase
-18.290743114587993,-0.18965976470188228,15,trackman_4ms,28.530044751515693,48.227822937788446,0.01609892448956396,6.798015049672736,24.50455274664609,-26.135026698982212,0.9567348485308098,1.0000000000000995,30.561739650114347,72.8681299629448,97.37636833123833,21.428571428571427,peak,pre6_impact,raw,track,18,kinematic
-23.61709060628955,0.05623413030352672,15,trackman_4ms,16.48956420186463,25.819979859505768,0.04812370706142377,2.9103026574037654,12.88174046211103,-19.42573632929149,0.9450627332241435,1.0000000000000995,24.16121929544417,33.87155449546251,47.93733580885798,14.285714285714286,peak,pre6_impact,raw,track,18,kinematic_phase
-9.460963229650721,-0.05731040668036228,13,trackman_4ms,26.387256013036996,41.05743445605052,0.017197606361981643,6.114780035866272,9.487356619216023,-18.50209983770824,0.9569898283089183,-2.0999999999999446,33.285583245510935,54.76984164407977,90.67464059451983,7.6923076923076925,cluster_trimmed,pre6_impact,raw,trackman,18,kinematic
-21.208181951549424,0.01643356672269766,13,trackman_4ms,14.727324630412904,23.831321187441006,0.04564287480545359,2.903777653061373,12.723084737964225,-19.230922088917914,0.8846534438846909,-2.199999999999946,22.134922088917914,34.85434535879841,46.31641323986314,0.0,cluster_trimmed,pre6_impact,raw,trackman,18,kinematic_phase
-7.757655439094479,-0.04466330932993004,13,trackman_4ms,26.550315601571207,42.75404090341859,0.017696274907569975,6.450511013504146,36.48909582139224,-11.157515619320213,0.9569898283089183,-2.0999999999999446,30.327039324359895,62.97006574707075,89.3698905571295,15.384615384615385,peak,pre6_impact,raw,trackman,18,kinematic
-23.24170835297185,0.060059687735148935,13,trackman_4ms,17.569180085988926,25.87182433792375,0.04268327454094978,3.006865527071486,8.395836350486984,-19.62715416897127,0.9141603730719916,-2.199999999999946,24.169045814877354,38.5492302947398,48.66829095747057,7.6923076923076925,peak,pre6_impact,raw,trackman,18,kinematic_phase
,,16,home_2ms,19.564901976538025,,0.05618810832570853,1.2709822912347035,27.740106765837304,2.8962583988886785,1.0,-1.0999999999999304,,,,6.25,cluster_trimmed,pre4_impact,mti,ops,16,kinematic
,,16,home_2ms,9.82084240080067,,0.05618810832570853,1.2709822912347035,24.60234402379138,2.7190095292910503,1.0,-0.9499999999999282,,,,6.25,cluster_trimmed,pre4_impact,mti,ops,16,kinematic_phase
,,16,home_2ms,20.434348311435915,,0.052587827401327614,1.7658800937243115,26.556432078538926,5.413022854634246,1.0,-1.0999999999999304,,,,6.25,peak,pre4_impact,mti,ops,16,kinematic
,,16,home_2ms,14.826762967302825,,0.052587827401327614,1.458038956476928,20.9069211244241,4.904852314528034,1.0,-0.9499999999999282,,,,6.25,peak,pre4_impact,mti,ops,16,kinematic_phase
,,16,home_2ms,13.428515665282113,,0.05615680280273272,1.2840132325722569,26.987850987770223,3.6721283556529354,1.0,-2.399999999999949,,,,0.0,cluster_trimmed,pre4_impact,mti,ops_plus3,16,kinematic
,,16,home_2ms,10.771660369734409,,0.05615680280273272,1.1583807781936764,20.64478983808251,3.6705251379462798,1.0,-2.2499999999999467,,,,12.5,cluster_trimmed,pre4_impact,mti,ops_plus3,16,kinematic_phase
,,16,home_2ms,13.203509147066589,,0.04906807508662958,1.907334860191448,27.438482847013567,5.791280623865298,1.0,-2.399999999999949,,,,12.5,peak,pre4_impact,mti,ops_plus3,16,kinematic
,,16,home_2ms,11.463058077095583,,0.04906807508662958,1.211567333196409,20.36739762476197,13.10101880291701,1.0,-2.2499999999999467,,,,0.0,peak,pre4_impact,mti,ops_plus3,16,kinematic_phase
,,16,home_2ms,12.793301338543102,,0.05617501214762011,1.2285006141130634,28.641134443999448,2.8051711906418433,1.0,1.825000000000113,,,,6.25,cluster_trimmed,pre4_impact,mti,track,16,kinematic
,,16,home_2ms,12.793301338543102,,0.05617501214762011,1.17394290567188,20.701620491002352,2.484946881773327,1.0,2.3000000000001197,,,,18.75,cluster_trimmed,pre4_impact,mti,track,16,kinematic_phase
,,16,home_2ms,14.72261450817366,,0.05261664417736511,1.663300323612721,30.474321504481544,5.787985052377169,1.0,1.825000000000113,,,,6.25,peak,pre4_impact,mti,track,16,kinematic
,,16,home_2ms,14.72261450817366,,0.05261664417736511,1.4564541844032926,19.674029397831504,4.513348985357724,1.0,2.3000000000001197,,,,12.5,peak,pre4_impact,mti,track,16,kinematic_phase
,,16,home_2ms,7.408948733818626,,0.05618810832570853,1.9854679082482312,9.75293912894615,8.684296039157449,1.0,-2.549999999999951,,,,25.0,cluster_trimmed,pre6_impact,mti,ops,16,kinematic
,,16,home_2ms,5.178046699892045,,0.05618810832570853,1.4645038127932084,11.049032653058097,8.648643522030895,1.0,-1.499999999999936,,,,25.0,cluster_trimmed,pre6_impact,mti,ops,16,kinematic_phase
,,16,home_2ms,5.67600751563765,,0.052587827401327614,2.1363939993516756,12.357988287366762,8.292167063675535,1.0,-2.549999999999951,,,,6.25,peak,pre6_impact,mti,ops,16,kinematic
,,16,home_2ms,5.033897470628931,,0.052587827401327614,1.5712561593068792,11.46074197685664,8.667883403611675,1.0,-1.7499999999999396,,,,12.5,peak,pre6_impact,mti,ops,16,kinematic_phase
,,16,home_2ms,6.136218917670281,,0.05615680280273272,1.7477756421899762,9.924245304547592,9.216135030617814,1.0,-2.8499999999999552,,,,25.0,cluster_trimmed,pre6_impact,mti,ops_plus3,16,kinematic
,,16,home_2ms,5.275548396886797,,0.05615680280273272,1.5037576118963063,8.647008579264131,8.36115583934415,1.0,-2.749999999999954,,,,18.75,cluster_trimmed,pre6_impact,mti,ops_plus3,16,kinematic_phase
,,16,home_2ms,6.936605681676255,,0.04906807508662958,1.944813825307534,11.087470312498347,9.239971215597922,1.0,-2.8499999999999552,,,,6.25,peak,pre6_impact,mti,ops_plus3,16,kinematic
,,16,home_2ms,6.595963762257496,,0.04906807508662958,1.5104666163441387,10.362072729132993,7.386968452617163,1.0,-2.7249999999999517,,,,6.25,peak,pre6_impact,mti,ops_plus3,16,kinematic_phase
,,16,home_2ms,4.118782034261135,,0.05617501214762011,1.679582739862699,6.665644917968735,8.894156020420294,1.0,0.9000000000000963,,,,37.5,cluster_trimmed,pre6_impact,mti,track,16,kinematic
,,16,home_2ms,4.80646572086388,,0.05617501214762011,1.5372642387926012,9.854598985917999,6.193055654808392,1.0,1.1250000000000995,,,,18.75,cluster_trimmed,pre6_impact,mti,track,16,kinematic_phase
,,16,home_2ms,6.1827611701155964,,0.05261664417736511,1.8638223266207294,11.2110399591939,8.009348911865992,1.0,0.9000000000000963,,,,12.5,peak,pre6_impact,mti,track,16,kinematic
,,16,home_2ms,3.8644694309805523,,0.05261664417736511,1.6502345327754055,9.051046455139875,7.190101280721584,1.0,1.1250000000000995,,,,6.25,peak,pre6_impact,mti,track,16,kinematic_phase
,,16,home_2ms,43.12668432920704,,0.10764133951928523,7.484310382512151,78.14362218963458,15.837561199866848,1.0,1.4500000000001059,,,,6.25,cluster_trimmed,pre4_impact,raw,ops,16,kinematic
,,16,home_2ms,64.65329335893794,,0.09786769008186624,4.690264343711075,19.904252899630624,-6.921484331259353,0.8514179485460334,1.4250000000001037,,,,12.5,cluster_trimmed,pre4_impact,raw,ops,16,kinematic_phase
,,16,home_2ms,74.21200163086847,,0.10599575824054985,7.363837283019805,51.47696248945234,1.6299385409294729,1.0,1.4500000000001059,,,,12.5,peak,pre4_impact,raw,ops,16,kinematic
,,16,home_2ms,70.84323596608162,,0.09989449605110334,4.293502042293202,22.677208801405065,-1.8778953177383189,0.8989156540527208,1.4000000000001052,,,,18.75,peak,pre4_impact,raw,ops,16,kinematic_phase
,,16,home_2ms,55.84394942080601,,0.10768047424751259,7.4289073171848425,79.82912410126922,-1.7710673410528646,1.0,0.050000000000085976,,,,6.25,cluster_trimmed,pre4_impact,raw,ops_plus3,16,kinematic
,,16,home_2ms,52.862819737292654,,0.10859599932674568,5.19122848621849,20.174116074396867,13.266413238053673,0.8787294701218931,0.07500000000008455,,,,6.25,cluster_trimmed,pre4_impact,raw,ops_plus3,16,kinematic_phase
,,16,home_2ms,74.5287047016608,,0.10601559211677414,7.026447309749429,40.16818790101783,1.8175409798613784,1.0,0.050000000000085976,,,,18.75,peak,pre4_impact,raw,ops_plus3,16,kinematic
,,16,home_2ms,60.99288825453335,,0.09988025968620362,4.282095928830842,25.876313005063476,-15.825271485645597,0.890407262172322,0.050000000000085976,,,,18.75,peak,pre4_impact,raw,ops_plus3,16,kinematic_phase
,,16,home_2ms,50.757818542106804,,0.08577450344208204,8.334945940007547,40.66738450841837,-19.911355090232767,1.0,3.4750000000001346,,,,6.25,cluster_trimmed,pre4_impact,raw,track,16,kinematic
,,16,home_2ms,48.3684558747721,,0.09498407122842634,4.8683614972926765,31.240775580645494,7.758266104781519,0.8017096430973565,3.3750000000001332,,,,12.5,cluster_trimmed,pre4_impact,raw,track,16,kinematic_phase
,,16,home_2ms,59.42747716018379,,0.0884790406430005,7.966933050095509,38.9065258033809,-28.096214464005186,1.0,3.3750000000001332,,,,12.5,peak,pre4_impact,raw,track,16,kinematic
,,16,home_2ms,58.3963991817358,,0.06545967398264874,3.9390962881513234,36.20956887971103,-16.419408543037953,0.7160468010627841,3.3750000000001332,,,,18.75,peak,pre4_impact,raw,track,16,kinematic_phase
,,16,home_2ms,33.68975582985706,,0.09650822447946827,7.1535400900123305,81.56665260393689,-12.574399210073004,1.0,1.4500000000001059,,,,0.0,cluster_trimmed,pre6_impact,raw,ops,16,kinematic
,,16,home_2ms,27.121291958026198,,0.08528400576331785,5.390439517753055,32.16736441899783,-22.44287269292454,0.875297983912172,0.9500000000000988,,,,0.0,cluster_trimmed,pre6_impact,raw,ops,16,kinematic_phase
,,16,home_2ms,54.795732730579246,,0.10599575824054985,7.879372648419547,77.21644030532113,-21.777618912490734,1.0,0.9500000000000988,,,,0.0,peak,pre6_impact,raw,ops,16,kinematic
,,16,home_2ms,33.50707277340237,,0.09989449605110334,7.772589551499257,41.096901273611536,-5.047103517459268,0.9257724832512615,1.0000000000000995,,,,0.0,peak,pre6_impact,raw,ops,16,kinematic_phase
,,16,home_2ms,35.83862446533561,,0.10768047424751259,6.660460723845139,75.08582990862277,-17.29876035513392,1.0,0.050000000000085976,,,,0.0,cluster_trimmed,pre6_impact,raw,ops_plus3,16,kinematic
,,16,home_2ms,26.472901749133058,,0.08935356800575289,5.509780160678206,28.841415325415817,-24.57437000350111,0.8939247030984079,0.07500000000008455,,,,0.0,cluster_trimmed,pre6_impact,raw,ops_plus3,16,kinematic_phase
,,16,home_2ms,54.265458084705685,,0.10601559211677414,7.911110361680644,78.11383753235677,-23.01594911261399,1.0,0.050000000000085976,,,,0.0,peak,pre6_impact,raw,ops_plus3,16,kinematic
,,16,home_2ms,36.63310987149073,,0.09988025968620362,7.797313134954329,40.58143343010153,-17.80914780441488,0.8974813199429814,-0.0749999999999158,,,,0.0,peak,pre6_impact,raw,ops_plus3,16,kinematic_phase
,,16,home_2ms,35.56956302629784,,0.08577450344208204,6.87793377949893,19.982626067242947,-20.822387227367713,1.0,2.800000000000125,,,,0.0,cluster_trimmed,pre6_impact,raw,track,16,kinematic
,,16,home_2ms,18.17218872219857,,0.07807562548090519,4.920360267438816,37.12903220933718,2.8759226680646983,0.8646963046604186,2.479237531465955,,,,0.0,cluster_trimmed,pre6_impact,raw,track,16,kinematic_phase
,,16,home_2ms,68.81869732234382,,0.0884790406430005,8.762489442586354,77.3904213876223,-46.62548684878242,1.0,2.800000000000125,,,,6.25,peak,pre6_impact,raw,track,16,kinematic
,,16,home_2ms,27.98215769124345,,0.06545967398264874,4.386943168386548,28.926870628835033,-24.998585185296164,0.8994701107561048,2.800000000000125,,,,0.0,peak,pre6_impact,raw,track,16,kinematic_phase
