session_date,comparison_row,trackman_time,club,shot_type,match_confidence,raw_session_file,raw_shot_number,raw_ops_capture_available,raw_iq_sample_count,tm_ball_mph,tm_club_mph,tm_spin_rpm,tm_launch_deg,tm_direction_deg,tm_attack_deg,tm_club_path_deg,tm_face_deg,tm_carry_yds,of_ball_mph,of_club_mph,of_spin_rpm,of_spin_confidence,of_smash,of_carry_yds,ops_capture_ball_mph,ops_capture_club_mph,ops_capture_spin_rpm,ops_spin_candidate_rpm,ops_spin_snr,ops_spin_quality,ops_spin_rejection_reason,ops_spin_phase_rpm,ops_spin_phase_snr,ops_spin_phase_confirmed,ops_impact_source,ops_impact_reason,ops_impact_offset_from_trigger_ms,ops_trigger_latency_ms
2026-07-14,1,20:29:25,9Iron,,,,,no,,99.7,83.7,6980.000000000002,16.77799999999999,,,,,129.9,96.9,71.2,,,,,,,,,,,,,,,,,,
2026-07-14,2,20:29:51,9Iron,,,,,no,,89.3,81.1,4299.999999999996,11.487999999999987,,,,,101.6,87.6,60.9,,,,,,,,,,,,,,,,,,
2026-07-14,3,20:30:10,9Iron,,,,,no,,110.2,83.0,6699.999999999997,20.468999999999983,,,,,149.1,106.7,82.8,,,,,,,,,,,,,,,,,,
2026-07-14,4,20:31:17,9Iron,,,,,no,,111.3,83.8,6279.999999999995,17.449000000000005,,,,,152.4,108.0,79.7,,,,,,,,,,,,,,,,,,
2026-07-14,5,20:31:37,9Iron,,,,,no,,111.9,84.1,6999.999999999997,21.533999999999995,,,,,149.9,108.5,84.6,,,,,,,,,,,,,,,,,,
2026-07-14,6,20:32:04,9Iron,,,,,no,,107.9,82.6,6770.0,21.057999999999993,,,,,144.9,104.5,82.8,,,,,,,,,,,,,,,,,,
2026-07-14,7,20:32:29,9Iron,,,,,no,,107.9,83.6,4010.000000000003,5.689999999999997,,,,,114.6,106.6,83.3,,,,,,,,,,,,,,,,,,
2026-07-14,8,20:32:50,9Iron,,,,,no,,116.8,86.4,6689.999999999997,21.013999999999996,,,,,158.4,113.2,85.7,,,,,,,,,,,,,,,,,,
2026-07-14,9,20:33:11,9Iron,,,,,no,,109.0,85.4,6809.9999999999945,22.12999999999998,,,,,145.9,105.3,85.7,,,,,,,,,,,,,,,,,,
2026-07-14,10,20:33:39,9Iron,,,,,no,,110.6,84.6,7199.9999999999945,21.279999999999987,,,,,147.2,107.1,84.3,,,,,,,,,,,,,,,,,,
2026-07-14,11,20:40:49,7Iron,,,,,no,,76.5,,1620.000000000003,1.6789999999999963,,,,,12.2,77.1,55.0,,,,,,,,,,,,,,,,,,
2026-07-14,12,20:41:11,7Iron,,,,,no,,112.9,82.8,6039.9999999999945,18.677999999999987,,,,,156.5,109.8,82.6,,,,,,,,,,,,,,,,,,
2026-07-14,13,20:41:36,7Iron,,,,,no,,120.6,86.4,5809.999999999996,16.30699999999998,,,,,170.6,117.2,82.7,,,,,,,,,,,,,,,,,,
2026-07-14,14,20:41:58,7Iron,,,,,no,,117.8,87.2,6079.999999999998,17.240999999999993,,,,,164.8,114.4,85.8,,,,,,,,,,,,,,,,,,
2026-07-14,15,20:42:23,7Iron,,,,,no,,104.0,87.8,4830.0,12.092000000000013,,,,,133.4,101.8,76.9,,,,,,,,,,,,,,,,,,
2026-07-14,16,20:42:45,7Iron,,,,,no,,103.9,86.2,5639.999999999998,13.927999999999987,,,,,134.6,101.4,83.6,,,,,,,,,,,,,,,,,,
2026-07-14,17,20:43:08,7Iron,,,,,no,,69.3,87.0,2219.999999999997,6.121999999999985,,,,,33.4,71.0,48.5,,,,,,,,,,,,,,,,,,
2026-07-14,18,20:43:33,7Iron,,,,,no,,111.3,86.4,4870.0,15.657999999999998,,,,,157.6,108.2,84.3,,,,,,,,,,,,,,,,,,
2026-07-14,19,20:44:00,7Iron,,,,,no,,106.1,86.2,4389.999999999998,14.687999999999988,,,,,147.6,103.4,85.7,,,,,,,,,,,,,,,,,,
2026-07-14,20,20:44:22,7Iron,,,,,no,,109.0,87.3,3229.999999999995,9.146999999999982,,,,,133.9,106.5,84.4,,,,,,,,,,,,,,,,,,
2026-07-14,21,20:44:41,7Iron,,,,,no,,108.6,87.7,5319.9999999999945,17.27599999999998,,,,,151.8,105.6,86.3,,,,,,,,,,,,,,,,,,
2026-07-14,22,20:45:04,7Iron,,,,,no,,112.0,86.0,6189.999999999988,18.87599999999999,,,,,154.2,108.5,85.2,,,,,,,,,,,,,,,,,,
2026-07-14,23,20:45:32,7Iron,,,,,no,,122.0,86.0,5729.999999999997,16.949999999999992,,,,,173.5,118.6,84.5,,,,,,,,,,,,,,,,,,
2026-07-14,24,20:58:17,5Iron,,,,,no,,111.9,80.7,5109.999999999999,14.677,,,,,156.6,109.3,79.1,,,,,,,,,,,,,,,,,,
2026-07-14,25,20:58:38,5Iron,,,,,no,,118.2,86.1,4539.999999999995,15.406999999999991,,,,,173.0,115.2,84.2,,,,,,,,,,,,,,,,,,
2026-07-14,26,20:59:04,5Iron,,,,,no,,98.6,91.5,2090.0,0.5110000000000001,,,,,10.5,87.4,62.0,,,,,,,,,,,,,,,,,,
2026-07-14,27,20:59:37,5Iron,,,,,no,,123.4,87.4,4949.999999999997,15.646999999999995,,,,,180.7,120.2,86.8,,,,,,,,,,,,,,,,,,
2026-07-14,28,21:00:06,5Iron,,,,,no,,120.9,88.5,4620.000000000004,12.959999999999992,,,,,175.4,118.3,87.0,,,,,,,,,,,,,,,,,,
2026-07-14,29,21:00:32,5Iron,,,,,no,,105.6,89.7,3959.999999999996,9.892999999999994,,,,,123.8,103.0,87.6,,,,,,,,,,,,,,,,,,
2026-07-14,30,21:00:51,5Iron,,,,,no,,107.6,90.0,4929.999999999994,10.917999999999983,,,,,142.8,105.2,88.7,,,,,,,,,,,,,,,,,,
2026-07-14,31,21:01:20,5Iron,,,,,no,,87.0,,1839.9999999999945,1.5239999999999743,,,,,16.9,89.2,64.4,,,,,,,,,,,,,,,,,,
2026-07-14,32,21:02:05,5Iron,,,,,no,,129.6,89.8,4600.000000000002,13.115999999999982,,,,,192.4,126.6,86.9,,,,,,,,,,,,,,,,,,
2026-07-14,33,21:02:37,5Iron,,,,,no,,114.6,90.7,5179.999999999997,14.271999999999982,,,,,162.0,111.7,76.7,,,,,,,,,,,,,,,,,,
2026-07-14,34,21:03:05,5Iron,,,,,no,,129.6,90.4,4820.000000000002,14.196999999999997,,,,,191.3,126.4,87.7,,,,,,,,,,,,,,,,,,
2026-07-14,35,21:03:40,5Iron,,,,,no,,127.4,92.3,5769.999999999999,14.368000000000002,,,,,182.4,124.3,89.5,,,,,,,,,,,,,,,,,,
2026-07-14,36,21:04:10,5Iron,,,,,no,,132.1,93.4,5770.000000000001,14.74200000000001,,,,,189.7,128.7,90.4,,,,,,,,,,,,,,,,,,
2026-07-14,37,21:04:42,5Iron,,,,,no,,130.8,92.8,5309.999999999999,14.71499999999999,,,,,190.8,127.5,90.3,,,,,,,,,,,,,,,,,,
2026-07-14,38,21:05:14,5Iron,,,,,no,,124.2,91.4,5459.999999999995,16.019999999999992,,,,,178.4,121.0,89.9,,,,,,,,,,,,,,,,,,
2026-07-14,39,21:05:40,5Iron,,,,,no,,127.7,92.9,5489.999999999997,14.392000000000003,,,,,184.6,124.5,89.7,,,,,,,,,,,,,,,,,,
2026-07-14,40,21:06:17,5Iron,,,,,no,,122.2,91.8,5939.999999999996,15.962999999999989,,,,,171.5,119.0,80.4,,,,,,,,,,,,,,,,,,
2026-07-14,41,21:14:40,Driver,,,,,no,,148.1,104.7,2709.999999999997,10.004000000000007,,,,,237.2,145.2,102.7,,,,,,,,,,,,,,,,,,
2026-07-14,42,21:15:19,Driver,,,,,no,,137.7,105.2,4810.0,17.990000000000002,,,,,204.8,134.2,91.8,,,,,,,,,,,,,,,,,,
2026-07-14,43,21:15:58,Driver,,,,,no,,143.9,105.9,2790.000000000001,5.857999999999973,,,,,192.5,139.9,97.7,,,,,,,,,,,,,,,,,,
2026-07-14,44,21:16:31,Driver,,,,,no,,154.3,106.5,3249.999999999997,12.557000000000004,,,,,252.9,151.0,105.6,,,,,,,,,,,,,,,,,,
2026-07-14,45,21:17:10,Driver,,,,,no,,151.7,106.4,3639.999999999993,15.29399999999998,,,,,243.6,148.0,101.3,,,,,,,,,,,,,,,,,,
2026-07-14,46,21:18:27,Driver,,,,,no,,144.4,102.7,3919.9999999999914,17.058999999999973,,,,,226.6,140.6,94.7,,,,,,,,,,,,,,,,,,
2026-07-14,47,21:19:14,Driver,,,,,no,,153.1,104.9,2920.0000000000055,14.276000000000021,,,,,256.0,149.3,101.7,,,,,,,,,,,,,,,,,,
2026-07-14,48,21:19:53,Driver,,,,,no,,147.3,105.6,2929.9999999999945,10.58699999999998,,,,,233.4,144.1,98.1,,,,,,,,,,,,,,,,,,
2026-07-14,49,21:20:26,Driver,,,,,no,,153.4,106.9,2339.999999999994,10.008999999999974,,,,,246.3,150.6,106.3,,,,,,,,,,,,,,,,,,
2026-07-14,50,21:21:07,Driver,,,,,no,,146.6,106.2,3879.999999999999,13.960999999999997,,,,,229.0,143.4,98.4,,,,,,,,,,,,,,,,,,
2026-07-14,51,21:21:48,Driver,,,,,no,,153.8,106.1,3470.000000000003,14.620999999999993,,,,,249.8,150.2,101.9,,,,,,,,,,,,,,,,,,
2026-07-14,52,21:32:27,SandWedge,,,,,no,,70.1,71.8,9699.999999999996,31.661999999999985,,,,,77.7,66.4,46.8,,,,,,,,,,,,,,,,,,
2026-07-14,53,21:32:50,SandWedge,,,,,no,,66.5,73.3,9619.999999999996,29.217000000000002,,,,,72.4,69.4,49.0,,,,,,,,,,,,,,,,,,
2026-07-14,54,21:33:07,SandWedge,,,,,no,,75.6,72.2,9089.999999999996,30.729999999999986,,,,,86.9,73.9,50.2,,,,,,,,,,,,,,,,,,
2026-07-14,55,21:33:29,SandWedge,,,,,no,,72.8,73.9,9630.000000000002,33.168000000000006,,,,,81.2,70.2,48.2,,,,,,,,,,,,,,,,,,
2026-07-14,56,21:33:48,SandWedge,,,,,no,,74.1,70.5,8500.0,26.353999999999992,,,,,85.6,71.9,51.0,,,,,,,,,,,,,,,,,,
2026-07-14,57,21:34:06,SandWedge,,,,,no,,69.6,66.9,8799.999999999996,27.744999999999997,,,,,77.8,67.4,46.2,,,,,,,,,,,,,,,,,,
2026-07-14,58,21:34:21,SandWedge,,,,,no,,69.1,68.3,8700.000000000002,24.805000000000007,,,,,76.4,66.2,46.2,,,,,,,,,,,,,,,,,,
2026-07-14,59,21:34:39,SandWedge,,,,,no,,69.5,71.6,9560.0,31.036999999999985,,,,,77.1,65.9,46.0,,,,,,,,,,,,,,,,,,
2026-07-14,60,21:34:58,SandWedge,,,,,no,,81.8,72.6,7869.999999999994,29.30099999999999,,,,,98.2,77.9,53.8,,,,,,,,,,,,,,,,,,
2026-07-14,61,21:35:19,SandWedge,,,,,no,,84.2,75.8,8019.999999999998,28.975,,,,,101.8,80.3,55.4,,,,,,,,,,,,,,,,,,
2026-07-14,62,21:41:20,9Iron (relabeled),,,,,no,,102.3,77.5,6619.999999999995,22.888999999999974,,,,,135.8,96.7,,,,,,,,,,,,,,,,,,,
2026-07-14,63,21:41:40,9Iron (relabeled),,,,,no,,110.2,81.0,6370.000000000002,20.895000000000007,,,,,150.1,104.9,,,,,,,,,,,,,,,,,,,
2026-07-14,64,21:42:02,9Iron (relabeled),,,,,no,,92.7,80.0,5079.999999999989,18.08299999999998,,,,,121.0,88.3,74.5,,,,,,,,,,,,,,,,,,
2026-07-14,65,21:42:37,9Iron,,,,,no,,106.2,80.7,6709.999999999997,21.477999999999987,,,,,142.3,100.9,,,,,,,,,,,,,,,,,,,
2026-07-14,66,21:43:00,9Iron,,,,,no,,108.1,81.6,6090.0000000000055,15.599999999999998,,,,,147.1,103.5,,,,,,,,,,,,,,,,,,,
2026-07-14,67,21:43:22,9Iron,,,,,no,,100.3,82.9,7180.000000000003,20.564999999999998,,,,,131.1,95.2,66.5,,,,,,,,,,,,,,,,,,
2026-07-14,68,21:43:39,9Iron,,,,,no,,113.7,84.3,6699.999999999999,19.54499999999999,,,,,154.6,108.4,,,,,,,,,,,,,,,,,,,
2026-07-14,69,21:43:54,9Iron,,,,,no,,112.0,84.2,6290.000000000002,18.307,,,,,153.7,106.9,,,,,,,,,,,,,,,,,,,
2026-07-14,70,21:49:06,9Iron,,,,,no,,101.9,81.1,5060.000000000001,15.446,,,,,137.3,98.5,80.4,,,,,,,,,,,,,,,,,,
2026-07-14,71,21:49:26,9Iron,,,,,no,,104.9,83.3,4529.999999999996,9.780000000000006,,,,,132.5,102.5,79.5,,,,,,,,,,,,,,,,,,
2026-07-14,72,21:49:45,9Iron,,,,,no,,105.6,82.1,6820.000000000001,21.873,,,,,140.8,101.4,74.0,,,,,,,,,,,,,,,,,,
2026-07-14,73,21:50:10,9Iron,,,,,no,,109.0,82.6,7050.0,21.694999999999986,,,,,145.3,104.8,73.7,,,,,,,,,,,,,,,,,,
2026-07-14,74,21:50:37,9Iron,,,,,no,,93.7,83.7,3050.0,6.429999999999999,,,,,84.4,92.1,72.6,,,,,,,,,,,,,,,,,,
2026-07-14,75,21:50:57,9Iron,,,,,no,,107.4,82.4,6999.999999999997,23.108,,,,,142.2,102.9,73.9,,,,,,,,,,,,,,,,,,
2026-07-14,76,21:51:27,9Iron,,,,,no,,107.0,83.1,7279.999999999999,22.896999999999988,,,,,140.8,102.6,74.3,,,,,,,,,,,,,,,,,,
2026-07-14,77,21:51:53,9Iron,,,,,no,,113.1,84.8,7130.000000000001,23.08599999999999,,,,,149.8,108.3,75.6,,,,,,,,,,,,,,,,,,
2026-07-14,78,21:52:23,9Iron,,,,,no,,108.7,85.8,7309.999999999997,20.961999999999996,,,,,144.3,104.5,70.6,,,,,,,,,,,,,,,,,,
2026-07-14,79,21:52:49,9Iron,,,,,no,,103.0,84.8,6690.000000000001,19.529000000000003,,,,,137.2,99.0,82.9,,,,,,,,,,,,,,,,,,
2026-07-14,80,21:53:29,7Iron,,,,,no,,117.0,87.5,5789.999999999999,16.805000000000007,,,,,163.6,113.1,84.5,,,,,,,,,,,,,,,,,,
2026-07-14,81,21:53:49,7Iron,,,,,no,,117.5,87.0,6779.999999999995,21.124999999999996,,,,,159.2,113.1,78.0,,,,,,,,,,,,,,,,,,
2026-07-14,82,21:54:11,7Iron,,,,,no,,116.5,87.8,5819.999999999999,18.062999999999995,,,,,163.8,112.5,86.3,,,,,,,,,,,,,,,,,,
2026-07-14,83,21:54:34,7Iron,,,,,no,,102.4,87.1,6229.999999999996,19.216999999999985,,,,,137.5,98.7,76.5,,,,,,,,,,,,,,,,,,
2026-07-14,84,21:54:55,7Iron,,,,,no,,116.4,89.0,6050.000000000003,18.130000000000003,,,,,162.4,112.5,88.8,,,,,,,,,,,,,,,,,,
2026-07-14,85,21:55:26,7Iron,,,,,no,,123.5,88.9,5949.999999999997,17.63899999999999,,,,,174.4,119.3,86.7,,,,,,,,,,,,,,,,,,
2026-07-14,86,21:55:53,7Iron,,,,,no,,109.8,87.7,6420.000000000001,16.75299999999999,,,,,149.3,106.3,89.0,,,,,,,,,,,,,,,,,,
2026-07-14,87,21:56:16,7Iron,,,,,no,,119.0,89.4,6409.999999999996,18.70999999999999,,,,,164.6,114.9,88.1,,,,,,,,,,,,,,,,,,
2026-07-14,88,21:56:42,7Iron,,,,,no,,102.5,87.7,5679.999999999995,8.498999999999988,,,,,117.1,100.0,84.7,,,,,,,,,,,,,,,,,,
2026-07-14,89,21:57:05,7Iron,,,,,no,,123.6,87.7,5700.000000000003,16.389000000000014,,,,,175.9,119.5,85.3,,,,,,,,,,,,,,,,,,
2026-07-14,90,21:57:27,7Iron,,,,,no,,122.4,88.2,6049.999999999998,17.533,,,,,172.2,118.2,86.3,,,,,,,,,,,,,,,,,,
2026-07-14,91,21:57:54,7Iron,,,,,no,,118.4,88.7,6179.999999999997,18.916999999999987,,,,,164.8,114.2,87.9,,,,,,,,,,,,,,,,,,
2026-07-14,92,21:58:15,7Iron,,,,,no,,115.9,90.1,6669.999999999995,20.312999999999995,,,,,158.0,111.7,79.7,,,,,,,,,,,,,,,,,,
2026-07-14,93,21:58:36,7Iron,,,,,no,,120.5,87.5,5459.999999999995,16.346999999999987,,,,,171.5,116.5,84.6,,,,,,,,,,,,,,,,,,
2026-07-14,94,21:59:00,7Iron,,,,,no,,104.6,89.1,5669.999999999997,16.25699999999999,,,,,141.2,101.4,85.1,,,,,,,,,,,,,,,,,,
2026-07-14,95,21:59:20,7Iron,,,,,no,,127.2,91.2,5690.000000000002,17.914999999999985,,,,,181.0,123.0,89.9,,,,,,,,,,,,,,,,,,
2026-07-14,96,21:59:46,7Iron,,,,,no,,122.8,88.7,6550.000000000004,20.05000000000001,,,,,168.7,118.5,79.7,,,,,,,,,,,,,,,,,,
2026-07-14,97,22:00:08,7Iron,,,,,no,,113.9,88.7,6309.999999999998,19.57299999999999,,,,,156.8,109.8,88.9,,,,,,,,,,,,,,,,,,
2026-07-14,98,22:00:38,7Iron,,,,,no,,122.7,88.6,5989.999999999999,18.273000000000007,,,,,172.4,118.6,88.0,,,,,,,,,,,,,,,,,,
2026-07-14,99,22:01:01,7Iron,,,,,no,,121.1,89.9,6320.0,17.852999999999998,,,,,168.4,117.0,87.7,,,,,,,,,,,,,,,,,,
2026-07-14,100,22:01:26,7Iron,,,,,no,,121.1,90.6,6939.999999999999,20.644999999999985,,,,,163.7,116.8,81.3,,,,,,,,,,,,,,,,,,
2026-07-14,101,22:01:44,7Iron,,,,,no,,126.2,89.7,6029.999999999996,16.44599999999999,,,,,178.1,122.2,87.0,,,,,,,,,,,,,,,,,,
2026-07-14,102,22:02:01,7Iron,,,,,no,,127.6,90.8,6249.9999999999945,17.348999999999997,,,,,179.1,123.5,91.7,,,,,,,,,,,,,,,,,,
2026-07-17,1,11:29:29,9Iron,,,session_20260717_112858_home.jsonl,1,yes,4096,113.8,83.2,6029.209999999995,19.072999999999993,-1.6479999999999981,-3.281,,,156.5,113.1,78.1,5344.0,0.7,1.45,169.5,110.1752477944336,78.10019876000976,2417,2417,9.31,low,Lower-rail spin candidate 2417 RPM is below the 9-iron plausibility floor (5757 RPM),,,False,ops_transition,,-2.933333332634845,4984.442472457886
2026-07-17,2,11:29:47,9Iron,,,session_20260717_112858_home.jsonl,2,yes,4096,109.1,82.2,5385.689999999996,19.63100000000001,2.261999999999999,-6.586,,,152.7,108.9,78.3,,,1.39,157.0,105.89857458984376,78.30384986499023,2417,2417,11.56,low,Lower-rail spin candidate 2417 RPM is below the 9-iron plausibility floor (5839 RPM),,,False,ops_transition,,-5.066666666877666,13436.790943145752
2026-07-17,3,11:30:07,9Iron,,,session_20260717_112858_home.jsonl,3,yes,4096,114.1,86.0,5690.879999999996,19.155999999999995,1.5030000000000012,-3.867,,,159.8,113.6,79.7,5620.0,0.7,1.42,171.2,110.58255000439455,79.72940759985353,2417,2417,14.81,low,Lower-rail spin candidate 2417 RPM is below the 9-iron plausibility floor (5749 RPM),,,False,ops_transition,,-7.200000000211006,16733.3664894104
2026-07-17,4,11:30:30,9Iron,,,session_20260717_112858_home.jsonl,4,yes,4096,109.5,85.4,5747.219999999995,20.607999999999993,3.8570000000000015,-2.088,,,152.0,109.1,79.0,5281.0,0.7,1.38,159.0,106.10222569482423,79.01662873242189,2417,2417,8.18,low,Lower-rail spin candidate 2417 RPM is below the 9-iron plausibility floor (5835 RPM),,,False,ops_transition,,-0.7999999993015052,18996.435403823853
2026-07-17,5,11:31:04,9Iron,,,session_20260717_112858_home.jsonl,5,yes,4096,102.5,76.4,4695.799999999994,20.957999999999984,1.7320000000000022,-6.205,,,143.8,102.4,68.6,5258.0,0.7,1.49,141.1,99.27991367797853,68.63042237841798,0,7251,0.49,"SNR too low (0.49, need 2.5)","SNR too low (0.49, need 2.5)",,,False,ops_transition,,0.7999999997890086,30875.743865966797
2026-07-17,6,11:31:24,9Iron,,,session_20260717_112858_home.jsonl,6,yes,4096,114.0,84.8,6103.72,20.714,2.5050000000000003,-3.194,,,157.5,113.9,78.9,5925.0,0.7,1.44,172.3,110.78620110937501,78.91480317993165,0,7251,0.6,"SNR too low (0.60, need 2.5)","SNR too low (0.60, need 2.5)",,,False,ops_transition,,-2.4000000002110085,15313.46082687378
2026-07-17,7,11:31:41,9Iron,,,session_20260717_112858_home.jsonl,7,yes,4096,108.4,85.1,6880.189999999996,19.871999999999993,2.9930000000000003,-3.38,,,145.8,108.1,71.7,5510.0,0.7,1.51,156.6,104.98214461743166,71.68518895312499,2417,2417,10.61,low,Lower-rail spin candidate 2417 RPM is below the 9-iron plausibility floor (5856 RPM),,,False,ops_transition,,-5.066666665968171,13014.996528625488
2026-07-17,8,11:32:04,9Iron,,,session_20260717_112858_home.jsonl,8,yes,4096,108.9,0.0,5256.600000000003,19.922999999999977,0.2080000000000075,,,,151.9,109.1,79.3,5180.0,0.7,1.38,159.0,106.20405124731447,79.32210538989257,0,10547,1.4,"SNR too low (1.40, need 2.5)","SNR too low (1.40, need 2.5)",,,False,ops_transition,,-3.999999999301508,19017.850399017334
2026-07-17,9,11:32:23,9Iron,,,session_20260717_112858_home.jsonl,9,yes,4096,109.3,86.6,5483.089999999998,18.06699999999999,0.7710000000000037,-2.545,,,150.6,108.9,80.0,4780.0,0.7,1.36,157.8,106.10222569482423,80.03488425732424,0,9668,1.3,"SNR too low (1.30, need 2.5)","SNR too low (1.30, need 2.5)",,,False,ops_transition,,-1.3333333335443314,15052.60705947876
2026-07-17,10,11:32:44,9Iron,,,session_20260717_112858_home.jsonl,10,yes,4096,98.1,0.0,3647.439999999997,18.641999999999992,-1.9319999999999922,,,,124.6,98.4,80.2,3852.0,0.7,1.23,130.5,95.81784489331056,80.2385353623047,0,5713,1.62,"SNR too low (1.62, need 2.5)","SNR too low (1.62, need 2.5)",,,False,sound_trigger,speed_delta_below_threshold,0.0,17542.28401184082
2026-07-17,11,11:38:43,9Iron,,,session_20260717_113510_trackman.jsonl,1,yes,4096,104.3,83.1,6152.79,21.446999999999985,1.492,-3.691,,,141.5,104.0,82.6,6134.0,0.7,1.26,146.6,100.60364586035158,82.5805230695801,0,7251,0.55,"SNR too low (0.55, need 2.5)","SNR too low (0.55, need 2.5)",,,False,sound_trigger,speed_delta_below_threshold,0.0,5890.199184417725
2026-07-17,12,11:39:05,9Iron,,,session_20260717_113510_trackman.jsonl,2,yes,4096,114.3,84.2,6302.339999999997,20.456,1.9109999999999998,-3.837,,,157.2,113.5,79.3,,,1.43,168.9,110.58255000439455,79.32210538989257,2417,2417,16.69,low,Lower-rail spin candidate 2417 RPM is below the 9-iron plausibility floor (5749 RPM),,,False,ops_transition,,-5.600000000210997,18093.25671195984
2026-07-17,13,11:39:24,9Iron,,,session_20260717_113510_trackman.jsonl,3,yes,4096,112.0,84.3,6574.6900000000005,21.337000000000007,2.5650000000000004,-5.941,,,152.1,111.7,84.2,6213.0,0.7,1.33,167.1,108.44421340209962,84.20973190942384,0,9668,1.06,"SNR too low (1.06, need 2.5)","SNR too low (1.06, need 2.5)",,,False,ops_transition,,-3.4666666659681766,46383.458852767944
2026-07-17,14,11:40:13,9Iron,,,,,no,,103.9,85.7,6891.139999999993,18.288999999999994,2.0970000000000004,-3.467,,,138.3,,,,,,,,,,,,,,,,,,,,
2026-07-17,15,11:41:08,9Iron,,,session_20260717_114039_trackman.jsonl,1,yes,4096,115.5,86.2,5712.839999999997,19.476999999999993,0.951000000000002,-5.752,,,162.2,115.4,80.4,4779.0,0.7,1.43,174.8,112.72088660668946,80.44218646728517,0,6592,0.59,"SNR too low (0.59, need 2.5)","SNR too low (0.59, need 2.5)",,,False,ops_transition,,-1.866666665968168,16033.677339553833
2026-07-17,16,11:41:36,9Iron,,,session_20260717_114039_trackman.jsonl,2,yes,4096,105.7,81.0,5015.250000000002,17.945000000000014,-0.43600000000000244,-7.108,,,147.5,105.5,80.7,4755.0,0.7,1.31,148.6,102.64015691015626,80.74766312475587,2417,2417,7.53,low,Lower-rail spin candidate 2417 RPM is below the 9-iron plausibility floor (5901 RPM),,,False,sound_trigger,speed_delta_below_threshold,0.0,23396.926164627075
2026-07-17,17,11:42:11,9Iron,,,session_20260717_114039_trackman.jsonl,3,yes,4096,113.3,84.0,6377.489999999995,20.174999999999986,2.241000000000002,-4.848,,,155.5,112.6,78.1,4894.0,0.7,1.44,167.8,109.8697711369629,78.10019876000976,2417,2417,9.92,low,Lower-rail spin candidate 2417 RPM is below the 9-iron plausibility floor (5763 RPM),,,False,ops_transition,,-1.3333333335443314,31390.020847320557
2026-07-17,18,11:42:31,9Iron,,,session_20260717_114039_trackman.jsonl,4,yes,4096,114.5,85.8,6226.8399999999965,21.15399999999999,3.951000000000003,-4.134,,,157.6,113.8,80.2,6085.0,0.7,1.42,172.4,110.68437555688477,80.2385353623047,2417,2417,7.15,low,Lower-rail spin candidate 2417 RPM is below the 9-iron plausibility floor (5747 RPM),,,False,ops_transition,,1.3333333340318347,12912.375211715698
2026-07-17,19,11:42:56,9Iron,,,session_20260717_114039_trackman.jsonl,5,yes,4096,113.9,84.7,5653.619999999994,18.210999999999988,-1.5029999999999963,-6.552,,,159.8,113.3,86.2,,,1.31,166.2,110.78620110937501,86.24624295922852,0,8569,1.43,"SNR too low (1.43, need 2.5)","SNR too low (1.43, need 2.5)",,,False,ops_transition,,-6.133333333544343,20434.502840042114
2026-07-17,20,11:43:14,9Iron,,,session_20260717_114039_trackman.jsonl,6,yes,4096,112.6,85.8,6124.849999999999,20.345,2.8299999999999996,-4.606,,,155.5,112.1,80.5,5642.0,0.7,1.39,167.3,109.05516671704103,80.54401201977541,2637,2637,6.34,low,Lower-rail spin candidate 2637 RPM is below the 9-iron plausibility floor (5778 RPM),,,False,ops_transition,,-5.066666666877673,15062.379121780396
2026-07-17,21,11:43:36,9Iron,,,session_20260717_114039_trackman.jsonl,7,yes,4096,112.0,86.2,6526.129999999996,22.276999999999997,4.97,-6.053,,,151.7,111.4,85.9,5970.0,0.7,1.3,166.0,108.24056229711915,85.94076630175782,2417,2417,6.1,low,Lower-rail spin candidate 2417 RPM is below the 9-iron plausibility floor (5794 RPM),,,False,ops_transition,,2.399999999789003,19060.10365486145
2026-07-17,22,11:44:00,9Iron,,,session_20260717_114039_trackman.jsonl,8,yes,4096,103.1,0.0,8943.659999999998,8.145999999999997,16.487999999999996,,,,88.0,103.3,84.5,1313.0,0.7,1.22,137.5,102.02920359521485,84.51520856689454,0,5493,1.83,"SNR too low (1.83, need 2.5)","SNR too low (1.83, need 2.5)",2417,5.68,False,sound_trigger,speed_delta_below_threshold,0.0,20472.867727279663
2026-07-17,23,11:44:41,9Iron,,,session_20260717_114039_trackman.jsonl,9,yes,4096,107.9,85.8,6063.250000000005,21.63999999999999,2.5429999999999997,-3.652,,,147.8,107.2,84.6,5648.0,0.7,1.27,154.5,104.06571464501954,84.61703411938478,0,9888,1.26,"SNR too low (1.26, need 2.5)","SNR too low (1.26, need 2.5)",,,False,ops_transition,,-1.3333333326348367,12055.704832077026
2026-07-17,24,11:45:04,9Iron,,,session_20260717_114039_trackman.jsonl,10,yes,4096,110.9,86.1,6054.480000000001,20.869999999999987,1.6970000000000005,-4.317,,,153.0,110.4,85.1,5376.0,0.7,1.3,162.6,107.42595787719728,85.12616188183596,2417,2417,6.69,low,Lower-rail spin candidate 2417 RPM is below the 9-iron plausibility floor (5809 RPM),,,False,ops_transition,,-4.000000000211003,18308.531284332275
2026-07-17,25,11:45:23,9Iron,,,session_20260717_114039_trackman.jsonl,11,yes,4096,109.7,86.1,6744.27,21.05299999999999,3.7519999999999984,-5.741,,,147.9,109.2,85.5,,,1.28,155.2,106.6113534572754,85.53346409179689,2417,2417,9.03,low,Lower-rail spin candidate 2417 RPM is below the 9-iron plausibility floor (5825 RPM),,,False,ops_transition,,-5.066666666877666,14873.394250869751
2026-07-17,26,11:45:44,9Iron,,,session_20260717_114039_trackman.jsonl,12,yes,4096,111.8,86.9,6292.529999999998,21.702,1.9219999999999997,-4.953,,,153.0,111.2,86.8,5964.0,0.7,1.28,165.5,108.03691119213869,86.7553707216797,0,6812,0.66,"SNR too low (0.66, need 2.5)","SNR too low (0.66, need 2.5)",,,False,ops_transition,,0.7999999997889944,18912.676095962524
2026-07-17,27,11:46:04,9Iron,,,session_20260717_114039_trackman.jsonl,13,yes,4096,106.9,0.0,5299.3,20.416,3.7459999999999987,,,,149.6,106.5,71.9,4799.0,0.7,1.48,151.4,103.65841243505861,71.88884005810549,2637,2637,8.8,low,Lower-rail spin candidate 2637 RPM is below the 9-iron plausibility floor (5882 RPM),,,False,ops_transition,,-2.93333333354434,15337.733745574951
2026-07-17,28,11:46:21,9Iron,,,session_20260717_114039_trackman.jsonl,14,yes,4096,105.8,87.1,6179.51,20.733000000000004,8.063000000000004,-4.846,,,143.7,105.7,71.1,,,1.49,150.1,102.4365058051758,71.0742356381836,2417,2417,6.85,low,Lower-rail spin candidate 2417 RPM is below the 9-iron plausibility floor (5905 RPM),,,False,ops_transition,,-3.999999999301508,13999.991655349731
2026-07-17,29,11:46:42,9Iron,,,session_20260717_114039_trackman.jsonl,15,yes,4096,113.4,86.9,6780.659999999996,20.308,0.904,-6.651,,,153.9,112.9,85.9,5628.0,0.7,1.31,169.4,109.8697711369629,85.94076630175782,0,8789,1.39,"SNR too low (1.39, need 2.5)","SNR too low (1.39, need 2.5)",,,False,ops_transition,,-6.6666666659681795,17445.33109664917
2026-07-17,30,11:48:08,9Iron,,,session_20260717_114744_home.jsonl,1,yes,4096,118.0,86.0,5855.699999999992,18.680999999999994,-1.6199999999999997,-5.499,,,165.8,117.3,87.2,4983.0,0.7,1.35,179.9,114.55374655151368,87.16267293164064,0,7471,1.26,"SNR too low (1.26, need 2.5)","SNR too low (1.26, need 2.5)",,,False,ops_transition,,-6.6666666659681795,27109.539031982422
2026-07-17,31,11:48:25,9Iron,,,session_20260717_114744_home.jsonl,2,yes,4096,115.5,86.7,6163.419999999997,20.624999999999986,3.051,-6.021,,,159.8,115.2,82.1,5294.0,0.7,1.4,174.9,112.31358439672853,82.07139530712892,2417,2417,8.19,low,Lower-rail spin candidate 2417 RPM is below the 9-iron plausibility floor (5716 RPM),,,False,ops_transition,,-3.4666666659681766,12921.046733856201
2026-07-17,32,11:48:46,9Iron,,,session_20260717_114744_home.jsonl,3,yes,4096,117.5,87.6,6294.489999999999,20.003999999999994,-0.8409999999999979,-5.554,,,162.2,116.5,80.8,5162.0,0.7,1.44,178.2,113.7391421315918,80.84948867724609,0,10107,2.28,"SNR too low (2.28, need 2.5)","SNR too low (2.28, need 2.5)",2637,8.67,False,ops_transition,,-5.600000000211004,16745.795488357544
2026-07-17,33,11:49:07,9Iron,,,session_20260717_114744_home.jsonl,4,yes,4096,117.7,84.7,6121.549999999998,18.554999999999993,-0.08399999999999794,-5.749,,,163.7,117.0,79.6,5694.0,0.7,1.47,180.1,114.04461878906251,79.62758204736329,0,7910,1.48,"SNR too low (1.48, need 2.5)","SNR too low (1.48, need 2.5)",,,False,ops_transition,,-7.199999999301511,17996.400594711304
2026-07-17,34,11:49:30,9Iron,,,session_20260717_114744_home.jsonl,5,yes,4096,117.4,87.0,5815.890000000001,18.57899999999998,-0.021999999999995662,-4.258,,,164.7,116.5,88.4,,,1.32,174.2,114.04461878906251,88.38457956152345,2417,2417,7.41,low,Lower-rail spin candidate 2417 RPM is below the 9-iron plausibility floor (5682 RPM),,,False,ops_transition,,-7.733333333544337,18338.44828605652
2026-07-17,35,11:49:52,9Iron,,,,,no,,102.3,0.0,3313.829999999998,18.250999999999998,-1.8490000000000004,,,,144.1,,,,,,,,,,,,,,,,,,,,
2026-07-17,36,11:50:28,9Iron,,,session_20260717_114744_home.jsonl,6,yes,4096,94.9,0.0,3879.1099999999988,2.860999999999996,18.46099999999999,,,,22.3,92.9,71.1,569.0,0.7,1.31,117.6,92.15212500366212,71.0742356381836,0,7910,1.07,"SNR too low (1.07, need 2.5)","SNR too low (1.07, need 2.5)",,,False,ops_transition,,-5.600000000211004,6788.890838623047
2026-07-17,37,11:51:01,9Iron,,,session_20260717_114744_home.jsonl,7,yes,4096,113.1,85.1,5882.489999999999,19.787000000000003,1.0259999999999996,-5.883,,,157.6,112.7,80.4,5459.0,0.7,1.4,168.8,109.76794558447267,80.44218646728517,2417,2417,7.3,low,Lower-rail spin candidate 2417 RPM is below the 9-iron plausibility floor (5764 RPM),,,False,ops_transition,,-3.4666666668776713,14603.251457214355
2026-07-17,38,11:51:20,9Iron,,,session_20260717_114744_home.jsonl,8,yes,4096,100.8,87.0,7064.3299999999945,19.459999999999997,5.113999999999997,-4.726,,,132.6,100.6,70.7,4434.0,0.7,1.42,135.0,97.75253039062501,70.66693342822266,2417,2417,14.89,low,Lower-rail spin candidate 2417 RPM is below the 9-iron plausibility floor (6144 RPM),,,False,ops_transition,,-5.5999999993015095,14632.01880455017
2026-07-17,39,11:52:07,9Iron,,,session_20260717_114744_home.jsonl,10,yes,4096,110.1,85.0,5600.620000000006,18.555999999999994,0.23400000000000085,-2.223,,,153.3,109.8,80.0,4187.0,0.7,1.37,159.4,107.22230677221681,80.03488425732424,2417,2417,6.38,low,Lower-rail spin candidate 2417 RPM is below the 9-iron plausibility floor (5813 RPM),,,False,ops_transition,,-2.3999999993015138,16754.75263595581
2026-07-17,40,11:52:27,9Iron,,,session_20260717_114744_home.jsonl,11,yes,4096,107.6,87.3,6700.18,21.69899999999999,4.244999999999999,-3.813,,,144.7,107.1,86.1,5627.0,0.7,1.24,154.2,103.96388909252931,86.1444174067383,0,9668,1.13,"SNR too low (1.13, need 2.5)","SNR too low (1.13, need 2.5)",,,False,sound_trigger,speed_delta_below_threshold,0.0,16036.847591400146
2026-07-17,41,11:54:04,7Iron,,,session_20260717_115322_home.jsonl,1,yes,4096,110.3,83.9,4348.09,14.590999999999983,-0.8689999999999981,,,,156.3,110.2,84.5,3926.0,0.7,1.3,162.1,107.73143453466798,84.51520856689454,0,5713,0.78,"SNR too low (0.78, need 2.5)","SNR too low (0.78, need 2.5)",,,False,ops_transition,,-2.933333332634845,14974.716186523438
2026-07-17,42,11:54:23,7Iron,,,session_20260717_115322_home.jsonl,2,yes,4096,106.6,90.8,9511.489999999998,9.333000000000002,12.920999999999992,-2.788,,,100.6,107.0,86.8,1838.0,0.7,1.23,150.5,105.49127237988283,86.7553707216797,0,10107,1.61,"SNR too low (1.61, need 2.5)","SNR too low (1.61, need 2.5)",,,False,ops_transition,,-6.6666666659681795,15900.638103485107
2026-07-17,43,11:55:00,7Iron,,,session_20260717_115322_home.jsonl,3,yes,4096,114.4,88.5,4986.209999999994,13.807999999999995,1.7300000000000006,,,,162.0,114.5,85.7,,,1.34,172.0,112.10993329174806,85.73711519677735,0,5493,1.27,"SNR too low (1.27, need 2.5)","SNR too low (1.27, need 2.5)",,,False,ops_transition,,-4.5333333326348395,15021.634101867676
2026-07-17,44,11:55:21,7Iron,,,session_20260717_115322_home.jsonl,4,yes,4096,116.7,88.7,4990.059999999996,14.848999999999997,3.2810000000000006,-6.577,,,167.3,116.6,86.7,4311.0,0.7,1.35,179.4,114.14644434155275,86.65354516918947,2417,2417,8.74,low,Lower-rail spin candidate 2417 RPM is below the 7-iron plausibility floor (4438 RPM),,,False,ops_transition,,-3.4666666659681766,17551.49245262146
2026-07-17,45,11:55:41,7Iron,,,session_20260717_115322_home.jsonl,5,yes,4096,117.8,89.9,4986.939999999991,16.127999999999997,4.732999999999999,-3.312,,,170.5,117.7,86.2,4376.0,0.7,1.36,182.1,115.1646998664551,86.24624295922852,2417,2417,20.76,low,Lower-rail spin candidate 2417 RPM is below the 7-iron plausibility floor (4423 RPM),,,False,ops_transition,,-1.8666666677871717,16879.361152648926
2026-07-17,46,11:55:59,7Iron,,,session_20260717_115322_home.jsonl,6,yes,4096,121.7,87.5,4654.569999999993,15.296999999999995,-1.1449999999999967,-6.681,,,178.0,121.2,89.6,,,1.35,188.6,118.93224530859376,89.60648619140626,2417,2417,7.95,low,Lower-rail spin candidate 2417 RPM is below the 7-iron plausibility floor (4366 RPM),,,False,ops_transition,,-6.666666667787169,14189.404487609863
2026-07-17,47,11:56:26,7Iron,,,session_20260717_115322_home.jsonl,7,yes,4096,115.8,82.6,4088.079999999997,14.154999999999982,-0.8739999999999934,-6.323,,,164.2,116.2,84.9,3775.0,0.7,1.37,177.6,113.94279323657227,84.92251077685548,0,5933,0.82,"SNR too low (0.82, need 2.5)","SNR too low (0.82, need 2.5)",,,False,ops_transition,,-4.533333334453829,24021.493434906006
2026-07-17,48,11:56:51,7Iron,,,session_20260717_115322_home.jsonl,8,yes,4096,107.2,0.0,3766.089999999993,17.04999999999997,1.228000000000003,,,,155.1,106.9,86.2,4035.0,0.7,1.24,153.4,104.37119130249025,86.24624295922852,3735,3735,3.78,low,,,,False,sound_trigger,speed_delta_below_threshold,0.0,21340.609073638916
2026-07-17,49,11:57:29,7Iron,,,session_20260717_115322_home.jsonl,9,yes,4096,119.7,90.0,4943.599999999992,13.912999999999993,1.381,-4.767,,,173.0,119.1,90.7,2319.0,0.7,1.31,183.1,117.40486202124025,90.72656726879885,0,5713,0.52,"SNR too low (0.52, need 2.5)","SNR too low (0.52, need 2.5)",,,False,ops_transition,,-5.5999999993015095,14181.060314178467
2026-07-17,50,11:57:54,7Iron,,,session_20260717_115322_home.jsonl,10,yes,4096,118.9,86.5,4211.609999999999,13.188999999999988,-0.4299999999999973,,,,172.3,118.5,84.4,3489.0,0.7,1.4,183.3,116.3866064963379,84.4133830144043,0,5054,0.98,"SNR too low (0.98, need 2.5)","SNR too low (0.98, need 2.5)",,,False,ops_transition,,-5.5999999993015095,21979.56347465515
2026-07-17,51,12:00:08,7Iron,,,session_20260717_115322_home.jsonl,11,yes,4096,113.7,83.3,3705.1899999999923,11.667999999999969,-1.90699999999999,-7.965,,,157.9,114.1,88.5,,,1.29,169.8,111.90628218676758,88.48640511401368,0,5713,1.56,"SNR too low (1.56, need 2.5)","SNR too low (1.56, need 2.5)",,,False,ops_transition,,-2.3999999993015138,20233.448266983032
2026-07-17,52,12:00:28,7Iron,,,session_20260717_115322_home.jsonl,12,yes,4096,107.0,0.0,8794.91,6.6529999999999925,19.26599999999999,,,,82.6,107.6,85.6,,,1.26,153.6,105.08397016992188,85.63528964428713,0,5054,2.26,"SNR too low (2.26, need 2.5)","SNR too low (2.26, need 2.5)",2417,14.56,False,ops_transition,,-4.5333333326348395,17408.095121383667
2026-07-17,53,12:00:44,7Iron,,,session_20260717_115322_home.jsonl,13,yes,4096,110.2,86.5,5751.679999999997,15.07300000000001,3.3580000000000005,,,,151.6,110.0,82.9,3762.0,0.7,1.33,161.4,107.62960898217774,82.88599972705079,2417,2417,11.58,low,Lower-rail spin candidate 2417 RPM is below the 7-iron plausibility floor (4536 RPM),,,False,ops_transition,,-9.333333332634844,12224.068880081177
2026-07-17,54,12:01:06,7Iron,,,session_20260717_115322_home.jsonl,14,yes,4096,116.5,87.7,4780.059999999995,15.63299999999998,-1.6249999999999991,-2.588,,,168.8,116.1,85.8,4099.0,0.7,1.35,177.9,113.7391421315918,85.83894074926759,0,6812,0.65,"SNR too low (0.65, need 2.5)","SNR too low (0.65, need 2.5)",,,False,ops_transition,,-5.066666665968171,18248.125314712524
2026-07-17,55,12:03:04,5Iron,,,session_20260717_115322_home.jsonl,15,yes,4096,131.4,90.6,3499.159999999993,11.92599999999999,-1.0309999999999986,,,,201.8,131.3,94.1,3536.0,0.7,1.4,216.3,129.31845166259765,94.08681050097657,2417,2417,12.12,low,Lower-rail spin candidate 2417 RPM kept as diagnostic only,,,False,ops_transition,,7.199999998879505,20632.487535476685
2026-07-17,56,12:03:26,5Iron,,,session_20260717_115322_home.jsonl,16,yes,4096,114.9,90.9,8468.38,2.6459999999999955,10.544999999999996,,,,60.8,116.6,91.3,624.0,0.7,1.28,175.2,115.77565318139649,91.33752058374024,2417,2417,5.86,low,Lower-rail spin candidate 2417 RPM kept as diagnostic only,,,False,ops_transition,,-5.066666665968178,19000.890016555786
2026-07-17,57,12:03:44,5Iron,,,session_20260717_115322_home.jsonl,17,yes,4096,103.5,0.0,2201.2299999999973,4.683000000000001,-1.278,,,,34.5,103.1,84.8,,,1.22,138.1,102.74198246264649,84.82068522436525,0,7910,1.52,"SNR too low (1.52, need 2.5)","SNR too low (1.52, need 2.5)",,,False,ops_transition,,1.3333333340318347,13208.183288574219
2026-07-17,58,12:04:31,5Iron,,,session_20260717_115322_home.jsonl,18,yes,4096,122.6,91.0,4352.709999999998,12.43999999999999,6.509999999999995,,,,178.3,122.2,92.8,3110.0,0.7,1.32,193.3,120.25597749096681,92.76307831860353,2417,2417,16.38,low,Lower-rail spin candidate 2417 RPM kept as diagnostic only,,,False,ops_transition,,-5.5999999993015095,18216.400861740112
2026-07-17,59,12:04:54,5Iron,,,session_20260717_115322_home.jsonl,19,yes,4096,79.8,0.0,5734.5899999999965,4.967000000000003,14.657999999999989,,,,14.8,79.0,52.5,,,1.5,101.4,74.84178108032226,52.54198508496094,0,2417,5.87,"Too few seam cycles (2.0, need 2)","Too few seam cycles (2.0, need 2)",,,False,ops_transition,,-22.133333332634848,20208.231449127197
2026-07-17,60,12:05:28,5Iron,,,session_20260717_115322_home.jsonl,20,yes,4096,120.4,90.9,5242.699999999993,17.143999999999973,8.672999999999993,-2.968,,,172.5,119.7,81.5,,,1.47,189.0,117.09938536376954,81.46044199218751,2417,2417,9.08,low,Lower-rail spin candidate 2417 RPM kept as diagnostic only,,,False,ops_transition,,-1.8666666659681823,11298.249006271362
2026-07-17,61,12:05:54,5Iron,,,,,no,,99.3,0.0,7716.839999999999,19.130999999999993,9.048999999999996,,,,125.1,,,,,,,,,,,,,,,,,,,,
2026-07-17,62,12:07:54,5Iron,,,session_20260717_120737_home.jsonl,1,yes,4096,124.9,90.4,3721.5799999999867,12.62799999999997,2.395999999999999,,,,188.3,124.4,92.4,3032.0,0.7,1.35,198.6,122.49613964575197,92.35577610864259,2417,2417,12.02,low,Lower-rail spin candidate 2417 RPM kept as diagnostic only,,,False,ops_transition,,-5.5999999993015095,11323.845386505127
2026-07-17,63,12:08:24,5Iron,,,session_20260717_120737_home.jsonl,2,yes,4096,131.7,92.0,3566.090000000006,11.412000000000003,-1.9909999999999997,-5.439,,,200.4,131.1,93.1,3130.0,0.7,1.41,215.2,129.21662611010743,93.06855497607422,2417,2417,7.18,low,Lower-rail spin candidate 2417 RPM kept as diagnostic only,,,False,ops_transition,,-3.466666667787166,9897.39441871643
2026-07-17,64,12:08:50,5Iron,,,session_20260717_120737_home.jsonl,3,yes,4096,129.7,92.3,4522.589999999996,13.694999999999984,3.666,-4.875,,,194.0,129.4,91.5,,,1.41,210.8,127.28194061279298,91.54117168872071,2417,2417,16.65,low,Lower-rail spin candidate 2417 RPM kept as diagnostic only,,,False,ops_transition,,-4.533333334453829,11636.940479278564
2026-07-17,65,12:09:11,5Iron,,,session_20260717_120737_home.jsonl,4,yes,4096,127.9,92.3,3079.0800000000063,9.534000000000018,-2.024000000000004,-2.108,,,185.9,127.9,92.3,2522.0,0.7,1.39,206.7,126.26368508789064,92.25395055615236,0,2417,4.94,"Lower-rail peak at 2417 RPM (mod 0.8686, SNR 4.9, envelope-drift leakage suspected)","Lower-rail peak at 2417 RPM (mod 0.8686, SNR 4.9, envelope-drift leakage suspected)",,,False,ops_transition,,-2.3999999993015138,18137.254238128662
2026-07-17,66,12:09:38,5Iron,,,session_20260717_120737_home.jsonl,5,yes,4096,96.3,0.0,8369.71,10.544999999999991,19.238999999999987,,,,87.5,95.9,77.9,2521.0,0.7,1.23,128.3,93.8831593959961,77.89654765502931,0,4395,1.41,"SNR too low (1.41, need 2.5)","SNR too low (1.41, need 2.5)",,,False,sound_trigger,speed_delta_below_threshold,0.0,10022.242307662964
2026-07-17,67,12:10:40,5Iron,,,session_20260717_120737_home.jsonl,6,yes,4096,107.3,0.0,1983.0099999999968,11.300999999999949,-4.589999999999965,,,,122.7,108.6,73.4,,,1.48,158.0,105.59309793237306,73.416223345459,0,5493,1.46,"SNR too low (1.46, need 2.5)","SNR too low (1.46, need 2.5)",,,False,ops_transition,,-0.799999999301491,19959.389448165894
2026-07-17,68,12:10:56,5Iron,,,session_20260717_120737_home.jsonl,7,yes,4096,106.5,0.0,7337.689999999997,17.96899999999999,15.58899999999999,,,,131.2,105.2,83.5,2325.0,0.7,1.26,147.4,103.3529357775879,83.4969530419922,4614,4614,2.56,low,,,,False,ops_transition,,-3.466666667787166,12337.87989616394
2026-07-17,69,12:11:18,5Iron,,,session_20260717_120737_home.jsonl,8,yes,4096,131.8,91.9,3106.419999999996,8.87999999999998,-3.2119999999999886,-5.99,,,183.8,131.9,91.9,1956.0,0.7,1.43,215.7,130.43853273999025,91.94847389868166,4834,4834,3.38,low,,,,False,ops_transition,,-3.4666666659681766,11655.323266983032
2026-07-17,70,12:12:05,SandWedge,,,session_20260717_120737_home.jsonl,9,yes,4096,64.6,0.0,9531.269999999997,25.881999999999998,13.019,,,,67.2,67.0,50.7,3296,0.8,1.32,90.1,62.113587019042974,50.70912514013673,3296,3296,8.2,high,,,,False,sound_trigger,speed_delta_below_threshold,0.0,12472.639799118042
2026-07-17,71,12:12:23,SandWedge,,,session_20260717_120737_home.jsonl,10,yes,4096,82.0,78.0,9889.480000000001,29.326999999999998,-1.7739999999999996,-4.24,,,96.3,82.3,55.4,5953.0,0.7,1.49,110.8,78.10019876000976,55.39310055468751,0,6372,0.82,"SNR too low (0.82, need 2.5)","SNR too low (0.82, need 2.5)",,,False,ops_transition,,-12.533333334453829,15019.732475280762
2026-07-17,72,12:12:58,SandWedge,,,session_20260717_120737_home.jsonl,11,yes,4096,79.2,0.0,6232.609999999993,1.5149999999999944,16.413999999999994,,,,10.7,79.0,53.5,,,1.48,96.7,78.71115207495119,53.45841505737305,0,11426,0.91,"SNR too low (0.91, need 2.5)","SNR too low (0.91, need 2.5)",,,False,ops_transition,,-12.53333333263484,12788.153171539307
2026-07-17,73,12:13:21,SandWedge,,,session_20260717_120737_home.jsonl,12,yes,4096,77.3,74.9,10214.470000000005,29.942000000000014,0.26400000000000007,-5.685,,,89.0,78.4,52.5,,,1.49,105.6,73.51804889794921,52.54198508496094,0,10986,1.44,"SNR too low (1.44, need 2.5)","SNR too low (1.44, need 2.5)",,,False,ops_transition,,-11.466666667787166,13723.65427017212
2026-07-17,74,12:13:52,SandWedge,,,session_20260717_120737_home.jsonl,13,yes,4096,71.4,74.9,9931.319999999998,30.744999999999997,-0.07500000000000008,,,,80.0,74.3,47.0,5498.0,0.7,1.58,100.2,69.95415456079101,47.043405250488284,4395,4395,3.87,low,,,,False,ops_transition,,-23.73333333445383,10953.20987701416
2026-07-17,75,12:14:15,SandWedge,,,session_20260717_120737_home.jsonl,14,yes,4096,63.2,0.0,10174.17,26.976,17.467000000000006,,,,64.8,76.3,48.7,,,1.57,102.4,71.27788674316406,48.67261409033204,0,,0.0,"Ball signal too short (429 samples, need 600)","Ball signal too short (429 samples, need 600)",,,False,ops_transition,,-22.66666666778717,11832.137107849121
2026-07-17,76,12:14:40,SandWedge,,,session_20260717_120737_home.jsonl,15,yes,4096,76.6,67.1,8024.839999999995,28.018999999999988,-3.468999999999998,-6.919,,,90.0,77.1,51.0,5400.0,0.7,1.51,103.5,73.00892113549804,51.014601797607426,3735,3735,3.35,low,,,,False,ops_transition,,-11.466666665968177,9565.909385681152
2026-07-17,77,12:15:12,SandWedge,,,session_20260717_120737_home.jsonl,16,yes,4096,73.2,73.4,10288.419999999998,30.037999999999993,2.48,-7.475,,,82.7,75.4,48.0,4175,0.3,1.57,102.0,70.66693342822266,47.959835222900395,4175,4175,3.67,low,,,,False,ops_transition,,-22.133333332634848,12793.688297271729
2026-07-17,78,12:16:02,SandWedge,,,session_20260717_120737_home.jsonl,17,yes,4096,77.3,73.1,9412.32,28.917000000000012,-1.7720000000000002,-7.002,,,89.9,77.9,50.5,5612.0,0.7,1.54,104.9,73.72170000292968,50.505474035156254,4614,4614,2.58,low,,,,False,ops_transition,,-19.466666665968177,11275.264024734497
2026-07-17,79,12:16:17,SandWedge,,,session_20260717_120737_home.jsonl,18,yes,4096,78.6,77.6,9397.159999999994,29.544,-0.9839999999999992,-4.172,,,91.6,79.2,55.9,5790.0,0.7,1.42,106.7,74.94360663281252,55.90222831713868,0,9009,0.67,"SNR too low (0.67, need 2.5)","SNR too low (0.67, need 2.5)",,,False,sound_trigger,speed_delta_below_threshold,0.0,10997.682094573975
2026-07-17,80,12:16:45,SandWedge,,,,,no,,76.7,0.0,8026.989999999997,29.72399999999999,-0.748000000000001,,,,89.8,,,,,,,,,,,,,,,,,,,,
2026-07-17,81,12:18:18,Driver,,,session_20260717_121802_home.jsonl,1,yes,4096,140.4,105.8,3568.4400000000023,19.501999999999974,-1.9069999999999987,3.359,,,223.4,139.6,100.2,6978.0,0.7,1.39,235.8,136.64989144189454,100.19634365039063,0,4395,2.45,"SNR too low (2.45, need 2.5)","SNR too low (2.45, need 2.5)",2417,11.34,False,ops_transition,,0.26666666554618246,19995.630264282227
2026-07-17,82,12:18:54,Driver,,,session_20260717_121802_home.jsonl,2,yes,4096,150.4,107.4,1831.3099999999954,13.600000000000001,-5.430999999999998,2.814,,,238.5,151.8,100.6,11278.0,0.7,1.51,263.2,148.15617887329103,100.60364586035158,3296,3296,3.54,low,,,,False,ops_transition,,-5.600000001120499,11879.161834716797
2026-07-17,83,12:19:29,Driver,,,session_20260717_121802_home.jsonl,3,yes,4096,159.9,109.5,1896.4999999999893,11.264999999999931,-2.7289999999999814,3.145,,,261.1,159.9,107.0,4157.0,0.7,1.49,287.9,157.93143191235353,107.01865566723635,3076,3076,3.27,low,,,,False,ops_transition,,1.3333333340318347,21349.75838661194
2026-07-17,84,12:20:19,Driver,,,session_20260717_121802_home.jsonl,4,yes,4096,160.8,109.5,2672.7999999999915,10.865999999999948,-3.168999999999998,3.728,,,268.8,161.2,107.4,4403.0,0.7,1.5,288.0,159.25516409472658,107.42595787719728,0,2637,3.61,"Lower-rail peak at 2637 RPM (mod 0.5049, SNR 3.6, envelope-drift leakage suspected)","Lower-rail peak at 2637 RPM (mod 0.5049, SNR 3.6, envelope-drift leakage suspected)",,,False,ops_transition,,-6.133333332634841,12476.751565933228
2026-07-17,85,12:20:54,Driver,,,session_20260717_121802_home.jsonl,5,yes,4096,156.2,109.2,2652.469999999997,6.214999999999975,-6.1499999999999915,3.928,,,232.2,156.1,110.5,2594.0,0.7,1.41,278.0,154.57118868017577,110.48072445190431,0,3076,1.46,"SNR too low (1.46, need 2.5)","SNR too low (1.46, need 2.5)",,,False,sound_trigger,no_club_transition_candidate,0.0,15267.486333847046
2026-07-17,86,12:21:44,Driver,,,session_20260717_121802_home.jsonl,6,yes,4096,152.4,110.0,3533.559999999998,9.191999999999986,-4.139000000000005,3.334,,,239.8,154.1,105.7,9280.0,0.7,1.46,270.2,150.90546879052738,105.6949234848633,0,6152,1.1,"SNR too low (1.10, need 2.5)","SNR too low (1.10, need 2.5)",,,False,ops_transition,,-2.400000001120489,14403.56183052063
2026-07-17,87,12:22:20,Driver,,,session_20260717_121802_home.jsonl,7,yes,4096,151.8,111.6,3662.499999999992,15.532999999999989,-3.252000000000002,2.046,,,243.1,150.8,107.5,5384.0,0.7,1.4,265.0,148.4616555307617,107.52778342968752,2417,2417,9.54,low,Lower-rail spin candidate 2417 RPM kept as diagnostic only,,,False,ops_transition,,0.26666666554618246,16136.611700057983
2026-07-17,88,12:22:57,Driver,,,session_20260717_121802_home.jsonl,8,yes,4096,156.9,109.4,2045.4299999999903,13.584999999999974,-2.4269999999999956,3.435,,,266.9,158.2,104.8,11319.0,0.7,1.51,278.8,154.67301423266602,104.77849351245118,4175,4175,5.41,medium,,,,False,ops_transition,,-3.999999999301508,15244.224786758423
2026-07-17,89,12:23:31,Driver,,,session_20260717_121802_home.jsonl,9,yes,4096,153.3,109.6,2023.369999999985,14.128999999999941,-2.952999999999989,2.338,,,260.1,152.7,104.3,4935.0,0.7,1.46,269.9,150.4981665805664,104.26936575,0,3955,1.7,"SNR too low (1.70, need 2.5)","SNR too low (1.70, need 2.5)",,,False,ops_transition,,-2.9333333344538346,17385.00428199768
2026-07-17,90,12:24:15,Driver,,,session_20260717_121802_home.jsonl,10,yes,4096,158.2,109.3,2561.9899999999925,11.635999999999974,-2.6240000000000014,2.815,,,265.4,158.0,105.4,4516.0,0.7,1.5,283.2,155.9967464150391,105.38944682739259,3296,3296,3.52,low,,,,False,ops_transition,,-0.8000000011204946,11726.497650146484
2026-07-17,91,12:24:46,Driver,,,session_20260717_121802_home.jsonl,11,yes,4096,156.4,109.0,2885.839999999999,13.045999999999998,-1.782000000000001,3.534,,,262.0,156.2,105.7,4944.0,0.7,1.48,278.5,154.0620609177246,105.6949234848633,3516,3516,3.13,low,,,,False,ops_transition,,-0.266666667787149,26562.578201293945
2026-07-17,92,12:25:35,Driver,,,session_20260717_121802_home.jsonl,12,yes,4096,160.0,111.1,2173.5699999999983,12.361,-3.435,4.557,,,271.3,160.1,106.0,4515.0,0.7,1.51,287.9,158.03325746484379,106.000400142334,0,3076,2.47,"SNR too low (2.47, need 2.5)","SNR too low (2.47, need 2.5)",4175,3.92,False,ops_transition,,-5.600000001120492,13331.213235855103
2026-07-17,93,12:26:04,Driver,,,session_20260717_121802_home.jsonl,13,yes,4096,159.7,109.5,2760.3399999999897,14.429999999999952,-1.0940000000000014,3.358,,,271.8,158.9,105.8,4992.0,0.7,1.5,284.8,156.7095252824707,105.79674903735352,0,2417,2.06,"Lower-rail peak at 2417 RPM (mod 0.4613, SNR 2.1, envelope-drift leakage suspected)","Lower-rail peak at 2417 RPM (mod 0.4613, SNR 2.1, envelope-drift leakage suspected)",,,False,ops_transition,,-1.3333333326348367,26018.680095672607
2026-07-17,94,12:26:34,Driver,,,session_20260717_121802_home.jsonl,14,yes,4096,162.5,111.2,2195.1299999999883,10.788999999999971,-4.407999999999997,3.629,,,270.5,163.0,111.5,3720.0,0.7,1.46,288.4,161.189849592041,111.49897997680665,0,6152,1.08,"SNR too low (1.08, need 2.5)","SNR too low (1.08, need 2.5)",,,False,ops_transition,,7.19999999887952,18068.161249160767
2026-07-17,95,12:27:00,Driver,,,session_20260717_121802_home.jsonl,15,yes,4096,155.9,111.8,2964.2799999999984,6.653999999999975,-4.795999999999999,4.479,,,243.4,158.2,106.5,11745.0,0.7,1.49,278.5,154.57118868017577,106.50952790478517,0,2856,3.58,"Too few seam cycles (2.0, need 2)","Too few seam cycles (2.0, need 2)",,,False,ops_transition,,1.8666666673651662,13845.86787223816
2026-07-22,1,2026-07-22T12:10:50.654-04:00,9Iron,good,high,session_20260722_120946_trackman.jsonl,1,yes,4096,96.2,77.7,6389.0,21.403,3.912,-7.989,4.045,3.876,129.2,96.6,64.2,,,,,92.966729423584,64.15009806884765,2417,2417,9.52,low,Lower-rail spin candidate 2417 RPM is below the 9-iron plausibility floor (6144 RPM),,,False,ops_transition,,-6.666666666422927,20672.2731590271
2026-07-22,2,2026-07-22T12:11:13.997-04:00,9Iron,good,high,session_20260722_120946_trackman.jsonl,2,yes,4096,99.0,81.7,6603.0,19.696,5.697,-6.022,2.249,6.719,133.2,99.5,66.0,,,,,96.02149599829103,65.98295801367188,2417,2417,14.39,low,Lower-rail spin candidate 2417 RPM is below the 9-iron plausibility floor (6144 RPM),,,False,ops_transition,,-4.000000000211003,11784.833908081055
2026-07-22,3,2026-07-22T12:11:54.372-04:00,9Iron,shank,high,session_20260722_120946_trackman.jsonl,3,yes,4096,81.7,,9506.0,16.538,22.142,,2.93,29.709,79.8,83.2,56.5,,,,,79.01662873242189,56.513181632080084,0,8789,0.79,"SNR too low (0.79, need 2.5)","SNR too low (0.79, need 2.5)",,,False,ops_transition,,-20.533333333544334,8834.028720855713
2026-07-22,4,2026-07-22T12:12:14.795-04:00,9Iron,good,high,session_20260722_120946_trackman.jsonl,4,yes,4096,109.7,83.1,6490.0,20.259,-1.315,-3.684,0.301,-1.775,153.4,109.4,72.1,,,,,106.3058767998047,72.09249116308595,0,8130,1.7,"SNR too low (1.70, need 2.5)","SNR too low (1.70, need 2.5)",,,False,ops_transition,,-5.600000000211004,20223.01483154297
2026-07-22,5,2026-07-22T12:13:15.895-04:00,9Iron,good,high,session_20260722_120946_trackman.jsonl,5,yes,4096,111.2,83.9,6068.0,20.83,-1.667,-5.735,2.677,-2.688,157.4,110.3,83.6,,,,,107.62960898217774,83.59877859448244,0,10767,1.93,"SNR too low (1.93, need 2.5)","SNR too low (1.93, need 2.5)",5933,2.23,False,ops_transition,,-4.000000000211003,12471.550464630127
2026-07-22,6,2026-07-22T12:15:06.837-04:00,9Iron,good,high,session_20260722_121448_trackman.jsonl,1,yes,4096,100.7,81.3,6747.0,21.444,-0.728,-3.386,1.686,-1.493,136.5,100.4,82.1,,,,,97.1415770756836,82.07139530712892,0,9888,1.28,"SNR too low (1.28, need 2.5)","SNR too low (1.28, need 2.5)",,,False,sound_trigger,speed_delta_below_threshold,0.0,21362.15615272522
2026-07-22,7,2026-07-22T12:15:34.592-04:00,9Iron,shank,high,session_20260722_121448_trackman.jsonl,2,yes,4096,90.0,,6197.0,3.251,21.443,,5.19,26.321,30.8,89.4,60.3,,,,,88.18092845654299,60.28072707421875,0,7910,0.63,"SNR too low (0.63, need 2.5)","SNR too low (0.63, need 2.5)",,,False,ops_transition,,-2.93333333354434,14294.6617603302
2026-07-22,8,2026-07-22T12:15:53.294-04:00,9Iron,good,high,session_20260722_121448_trackman.jsonl,3,yes,4096,105.3,84.6,6252.0,21.874,2.376,-3.442,1.849,2.521,146.4,104.8,71.0,,,,,101.92737804272463,70.97241008569335,0,7690,0.55,"SNR too low (0.55, need 2.5)","SNR too low (0.55, need 2.5)",,,False,ops_transition,,0.26666666645566295,13578.002214431763
2026-07-22,9,2026-07-22T12:16:19.130-04:00,9Iron,good,high,session_20260722_121448_trackman.jsonl,4,yes,4096,100.7,,2828.0,20.613,1.415,,4.841,0.885,147.0,101.7,68.0,,,,,98.26165815307618,68.01946906347656,2417,2417,11.31,low,Lower-rail spin candidate 2417 RPM is below the 9-iron plausibility floor (6144 RPM),,,False,ops_transition,,2.399999999789003,15464.024543762207
2026-07-22,10,2026-07-22T12:16:41.766-04:00,9Iron,good,high,session_20260722_121448_trackman.jsonl,5,yes,4096,111.3,83.5,5856.0,20.248,-1.756,,4.774,-3.596,157.7,110.9,76.8,,,,,107.93508563964845,76.77646657763671,0,10107,0.98,"SNR too low (0.98, need 2.5)","SNR too low (0.98, need 2.5)",,,False,ops_transition,,-2.9333333330895783,21777.376651763916
2026-07-22,11,2026-07-22T12:17:17.293-04:00,9Iron,good,high,session_20260722_121448_trackman.jsonl,6,yes,4096,112.4,84.5,6622.0,21.887,-1.683,-5.399,2.576,-2.753,156.7,111.7,84.5,,,,,108.74969005957033,84.51520856689454,0,4834,2.0,"SNR too low (2.00, need 2.5)","SNR too low (2.00, need 2.5)",2417,14.46,False,ops_transition,,-3.466666666422924,8170.02272605896
2026-07-22,12,2026-07-22T12:24:54.223-04:00,9Iron,good,high,session_20260722_122417_trackman.jsonl,1,yes,4096,96.9,,2513.0,21.383,-2.045,,3.916,-2.679,137.9,96.0,68.3,,,,,92.966729423584,68.32494572094727,6592,6592,2.84,low,,,,False,ops_transition,,3.466666666455666,9222.26333618164
2026-07-22,13,2026-07-22T12:25:20.749-04:00,9Iron,good,high,session_20260722_122417_trackman.jsonl,2,yes,4096,105.8,82.0,5517.0,21.806,1.895,-2.922,2.904,1.647,150.1,104.3,69.9,,,,,101.41825028027345,69.85232900830079,0,10986,1.24,"SNR too low (1.24, need 2.5)","SNR too low (1.24, need 2.5)",,,False,ops_transition,,-0.2666666668776685,7728.666067123413
2026-07-22,14,2026-07-22T12:25:54.561-04:00,9Iron,good,high,session_20260722_122417_trackman.jsonl,3,yes,4096,113.8,82.4,5757.0,20.924,1.313,-3.444,3.329,0.831,163.4,112.1,77.0,,,,,109.15699226953126,76.9801176826172,0,11206,1.2,"SNR too low (1.20, need 2.5)","SNR too low (1.20, need 2.5)",,,False,ops_transition,,-5.066666666877666,32506.269216537476
2026-07-22,15,2026-07-22T12:26:25.655-04:00,9Iron,skull,high,session_20260722_122417_trackman.jsonl,4,yes,4096,102.1,80.5,1982.0,1.393,4.639,,3.844,4.761,19.0,101.4,82.0,,,,,101.11277362280275,81.96956975463868,0,7471,0.51,"SNR too low (0.51, need 2.5)","SNR too low (0.51, need 2.5)",,,False,ops_transition,,-0.2666666659681738,29891.67046546936
2026-07-22,16,2026-07-22T12:26:44.833-04:00,9Iron,good,high,session_20260722_122417_trackman.jsonl,5,yes,4096,106.2,82.6,5770.0,22.989,3.076,-3.019,3.239,3.036,149.6,104.8,70.5,,,,,101.62190138525392,70.46328232324218,0,11206,1.33,"SNR too low (1.33, need 2.5)","SNR too low (1.33, need 2.5)",,,False,ops_transition,,-0.2666666668776685,18522.326946258545
2026-07-22,17,2026-07-22T12:27:14.760-04:00,9Iron,good,high,session_20260722_122417_trackman.jsonl,6,yes,4096,105.8,83.7,4722.0,19.929,-2.115,-3.993,4.086,-3.386,151.9,104.7,77.6,,,,,101.92737804272463,77.59107099755859,9668,9668,2.44,low,,9448,4.65,True,ops_transition,,-1.8666666668776628,14099.038124084473
2026-07-22,18,2026-07-22T12:27:37.828-04:00,9Iron,good,high,session_20260722_122417_trackman.jsonl,7,yes,4096,109.4,85.7,5662.0,22.3,2.764,-4.085,1.683,3.013,155.9,108.0,70.8,,,,,104.88031906494142,70.76875898071289,0,11426,1.31,"SNR too low (1.31, need 2.5)","SNR too low (1.31, need 2.5)",,,False,ops_transition,,1.8666666673651662,10373.469591140747
2026-07-22,19,2026-07-22T12:28:16.666-04:00,9Iron,good,high,session_20260722_122417_trackman.jsonl,8,yes,4096,116.4,87.4,6009.0,21.962,-0.803,-2.791,1.233,-1.297,166.1,114.4,85.5,,,,,111.39715442431641,85.53346409179689,0,6812,0.66,"SNR too low (0.66, need 2.5)","SNR too low (0.66, need 2.5)",,,False,ops_transition,,-0.2666666659681738,25413.065195083618
2026-07-22,20,2026-07-22T12:28:45.324-04:00,9Iron,good,high,session_20260722_122417_trackman.jsonl,9,yes,4096,110.8,86.1,6517.0,24.873,5.054,-2.344,2.6,5.696,152.6,109.4,72.8,,,,,106.000400142334,72.80527003051758,0,7251,0.91,"SNR too low (0.91, need 2.5)","SNR too low (0.91, need 2.5)",,,False,ops_transition,,0.7999999997889944,9125.82540512085
2026-07-22,21,2026-07-22T12:29:21.603-04:00,9Iron,good,high,session_20260722_122417_trackman.jsonl,10,yes,4096,114.6,85.6,5187.0,19.868,-4.098,-2.731,1.194,-5.268,167.5,112.9,85.4,,,,,109.97159668945314,85.43163853930665,0,10986,1.58,"SNR too low (1.58, need 2.5)","SNR too low (1.58, need 2.5)",,,False,ops_transition,,-3.4666666668776713,6802.780866622925
2026-07-22,22,2026-07-22T12:29:43.637-04:00,9Iron,good,high,session_20260722_122417_trackman.jsonl,11,yes,4096,102.5,,2808.0,21.04,-0.841,,3.677,-1.341,153.2,101.7,68.6,,,,,98.8726114680176,68.63042237841798,0,9888,1.23,"SNR too low (1.23, need 2.5)","SNR too low (1.23, need 2.5)",,,False,ops_transition,,0.7999999997889944,20818.307399749756
2026-07-22,23,2026-07-22T12:30:02.047-04:00,9Iron,good,high,session_20260722_122417_trackman.jsonl,12,yes,4096,114.5,87.3,5574.0,21.435,-1.033,-0.519,2.586,-1.946,165.2,112.7,79.2,,,,,109.76794558447267,79.22027983740236,0,10986,1.36,"SNR too low (1.36, need 2.5)","SNR too low (1.36, need 2.5)",,,False,ops_transition,,-4.533333333544334,17559.168815612793
2026-07-22,24,2026-07-22T12:30:52.738-04:00,9Iron,good,high,session_20260722_122417_trackman.jsonl,13,yes,4096,113.5,85.8,6130.0,20.649,-0.179,-6.389,0.279,-0.285,161.4,111.5,73.1,,,,,108.64786450708009,73.1107466879883,0,7690,0.92,"SNR too low (0.92, need 2.5)","SNR too low (0.92, need 2.5)",,,False,ops_transition,,-1.3333333335443314,12588.22250366211
2026-07-22,25,2026-07-22T12:31:26.119-04:00,9Iron,good,high,session_20260722_122417_trackman.jsonl,14,yes,4096,106.1,85.6,5499.0,21.375,4.327,-3.641,1.548,4.991,150.8,104.6,70.2,,,,,101.62190138525392,70.15780566577149,0,9448,1.36,"SNR too low (1.36, need 2.5)","SNR too low (1.36, need 2.5)",,,False,ops_transition,,-2.93333333354434,32412.88661956787
