day,subset,club,tm_launch_angle_deg,ops_ball_speed_mph,dump_path,radar_height_m,radar_height_in,tilt_deg,tee_m,net_m,tx_order,status,selected_angle_deg,consensus_angle_deg,selected_model,confidence,track_speed_mph,n_frames,n_snapshots,direct_only_deg,two8_deg,reciprocal3_no_tdm_deg,four4_path_tdm_deg
0714,block_a_old_enclosure,9Iron,16.77799999999999,96.9,/Users/john.pacino/openflight_sessions/tm_0714/shot_vB_062.l3dump,0.13335,5.25,12.0,1.575,5.2,normal,accepted,17.56774134102553,16.978034332641855,direct_only,high,96.37940407058689,7,25,17.56774134102553,16.66537562139774,17.290693043885966,16.3662166616927
0714,block_a_old_enclosure,9Iron,11.487999999999987,87.6,/Users/john.pacino/openflight_sessions/tm_0714/shot_vB_063.l3dump,0.13335,5.25,12.0,1.575,5.2,normal,accepted,6.90481539815009,12.641439443561321,two8,medium,88.80717635407886,4,16,9.924396795210447,6.90481539815009,16.10637482490134,15.358482091912196
0714,block_a_old_enclosure,9Iron,20.468999999999983,106.7,/Users/john.pacino/openflight_sessions/tm_0714/shot_vB_064.l3dump,0.13335,5.25,12.0,1.575,5.2,normal,accepted,20.44611667577417,20.10570501087058,reciprocal3_no_tdm,high,105.72698063441021,7,22,19.137152284844984,19.765293345966985,20.44611667577417,20.822885183166566
0714,block_a_old_enclosure,9Iron,17.449000000000005,108.0,/Users/john.pacino/openflight_sessions/tm_0714/shot_vB_065.l3dump,0.13335,5.25,12.0,1.575,5.2,normal,accepted,17.41311814169868,17.147900077115075,direct_only,high,106.1831876849244,7,25,17.41311814169868,17.47806298569746,16.882682012531475,15.693295170042393
0714,block_a_old_enclosure,9Iron,21.533999999999995,108.5,/Users/john.pacino/openflight_sessions/tm_0714/shot_vB_066.l3dump,0.13335,5.25,12.0,1.575,5.2,normal,accepted,20.03511553842537,19.037138500502458,four4_path_tdm,medium,107.62977746788948,5,20,18.770885593386044,19.189032686551148,18.885244314453768,20.03511553842537
0714,block_a_old_enclosure,9Iron,21.057999999999993,104.5,/Users/john.pacino/openflight_sessions/tm_0714/shot_vB_067.l3dump,0.13335,5.25,12.0,1.575,5.2,normal,accepted,19.938636646515086,20.24040180665009,direct_only,high,102.60713702345099,6,22,19.938636646515086,20.542166966785096,19.856652974042017,20.77687876856463
0714,block_a_old_enclosure,9Iron,5.689999999999997,106.6,/Users/john.pacino/openflight_sessions/tm_0714/shot_vB_068.l3dump,0.13335,5.25,12.0,1.575,5.2,normal,accepted,-1.1891621159413932,-0.09205989249903979,two8,high,106.40613896323171,5,20,1.0050423309433136,-1.1891621159413932,-1.5196732775206123,7.967703982761295
0714,block_a_old_enclosure,9Iron,21.013999999999996,113.2,/Users/john.pacino/openflight_sessions/tm_0714/shot_vB_069.l3dump,0.13335,5.25,12.0,1.575,5.2,normal,accepted,21.31248947895198,20.857411803961078,direct_only,low,112.41052938843261,7,19,21.31248947895198,21.56099755736204,20.25992407976784,20.40233412897017
0714,block_a_old_enclosure,9Iron,22.12999999999998,105.3,/Users/john.pacino/openflight_sessions/tm_0714/shot_vB_070.l3dump,0.13335,5.25,12.0,1.575,5.2,normal,accepted,22.069661443936248,21.435235614797985,direct_only,high,104.71249169158841,7,22,22.069661443936248,21.910140960711693,20.960330268884277,19.757182540898448
0714,block_a_old_enclosure,9Iron,21.279999999999987,107.1,/Users/john.pacino/openflight_sessions/tm_0714/shot_vB_071.l3dump,0.13335,5.25,12.0,1.575,5.2,normal,accepted,19.668774374615715,19.339585401348913,direct_only,high,106.99061756541879,6,18,19.668774374615715,20.245598814608016,19.010396428082107,18.841732183454127
0714,block_a_old_enclosure,7Iron,1.6789999999999963,77.1,/Users/john.pacino/openflight_sessions/tm_0714/shot_vB_072.l3dump,0.13335,5.25,12.0,1.575,5.2,normal,accepted,3.3033839075041955,8.570575772896479,two8,high,76.08501588408703,8,29,8.481201302409179,3.3033839075041955,8.659950243383777,10.242130530567104
0714,block_a_old_enclosure,7Iron,18.677999999999987,109.8,/Users/john.pacino/openflight_sessions/tm_0714/shot_vB_073.l3dump,0.13335,5.25,12.0,1.575,5.2,normal,accepted,18.816379566963217,18.72812482811956,direct_only,high,109.49639866541753,6,20,18.816379566963217,18.639870089275902,18.846981257890597,18.577999963613816
0714,block_a_old_enclosure,7Iron,16.30699999999998,117.2,/Users/john.pacino/openflight_sessions/tm_0714/shot_vB_074.l3dump,0.13335,5.25,12.0,1.575,5.2,normal,accepted,16.55248492486531,15.478565522812456,direct_only,high,116.23352113313534,6,18,16.55248492486531,16.507147573467858,14.449983472157056,12.920362401043608
0714,block_a_old_enclosure,7Iron,17.240999999999993,114.4,/Users/john.pacino/openflight_sessions/tm_0714/shot_vB_075.l3dump,0.13335,5.25,12.0,1.575,5.2,normal,accepted,18.056425888837577,17.536326215621173,direct_only,high,114.19845882152494,7,22,18.056425888837577,18.19294278637354,16.8740211003759,17.016226542404766
0714,block_a_old_enclosure,7Iron,12.092000000000013,101.8,/Users/john.pacino/openflight_sessions/tm_0714/shot_vB_076.l3dump,0.13335,5.25,12.0,1.575,5.2,normal,accepted,10.856874674544317,12.60397817396625,direct_only,high,101.4782903707488,6,21,10.856874674544317,10.883466702107183,15.2329260330951,14.324489645825317
0714,block_a_old_enclosure,7Iron,13.927999999999987,101.4,/Users/john.pacino/openflight_sessions/tm_0714/shot_vB_077.l3dump,0.13335,5.25,12.0,1.575,5.2,normal,accepted,13.895541119485053,16.29413184968315,direct_only,medium,101.36078955487612,6,19,13.895541119485053,11.550699595563081,18.69272257988125,19.188376516836325
0714,block_a_old_enclosure,7Iron,6.121999999999985,71.0,/Users/john.pacino/openflight_sessions/tm_0714/shot_vB_078.l3dump,0.13335,5.25,12.0,1.575,5.2,normal,accepted,-1.8201201302016767,-1.6881575792030121,reciprocal3_no_tdm,high,68.53131249109151,5,20,-1.5561950282043473,-2.5048999543464237,-1.8201201302016767,9.75910570953072
0714,block_a_old_enclosure,7Iron,15.657999999999998,108.2,/Users/john.pacino/openflight_sessions/tm_0714/shot_vB_079.l3dump,0.13335,5.25,12.0,1.575,5.2,normal,accepted,12.228474738553421,13.432636596949877,four4_path_tdm,medium,105.81490460027084,7,23,13.953289584430625,12.91198360946913,14.632472485672192,12.228474738553421
0714,block_a_old_enclosure,7Iron,14.687999999999988,103.4,/Users/john.pacino/openflight_sessions/tm_0714/shot_vB_080.l3dump,0.13335,5.25,12.0,1.575,5.2,normal,rejected_track_quality,,,,withheld,101.14832764207878,0,0,,,,
0714,block_a_old_enclosure,7Iron,9.146999999999982,106.5,/Users/john.pacino/openflight_sessions/tm_0714/shot_vB_081.l3dump,0.13335,5.25,12.0,1.575,5.2,normal,accepted,7.486985824662875,8.106032351420883,direct_only,high,105.38835233264828,6,22,7.486985824662875,8.059156958358773,11.987999700337866,8.15290774448299
0714,block_a_old_enclosure,7Iron,17.27599999999998,105.6,/Users/john.pacino/openflight_sessions/tm_0714/shot_vB_082.l3dump,0.13335,5.25,12.0,1.575,5.2,normal,accepted,16.255276392379894,17.079679647235658,direct_only,high,104.31702890954612,6,23,16.255276392379894,15.28637081559273,17.904082902091417,19.07828787856952
0714,block_a_old_enclosure,7Iron,18.87599999999999,108.5,/Users/john.pacino/openflight_sessions/tm_0714/shot_vB_083.l3dump,0.13335,5.25,12.0,1.575,5.2,normal,accepted,18.13405398202692,17.216981969483975,four4_path_tdm,medium,107.61742893471872,5,20,16.84984892317009,16.110926475630503,17.58411501579786,18.13405398202692
0714,block_a_old_enclosure,7Iron,16.949999999999992,118.6,/Users/john.pacino/openflight_sessions/tm_0714/shot_vB_084.l3dump,0.13335,5.25,12.0,1.575,5.2,normal,accepted,16.567634425587283,14.65580379413292,direct_only,medium,118.32267526657873,4,16,16.567634425587283,14.783408155412582,14.528199432853258,13.84120577088523
0714,block_a_old_enclosure,5Iron,14.677,109.3,/Users/john.pacino/openflight_sessions/tm_0714/shot_vB_086.l3dump,0.13335,5.25,12.0,1.575,5.2,normal,rejected_track_quality,,,,withheld,106.32515524075211,0,0,,,,
0714,block_a_old_enclosure,5Iron,15.406999999999991,115.2,/Users/john.pacino/openflight_sessions/tm_0714/shot_vB_087.l3dump,0.13335,5.25,12.0,1.575,5.2,normal,accepted,16.196145300437127,16.033484931956522,direct_only,high,114.36159135414191,6,20,16.196145300437127,15.89117314822453,16.175796715688513,12.730091591409126
0714,block_a_old_enclosure,5Iron,0.5110000000000001,87.4,/Users/john.pacino/openflight_sessions/tm_0714/shot_vB_088.l3dump,0.13335,5.25,12.0,1.575,5.2,normal,accepted,1.1415187537154945,1.7512698479386086,two8,high,96.20403859275085,6,24,-5.0,1.1415187537154945,2.3610209421617228,12.082638669802602
0714,block_a_old_enclosure,5Iron,15.646999999999995,120.2,/Users/john.pacino/openflight_sessions/tm_0714/shot_vB_089.l3dump,0.13335,5.25,12.0,1.575,5.2,normal,rejected_track_quality,,,,withheld,96.01072339639958,0,0,,,,
0714,block_a_old_enclosure,5Iron,12.959999999999992,118.3,/Users/john.pacino/openflight_sessions/tm_0714/shot_vB_090.l3dump,0.13335,5.25,12.0,1.575,5.2,normal,rejected_track_quality,,,,withheld,113.10588395483916,0,0,,,,
0714,block_a_old_enclosure,5Iron,9.892999999999994,103.0,/Users/john.pacino/openflight_sessions/tm_0714/shot_vB_091.l3dump,0.13335,5.25,12.0,1.575,5.2,normal,accepted,9.567355038032709,11.623512795898172,two8,medium,103.34011169784594,6,22,10.287172301385786,9.567355038032709,14.555625808560672,12.959853290410559
0714,block_a_old_enclosure,5Iron,10.917999999999983,105.2,/Users/john.pacino/openflight_sessions/tm_0714/shot_vB_092.l3dump,0.13335,5.25,12.0,1.575,5.2,normal,accepted,7.854435520942438,7.845246564849732,direct_only,high,103.20424075080244,5,19,7.854435520942438,7.8360576087570255,9.849113122541654,4.514032951096439
0714,block_a_old_enclosure,5Iron,1.5239999999999743,89.2,/Users/john.pacino/openflight_sessions/tm_0714/shot_vB_093.l3dump,0.13335,5.25,12.0,1.575,5.2,normal,accepted,-2.4662123315253375,-1.454904447795802,two8,high,85.59811345959726,5,20,-0.44359656406626663,-2.4662123315253375,-5.0,6.052165680776966
0714,block_a_old_enclosure,5Iron,13.115999999999982,126.6,/Users/john.pacino/openflight_sessions/tm_0714/shot_vB_094.l3dump,0.13335,5.25,12.0,1.575,5.2,normal,accepted,14.874175700585731,14.068080601101355,four4_path_tdm,medium,126.1180234075728,5,20,13.26198550161698,10.179099333656003,18.597877461139102,14.874175700585731
0714,block_a_old_enclosure,5Iron,14.271999999999982,111.7,/Users/john.pacino/openflight_sessions/tm_0714/shot_vB_095.l3dump,0.13335,5.25,12.0,1.575,5.2,normal,accepted,15.757165359299483,14.53436340395983,direct_only,high,109.08463465744676,6,24,15.757165359299483,14.121222187957319,14.523517793641892,14.54520901427777
0714,block_a_old_enclosure,5Iron,14.196999999999997,126.4,/Users/john.pacino/openflight_sessions/tm_0714/shot_vB_096.l3dump,0.13335,5.25,12.0,1.575,5.2,normal,accepted,14.074782618011078,13.280983314773737,direct_only,medium,125.66980085088007,4,16,14.074782618011078,12.487184011536396,17.377556446001456,11.381570629838045
0714,block_a_old_enclosure,5Iron,14.368000000000002,124.3,/Users/john.pacino/openflight_sessions/tm_0714/shot_vB_097.l3dump,0.13335,5.25,12.0,1.575,5.2,normal,accepted,12.449950107407776,13.44481194681277,direct_only,medium,123.57864081187128,4,16,12.449950107407776,9.611838781544607,17.900395808182747,14.439673786217766
0714,block_a_old_enclosure,5Iron,14.74200000000001,128.7,/Users/john.pacino/openflight_sessions/tm_0714/shot_vB_098.l3dump,0.13335,5.25,12.0,1.575,5.2,normal,accepted,15.506979533287064,14.96638611389277,direct_only,high,127.90247894591084,5,17,15.506979533287064,15.400955704108926,13.132939920342018,14.531816523676616
0714,block_a_old_enclosure,5Iron,14.71499999999999,127.5,/Users/john.pacino/openflight_sessions/tm_0714/shot_vB_099.l3dump,0.13335,5.25,12.0,1.575,5.2,normal,accepted,12.453268047270258,14.39479658346919,direct_only,high,126.69737101417944,5,19,12.453268047270258,12.1698217722919,16.336325119668125,17.657290885267795
0714,block_a_old_enclosure,5Iron,16.019999999999992,121.0,/Users/john.pacino/openflight_sessions/tm_0714/shot_vB_100.l3dump,0.13335,5.25,12.0,1.575,5.2,normal,accepted,13.319182650737337,15.201058266611408,direct_only,medium,121.08770335550237,4,15,13.319182650737337,12.513228539675668,17.08293388248548,18.27330925501156
0714,block_a_old_enclosure,5Iron,14.392000000000003,124.5,/Users/john.pacino/openflight_sessions/tm_0714/shot_vB_101.l3dump,0.13335,5.25,12.0,1.575,5.2,normal,accepted,15.604539879388046,16.023645499021377,direct_only,medium,124.70652741594922,4,16,15.604539879388046,14.81988743084836,16.576835262111533,16.44275111865471
0714,block_a_old_enclosure,5Iron,15.962999999999989,119.0,/Users/john.pacino/openflight_sessions/tm_0714/shot_vB_102.l3dump,0.13335,5.25,12.0,1.575,5.2,normal,accepted,11.90897961594298,13.344019109577648,direct_only,medium,118.59405239233638,4,16,11.90897961594298,10.262067132435513,14.779058603212317,20.21197856425806
0714,block_a_old_enclosure,Driver,10.004000000000007,145.2,/Users/john.pacino/openflight_sessions/tm_0714/shot_vB_103.l3dump,0.13335,5.25,12.0,1.575,5.2,normal,accepted,10.91879133099467,12.852891614235663,direct_only,low,145.4956079146131,3,12,10.91879133099467,10.067759026772238,14.786991897476653,15.372684626793403
0714,block_a_old_enclosure,Driver,17.990000000000002,134.2,/Users/john.pacino/openflight_sessions/tm_0714/shot_vB_104.l3dump,0.13335,5.25,12.0,1.575,5.2,normal,rejected_track_quality,,,,withheld,131.35814586249927,0,0,,,,
0714,block_a_old_enclosure,Driver,5.857999999999973,139.9,/Users/john.pacino/openflight_sessions/tm_0714/shot_vB_105.l3dump,0.13335,5.25,12.0,1.575,5.2,normal,accepted,-1.38526936688243,4.753813841985725,reciprocal3_no_tdm,high,139.77223722814475,5,20,6.392535397664327,5.178145823285901,-1.38526936688243,4.329481860685548
0714,block_a_old_enclosure,Driver,12.557000000000004,151.0,/Users/john.pacino/openflight_sessions/tm_0714/shot_vB_106.l3dump,0.13335,5.25,12.0,1.575,5.2,normal,rejected_track_quality,,,,withheld,148.25649795020337,0,0,,,,
0714,block_a_old_enclosure,Driver,17.058999999999973,140.6,/Users/john.pacino/openflight_sessions/tm_0714/shot_vB_109.l3dump,0.13335,5.25,12.0,1.575,5.2,normal,rejected_track_quality,,,,withheld,134.01113153425428,0,0,,,,
0714,block_a_old_enclosure,Driver,14.276000000000021,149.3,/Users/john.pacino/openflight_sessions/tm_0714/shot_vB_110.l3dump,0.13335,5.25,12.0,1.575,5.2,normal,rejected_track_quality,,,,withheld,141.96530680486603,0,0,,,,
0714,block_a_old_enclosure,Driver,10.58699999999998,144.1,/Users/john.pacino/openflight_sessions/tm_0714/shot_vB_111.l3dump,0.13335,5.25,12.0,1.575,5.2,normal,insufficient_candidate_snapshots,,,,withheld,142.41100919455877,0,0,,,,
0714,block_a_old_enclosure,Driver,10.008999999999974,150.6,/Users/john.pacino/openflight_sessions/tm_0714/shot_vB_112.l3dump,0.13335,5.25,12.0,1.575,5.2,normal,accepted,13.346942472280208,16.71828438479345,direct_only,low,149.23497347435992,3,12,13.346942472280208,11.505090449285056,22.96445912626836,20.08962629730669
0714,block_a_old_enclosure,Driver,13.960999999999997,143.4,/Users/john.pacino/openflight_sessions/tm_0714/shot_vB_113.l3dump,0.13335,5.25,12.0,1.575,5.2,normal,accepted,14.152069597451854,14.179533328427954,direct_only,high,142.1067194917694,5,16,14.152069597451854,14.206997059404053,14.75855333485809,12.880463000917109
0714,block_a_old_enclosure,Driver,14.620999999999993,150.2,/Users/john.pacino/openflight_sessions/tm_0714/shot_vB_114.l3dump,0.13335,5.25,12.0,1.575,5.2,normal,accepted,16.97749490699428,16.409067458118095,direct_only,high,148.57638073214247,5,18,16.97749490699428,16.905530557202365,15.204265220681368,15.912604359033827
0714,block_a_old_enclosure,SandWedge,31.661999999999985,66.4,/Users/john.pacino/openflight_sessions/tm_0714/shot_vB_115.l3dump,0.13335,5.25,12.0,1.575,5.2,normal,accepted,31.204946436415117,30.951976781660044,direct_only,high,64.50710318730692,7,28,31.204946436415117,31.448619213139754,30.69900712690497,30.248291609700203
0714,block_a_old_enclosure,SandWedge,29.217000000000002,69.4,/Users/john.pacino/openflight_sessions/tm_0714/shot_vB_116.l3dump,0.13335,5.25,12.0,1.575,5.2,normal,rejected_track_quality,,,,withheld,68.3475808944065,0,0,,,,
0714,block_a_old_enclosure,SandWedge,30.729999999999986,73.9,/Users/john.pacino/openflight_sessions/tm_0714/shot_vB_117.l3dump,0.13335,5.25,12.0,1.575,5.2,normal,accepted,29.593296375524663,29.149691861446406,direct_only,high,69.80423799211137,5,20,29.593296375524663,29.98342698102222,28.70608734736815,27.411389675648685
0714,block_a_old_enclosure,SandWedge,33.168000000000006,70.2,/Users/john.pacino/openflight_sessions/tm_0714/shot_vB_118.l3dump,0.13335,5.25,12.0,1.575,5.2,normal,accepted,32.42212447550444,32.57871783854697,direct_only,high,62.09925299506705,7,25,32.42212447550444,33.342180873036725,32.15578333323162,32.735311201589504
0714,block_a_old_enclosure,SandWedge,26.353999999999992,71.9,/Users/john.pacino/openflight_sessions/tm_0714/shot_vB_119.l3dump,0.13335,5.25,12.0,1.575,5.2,normal,accepted,27.807256333250496,26.369277608847867,direct_only,high,70.37153857531413,6,24,27.807256333250496,28.102632015504934,24.93129888444524,24.39035922429838
0714,block_a_old_enclosure,SandWedge,27.744999999999997,67.4,/Users/john.pacino/openflight_sessions/tm_0714/shot_vB_120.l3dump,0.13335,5.25,12.0,1.575,5.2,normal,accepted,27.217992841993304,27.176971954218196,direct_only,high,65.01421660181312,7,28,27.217992841993304,27.69338851695334,27.135951066443088,24.399184205866792
0714,block_a_old_enclosure,SandWedge,24.805000000000007,66.2,/Users/john.pacino/openflight_sessions/tm_0714/shot_vB_121.l3dump,0.13335,5.25,12.0,1.575,5.2,normal,accepted,23.879560072227676,23.97757608872294,direct_only,high,65.80335141003339,6,24,23.879560072227676,24.07559210521821,24.831836995690743,23.59058396235911
0714,block_a_old_enclosure,SandWedge,31.036999999999985,65.9,/Users/john.pacino/openflight_sessions/tm_0714/shot_vB_122.l3dump,0.13335,5.25,12.0,1.575,5.2,normal,accepted,30.190757898898205,30.14336881664795,direct_only,high,59.31277831978292,6,24,30.190757898898205,30.4683849326985,30.09597973439769,29.614524991370615
0714,block_a_old_enclosure,SandWedge,29.30099999999999,77.9,/Users/john.pacino/openflight_sessions/tm_0714/shot_vB_123.l3dump,0.13335,5.25,12.0,1.575,5.2,normal,accepted,28.14489598509787,27.78407021472027,direct_only,high,75.06425904880476,8,29,28.14489598509787,28.473562529341997,27.423244444342668,26.89761460268829
0714,block_a_old_enclosure,SandWedge,28.975,80.3,/Users/john.pacino/openflight_sessions/tm_0714/shot_vB_124.l3dump,0.13335,5.25,12.0,1.575,5.2,normal,accepted,28.332127706924496,28.649268456865038,direct_only,high,75.310115006831,6,24,28.332127706924496,29.124588074953486,28.96640920680558,26.51714450897773
0717,normal_tx,9Iron,19.072999999999993,113.1,/Users/john.pacino/Projects/openflight/artifacts/pi_sync_20260717/openflight_sessions/iwr6843/iwr6843_20260717_112928_947_001.l3dump,0.13335,5.25,10.40495,1.655,5.156,normal,accepted,20.329217650818958,20.23680875864243,direct_only,high,109.70275764130167,6,24,20.329217650818958,20.32864179836013,20.144975718924726,18.591686426426776
0717,normal_tx,9Iron,19.63100000000001,108.9,/Users/john.pacino/Projects/openflight/artifacts/pi_sync_20260717/openflight_sessions/iwr6843/iwr6843_20260717_112946_449_002.l3dump,0.13335,5.25,10.40495,1.655,5.156,normal,rejected_track_quality,,,,withheld,101.82517026231329,0,0,,,,
0717,normal_tx,9Iron,19.155999999999995,113.6,/Users/john.pacino/Projects/openflight/artifacts/pi_sync_20260717/openflight_sessions/iwr6843/iwr6843_20260717_113006_286_003.l3dump,0.13335,5.25,10.40495,1.655,5.156,normal,accepted,21.40669037098532,21.228243751183,direct_only,high,110.26427205523618,6,24,21.40669037098532,21.970249108324737,21.049797131380682,18.46512166572678
0717,normal_tx,9Iron,20.607999999999993,109.1,/Users/john.pacino/Projects/openflight/artifacts/pi_sync_20260717/openflight_sessions/iwr6843/iwr6843_20260717_113029_308_004.l3dump,0.13335,5.25,10.40495,1.655,5.156,normal,accepted,20.19915602720008,19.96317656726566,two8,high,106.21132630351711,8,28,20.34337088698965,20.19915602720008,19.563720093598985,19.72719710733124
0717,normal_tx,9Iron,20.957999999999984,102.4,/Users/john.pacino/Projects/openflight/artifacts/pi_sync_20260717/openflight_sessions/iwr6843/iwr6843_20260717_113103_793_005.l3dump,0.13335,5.25,10.40495,1.655,5.156,normal,accepted,23.745375511595107,23.278957799380407,direct_only,high,98.63171387283664,8,30,23.745375511595107,24.268138042432938,22.812540087165708,21.21088301679231
0717,normal_tx,9Iron,20.714,113.9,/Users/john.pacino/Projects/openflight/artifacts/pi_sync_20260717/openflight_sessions/iwr6843/iwr6843_20260717_113123_298_006.l3dump,0.13335,5.25,10.40495,1.655,5.156,normal,accepted,22.29109559932025,22.496185002580503,direct_only,high,109.8868918711154,6,23,22.29109559932025,22.701274405840753,23.80279065280406,18.663082128312308
0717,normal_tx,9Iron,19.871999999999993,108.1,/Users/john.pacino/Projects/openflight/artifacts/pi_sync_20260717/openflight_sessions/iwr6843/iwr6843_20260717_113140_333_007.l3dump,0.13335,5.25,10.40495,1.655,5.156,normal,accepted,21.925928544729175,21.566767931550814,direct_only,high,104.6236097113984,7,27,21.925928544729175,22.051994378977774,20.79373550508517,21.207607318372453
0717,normal_tx,9Iron,19.922999999999977,109.1,/Users/john.pacino/Projects/openflight/artifacts/pi_sync_20260717/openflight_sessions/iwr6843/iwr6843_20260717_113203_465_008.l3dump,0.13335,5.25,10.40495,1.655,5.156,normal,accepted,21.359364978119192,20.93729979571539,direct_only,high,106.54938898556463,7,27,21.359364978119192,21.60247765064312,20.515234613311584,18.357174075710297
0717,normal_tx,9Iron,18.06699999999999,108.9,/Users/john.pacino/Projects/openflight/artifacts/pi_sync_20260717/openflight_sessions/iwr6843/iwr6843_20260717_113222_651_009.l3dump,0.13335,5.25,10.40495,1.655,5.156,normal,accepted,20.749276599248564,19.98761446993022,reciprocal3_no_tdm,medium,107.78526901138629,7,26,19.435983455608493,19.680464958474886,20.749276599248564,20.294763981385554
0717,normal_tx,9Iron,18.641999999999992,98.4,/Users/john.pacino/Projects/openflight/artifacts/pi_sync_20260717/openflight_sessions/iwr6843/iwr6843_20260717_113243_742_010.l3dump,0.13335,5.25,10.40495,1.655,5.156,normal,accepted,18.97651269324231,17.830434796285193,direct_only,high,94.49016630575724,7,27,18.97651269324231,19.342912925178908,16.684356899328076,14.615137043208504
0717,normal_tx,9Iron,18.680999999999994,117.3,/Users/john.pacino/Projects/openflight/artifacts/pi_sync_20260717/openflight_sessions/iwr6843/iwr6843_20260717_114807_350_001.l3dump,0.13335,5.25,10.40495,1.655,5.156,normal,accepted,18.682522047556578,18.797753645101977,direct_only,high,114.14644846411598,7,25,18.682522047556578,18.220075019074915,20.958785270093454,18.912985242647373
0717,normal_tx,9Iron,20.624999999999986,115.2,/Users/john.pacino/Projects/openflight/artifacts/pi_sync_20260717/openflight_sessions/iwr6843/iwr6843_20260717_114824_439_002.l3dump,0.13335,5.25,10.40495,1.655,5.156,normal,accepted,19.20336385829011,20.169846206886383,four4_path_tdm,high,111.02841952987575,6,24,19.980093424515474,20.359598989257297,22.016831325925537,19.20336385829011
0717,normal_tx,9Iron,20.003999999999994,116.5,/Users/john.pacino/Projects/openflight/artifacts/pi_sync_20260717/openflight_sessions/iwr6843/iwr6843_20260717_114845_092_003.l3dump,0.13335,5.25,10.40495,1.655,5.156,normal,accepted,20.112830565045403,19.47995518432942,direct_only,high,113.60357512217249,7,25,20.112830565045403,19.550578648471106,19.40933172018773,17.365246644132597
0717,normal_tx,9Iron,18.554999999999993,117.0,/Users/john.pacino/Projects/openflight/artifacts/pi_sync_20260717/openflight_sessions/iwr6843/iwr6843_20260717_114906_734_004.l3dump,0.13335,5.25,10.40495,1.655,5.156,normal,accepted,20.6350901392103,20.530985108804398,direct_only,medium,113.57308289756627,8,27,20.6350901392103,21.542426172883825,20.426880078398497,19.15460705903582
0717,normal_tx,9Iron,18.57899999999998,116.5,/Users/john.pacino/Projects/openflight/artifacts/pi_sync_20260717/openflight_sessions/iwr6843/iwr6843_20260717_114929_221_005.l3dump,0.13335,5.25,10.40495,1.655,5.156,normal,rejected_track_quality,,,,withheld,111.2140024539796,0,0,,,,
0717,normal_tx,9Iron,2.860999999999996,92.9,/Users/john.pacino/Projects/openflight/artifacts/pi_sync_20260717/openflight_sessions/iwr6843/iwr6843_20260717_115027_091_007.l3dump,0.13335,5.25,10.40495,1.655,5.156,normal,accepted,0.716815690954826,-0.39623717291896643,direct_only,high,92.08929519207703,8,32,0.716815690954826,-3.6573600128661536,-1.5092900367927589,8.934686272132634
0717,normal_tx,9Iron,19.787000000000003,112.7,/Users/john.pacino/Projects/openflight/artifacts/pi_sync_20260717/openflight_sessions/iwr6843/iwr6843_20260717_115100_415_009.l3dump,0.13335,5.25,10.40495,1.655,5.156,normal,accepted,21.777061357749314,21.02674619656736,direct_only,high,108.2934289498602,8,28,21.777061357749314,21.64521504307559,20.408277350059127,18.955036382015837
0717,normal_tx,9Iron,19.459999999999997,100.6,/Users/john.pacino/Projects/openflight/artifacts/pi_sync_20260717/openflight_sessions/iwr6843/iwr6843_20260717_115119_123_010.l3dump,0.13335,5.25,10.40495,1.655,5.156,normal,accepted,19.804104680613708,19.44992696417986,reciprocal3_no_tdm,high,96.9887985261914,8,28,19.095749247746014,18.432430163230393,19.804104680613708,20.165959617948012
0717,normal_tx,9Iron,18.555999999999994,109.8,/Users/john.pacino/Projects/openflight/artifacts/pi_sync_20260717/openflight_sessions/iwr6843/iwr6843_20260717_115206_270_013.l3dump,0.13335,5.25,10.40495,1.655,5.156,normal,accepted,17.609402679462658,17.532999984374406,direct_only,high,105.95845555315563,6,24,17.609402679462658,17.45659728928615,20.050843385355815,16.16596808310301
0717,normal_tx,9Iron,21.69899999999999,107.1,/Users/john.pacino/Projects/openflight/artifacts/pi_sync_20260717/openflight_sessions/iwr6843/iwr6843_20260717_115226_374_014.l3dump,0.13335,5.25,10.40495,1.655,5.156,normal,accepted,23.302621795291053,23.284924062738668,direct_only,high,103.13538643414192,7,26,23.302621795291053,23.777958590499022,22.760247051237048,23.267226330186283
0717,normal_tx,7Iron,14.590999999999983,110.2,/Users/john.pacino/Projects/openflight/artifacts/pi_sync_20260717/openflight_sessions/iwr6843/iwr6843_20260717_115403_200_001.l3dump,0.13335,5.25,10.40495,1.655,5.156,normal,accepted,15.412698959914753,15.429527434259718,two8,high,108.0287781900987,7,23,15.446355908604682,15.412698959914753,14.195333043694003,16.912950585273496
0717,normal_tx,7Iron,9.333000000000002,107.0,/Users/john.pacino/Projects/openflight/artifacts/pi_sync_20260717/openflight_sessions/iwr6843/iwr6843_20260717_115422_850_002.l3dump,0.13335,5.25,10.40495,1.655,5.156,normal,accepted,6.546744020648767,6.9705140820558,two8,low,104.93222670063012,5,19,6.386165843999382,6.546744020648767,17.34675013857774,7.3942841434628335
0717,normal_tx,7Iron,13.807999999999995,114.5,/Users/john.pacino/Projects/openflight/artifacts/pi_sync_20260717/openflight_sessions/iwr6843/iwr6843_20260717_115459_659_004.l3dump,0.13335,5.25,10.40495,1.655,5.156,normal,rejected_track_quality,,,,withheld,108.91206364364214,0,0,,,,
0717,normal_tx,7Iron,14.848999999999997,116.6,/Users/john.pacino/Projects/openflight/artifacts/pi_sync_20260717/openflight_sessions/iwr6843/iwr6843_20260717_115520_351_005.l3dump,0.13335,5.25,10.40495,1.655,5.156,normal,accepted,15.43431317970988,14.903956993739545,direct_only,high,114.08766130850351,6,22,15.43431317970988,15.1343077593567,14.249826161418367,14.67360622812239
0717,normal_tx,7Iron,16.127999999999997,117.7,/Users/john.pacino/Projects/openflight/artifacts/pi_sync_20260717/openflight_sessions/iwr6843/iwr6843_20260717_115540_973_006.l3dump,0.13335,5.25,10.40495,1.655,5.156,normal,accepted,16.915140790164433,17.00732672227077,direct_only,high,114.63664921868603,6,21,16.915140790164433,17.099512654377108,17.299471659513475,15.550843717026208
0717,normal_tx,7Iron,15.296999999999995,121.2,/Users/john.pacino/Projects/openflight/artifacts/pi_sync_20260717/openflight_sessions/iwr6843/iwr6843_20260717_115559_044_007.l3dump,0.13335,5.25,10.40495,1.655,5.156,normal,rejected_track_quality,,,,withheld,113.15468519670763,0,0,,,,
0717,normal_tx,7Iron,14.154999999999982,116.2,/Users/john.pacino/Projects/openflight/artifacts/pi_sync_20260717/openflight_sessions/iwr6843/iwr6843_20260717_115625_775_008.l3dump,0.13335,5.25,10.40495,1.655,5.156,normal,accepted,15.213763692986337,15.30186426482944,direct_only,medium,112.16535714059006,7,23,15.213763692986337,15.389964836672544,16.517015189066797,13.205711938127694
0717,normal_tx,7Iron,17.04999999999997,106.9,/Users/john.pacino/Projects/openflight/artifacts/pi_sync_20260717/openflight_sessions/iwr6843/iwr6843_20260717_115650_587_009.l3dump,0.13335,5.25,10.40495,1.655,5.156,normal,accepted,14.983337720415292,16.7555193746599,direct_only,high,104.31936506458818,6,24,14.983337720415292,14.828794425323483,19.04379549551404,18.52770102890451
0717,normal_tx,7Iron,13.912999999999993,119.1,/Users/john.pacino/Projects/openflight/artifacts/pi_sync_20260717/openflight_sessions/iwr6843/iwr6843_20260717_115728_239_011.l3dump,0.13335,5.25,10.40495,1.655,5.156,normal,accepted,14.534433226327357,3.542930968554832,direct_only,high,117.25682400828374,5,20,14.534433226327357,12.085861937109664,-5.0,-5.0
0717,normal_tx,7Iron,13.188999999999988,118.5,/Users/john.pacino/Projects/openflight/artifacts/pi_sync_20260717/openflight_sessions/iwr6843/iwr6843_20260717_115753_889_012.l3dump,0.13335,5.25,10.40495,1.655,5.156,normal,accepted,14.313506883661185,13.304769188094369,direct_only,medium,116.63394113375617,4,16,14.313506883661185,12.296031492527554,18.316419794776657,9.723673815155491
0717,normal_tx,7Iron,11.667999999999969,114.1,/Users/john.pacino/Projects/openflight/artifacts/pi_sync_20260717/openflight_sessions/iwr6843/iwr6843_20260717_120007_601_015.l3dump,0.13335,5.25,10.40495,1.655,5.156,normal,rejected_track_quality,,,,withheld,85.72320015838827,0,0,,,,
0717,normal_tx,7Iron,6.6529999999999925,107.6,/Users/john.pacino/Projects/openflight/artifacts/pi_sync_20260717/openflight_sessions/iwr6843/iwr6843_20260717_120027_859_016.l3dump,0.13335,5.25,10.40495,1.655,5.156,normal,rejected_track_quality,,,,withheld,103.77807965873329,0,0,,,,
0717,normal_tx,7Iron,15.07300000000001,110.0,/Users/john.pacino/Projects/openflight/artifacts/pi_sync_20260717/openflight_sessions/iwr6843/iwr6843_20260717_120043_225_017.l3dump,0.13335,5.25,10.40495,1.655,5.156,normal,accepted,15.769766245024321,15.744211624831669,direct_only,high,107.88216391992812,6,24,15.769766245024321,15.741503572764639,15.084462522289583,15.746919676898699
0717,normal_tx,7Iron,15.63299999999998,116.1,/Users/john.pacino/Projects/openflight/artifacts/pi_sync_20260717/openflight_sessions/iwr6843/iwr6843_20260717_120105_500_018.l3dump,0.13335,5.25,10.40495,1.655,5.156,normal,accepted,15.14401836399866,16.614465598558073,direct_only,high,112.39999312579813,7,28,15.14401836399866,14.768559739461402,18.91440215664819,18.084912833117485
0717,normal_tx,5Iron,11.92599999999999,131.3,/Users/john.pacino/Projects/openflight/artifacts/pi_sync_20260717/openflight_sessions/iwr6843/iwr6843_20260717_120303_171_023.l3dump,0.13335,5.25,10.40495,1.655,5.156,normal,accepted,13.112086248115354,13.035610895120891,direct_only,high,128.5279408693187,6,21,13.112086248115354,12.959135542126429,14.851885902066538,9.986035314589936
0717,normal_tx,5Iron,2.6459999999999955,116.6,/Users/john.pacino/Projects/openflight/artifacts/pi_sync_20260717/openflight_sessions/iwr6843/iwr6843_20260717_120325_842_024.l3dump,0.13335,5.25,10.40495,1.655,5.156,normal,accepted,2.541628072360867,0.5516457642751381,direct_only,high,114.69724817738842,7,26,2.541628072360867,-1.4383365438105906,-1.932529514468519,10.296538616209062
0717,normal_tx,5Iron,4.683000000000001,103.1,/Users/john.pacino/Projects/openflight/artifacts/pi_sync_20260717/openflight_sessions/iwr6843/iwr6843_20260717_120343_217_025.l3dump,0.13335,5.25,10.40495,1.655,5.156,normal,accepted,0.3193549981168279,-0.01504862560472947,direct_only,high,102.34348508391847,7,25,0.3193549981168279,-0.3494522493262868,-1.432650794913906,3.2021578587255823
0717,normal_tx,5Iron,12.43999999999999,122.2,/Users/john.pacino/Projects/openflight/artifacts/pi_sync_20260717/openflight_sessions/iwr6843/iwr6843_20260717_120430_094_028.l3dump,0.13335,5.25,10.40495,1.655,5.156,normal,accepted,13.739917240223,14.361446980110536,direct_only,medium,119.879226816477,4,13,13.739917240223,11.629934004299486,18.272123953446897,14.98297671999807
0717,normal_tx,5Iron,4.967000000000003,79.0,/Users/john.pacino/Projects/openflight/artifacts/pi_sync_20260717/openflight_sessions/iwr6843/iwr6843_20260717_120453_936_029.l3dump,0.13335,5.25,10.40495,1.655,5.156,normal,rejected_track_quality,,,,withheld,125.85000494016758,0,0,,,,
0717,normal_tx,5Iron,17.143999999999973,119.7,/Users/john.pacino/Projects/openflight/artifacts/pi_sync_20260717/openflight_sessions/iwr6843/iwr6843_20260717_120527_255_031.l3dump,0.13335,5.25,10.40495,1.655,5.156,normal,rejected_track_quality,,,,withheld,115.03409238646083,0,0,,,,
0717,normal_tx,5Iron,12.62799999999997,124.4,/Users/john.pacino/Projects/openflight/artifacts/pi_sync_20260717/openflight_sessions/iwr6843/iwr6843_20260717_120753_167_002.l3dump,0.13335,5.25,10.40495,1.655,5.156,normal,accepted,13.631612372466243,13.174113334858522,direct_only,high,122.12007257187565,6,16,13.631612372466243,12.725816531198435,13.622410138518608,-5.0
0717,normal_tx,5Iron,11.412000000000003,131.1,/Users/john.pacino/Projects/openflight/artifacts/pi_sync_20260717/openflight_sessions/iwr6843/iwr6843_20260717_120823_650_004.l3dump,0.13335,5.25,10.40495,1.655,5.156,normal,accepted,10.822864402875412,10.355973063770055,direct_only,high,128.7934538736806,5,20,10.822864402875412,10.57487732046605,7.3483007197529915,10.137068807074058
0717,normal_tx,5Iron,13.694999999999984,129.4,/Users/john.pacino/Projects/openflight/artifacts/pi_sync_20260717/openflight_sessions/iwr6843/iwr6843_20260717_120849_851_006.l3dump,0.13335,5.25,10.40495,1.655,5.156,normal,rejected_track_quality,,,,withheld,124.86551705046064,0,0,,,,
0717,normal_tx,5Iron,9.534000000000018,127.9,/Users/john.pacino/Projects/openflight/artifacts/pi_sync_20260717/openflight_sessions/iwr6843/iwr6843_20260717_120910_820_007.l3dump,0.13335,5.25,10.40495,1.655,5.156,normal,accepted,10.01011928192299,8.991813322457947,direct_only,high,125.13468268905856,6,19,10.01011928192299,8.115393153717065,7.221829709631019,9.868233491198827
0717,normal_tx,5Iron,10.544999999999991,95.9,/Users/john.pacino/Projects/openflight/artifacts/pi_sync_20260717/openflight_sessions/iwr6843/iwr6843_20260717_120937_977_009.l3dump,0.13335,5.25,10.40495,1.655,5.156,normal,accepted,12.093669777909689,13.670030916386917,direct_only,high,91.65218216625678,6,18,12.093669777909689,10.57334362525606,15.246392054864145,15.274013504607023
0717,normal_tx,5Iron,11.300999999999949,108.6,/Users/john.pacino/Projects/openflight/artifacts/pi_sync_20260717/openflight_sessions/iwr6843/iwr6843_20260717_121039_661_012.l3dump,0.13335,5.25,10.40495,1.655,5.156,normal,rejected_track_quality,,,,withheld,102.77487611290624,0,0,,,,
0717,normal_tx,5Iron,17.96899999999999,105.2,/Users/john.pacino/Projects/openflight/artifacts/pi_sync_20260717/openflight_sessions/iwr6843/iwr6843_20260717_121055_162_013.l3dump,0.13335,5.25,10.40495,1.655,5.156,normal,accepted,19.21039279672712,14.932328170624473,four4_path_tdm,medium,102.2310816349796,6,22,10.654263544521823,-0.8698690509100904,19.889782846729375,19.21039279672712
0717,normal_tx,5Iron,8.87999999999998,131.9,/Users/john.pacino/Projects/openflight/artifacts/pi_sync_20260717/openflight_sessions/iwr6843/iwr6843_20260717_121117_373_015.l3dump,0.13335,5.25,10.40495,1.655,5.156,normal,accepted,9.298741705421866,8.153894618607282,direct_only,high,128.10212336817276,7,23,9.298741705421866,8.357821102520928,7.949968134693637,7.906238144814969
0717,normal_tx,SandWedge,25.881999999999998,67.0,/Users/john.pacino/Projects/openflight/artifacts/pi_sync_20260717/openflight_sessions/iwr6843/iwr6843_20260717_121204_092_018.l3dump,0.13335,5.25,10.40495,1.655,5.156,normal,rejected_track_quality,,,,withheld,157.89662466769695,0,0,,,,
0717,normal_tx,SandWedge,29.326999999999998,82.3,/Users/john.pacino/Projects/openflight/artifacts/pi_sync_20260717/openflight_sessions/iwr6843/iwr6843_20260717_121222_280_019.l3dump,0.13335,5.25,10.40495,1.655,5.156,normal,accepted,30.122744567067773,30.33929520662326,direct_only,high,75.18565728434442,6,24,30.122744567067773,30.77845686778879,30.555845846178745,27.06102216192361
0717,normal_tx,SandWedge,1.5149999999999944,79.0,/Users/john.pacino/Projects/openflight/artifacts/pi_sync_20260717/openflight_sessions/iwr6843/iwr6843_20260717_121257_460_022.l3dump,0.13335,5.25,10.40495,1.655,5.156,normal,accepted,-0.6843418795692505,-1.3438929237212205,direct_only,high,78.02558053852245,8,32,-0.6843418795692505,-2.3661871778514327,-2.0034439678731903,7.164394007904927
0717,normal_tx,SandWedge,29.942000000000014,78.4,/Users/john.pacino/Projects/openflight/artifacts/pi_sync_20260717/openflight_sessions/iwr6843/iwr6843_20260717_121320_732_024.l3dump,0.13335,5.25,10.40495,1.655,5.156,normal,rejected_track_quality,,,,withheld,66.3190840837212,0,0,,,,
0717,normal_tx,SandWedge,30.744999999999997,74.3,/Users/john.pacino/Projects/openflight/artifacts/pi_sync_20260717/openflight_sessions/iwr6843/iwr6843_20260717_121351_239_026.l3dump,0.13335,5.25,10.40495,1.655,5.156,normal,accepted,31.152380381762768,31.545696560912234,direct_only,high,66.70678229038002,7,28,31.152380381762768,32.145482242182815,31.939012740061695,29.023990407731535
0717,normal_tx,SandWedge,26.976,76.3,/Users/john.pacino/Projects/openflight/artifacts/pi_sync_20260717/openflight_sessions/iwr6843/iwr6843_20260717_121414_496_028.l3dump,0.13335,5.25,10.40495,1.655,5.156,normal,rejected_track_quality,,,,withheld,86.75008053271131,0,0,,,,
0717,normal_tx,SandWedge,28.018999999999988,77.1,/Users/john.pacino/Projects/openflight/artifacts/pi_sync_20260717/openflight_sessions/iwr6843/iwr6843_20260717_121439_150_030.l3dump,0.13335,5.25,10.40495,1.655,5.156,normal,accepted,30.212590984997103,29.80866267234253,direct_only,high,67.27269480705134,7,26,30.212590984997103,30.177152707329775,29.440172637355282,26.2639580187943
0717,normal_tx,SandWedge,30.037999999999993,75.4,/Users/john.pacino/Projects/openflight/artifacts/pi_sync_20260717/openflight_sessions/iwr6843/iwr6843_20260717_121511_227_033.l3dump,0.13335,5.25,10.40495,1.655,5.156,normal,rejected_track_quality,,,,withheld,61.511152860515814,0,0,,,,
0717,normal_tx,SandWedge,28.917000000000012,77.9,/Users/john.pacino/Projects/openflight/artifacts/pi_sync_20260717/openflight_sessions/iwr6843/iwr6843_20260717_121602_028_036.l3dump,0.13335,5.25,10.40495,1.655,5.156,normal,accepted,29.830677682441742,29.534646430771573,reciprocal3_no_tdm,medium,69.9799396870911,6,24,29.2386151791014,30.290111695052165,29.830677682441742,29.047904062058166
0717,normal_tx,SandWedge,29.544,79.2,/Users/john.pacino/Projects/openflight/artifacts/pi_sync_20260717/openflight_sessions/iwr6843/iwr6843_20260717_121616_891_037.l3dump,0.13335,5.25,10.40495,1.655,5.156,normal,accepted,32.001598391702736,31.807394716827673,direct_only,high,69.60573272916159,6,24,32.001598391702736,32.61844899003261,31.613191041952614,29.43638389630887
0717,normal_tx,Driver,19.501999999999974,139.6,/Users/john.pacino/Projects/openflight/artifacts/pi_sync_20260717/openflight_sessions/iwr6843/iwr6843_20260717_121817_738_002.l3dump,0.13335,5.25,10.40495,1.655,5.156,normal,accepted,22.03703639851625,22.63254360539926,direct_only,high,135.6382121955929,5,20,22.03703639851625,23.44353952940624,23.22805081228227,21.006379835915542
0717,normal_tx,Driver,13.600000000000001,151.8,/Users/john.pacino/Projects/openflight/artifacts/pi_sync_20260717/openflight_sessions/iwr6843/iwr6843_20260717_121853_553_005.l3dump,0.13335,5.25,10.40495,1.655,5.156,normal,accepted,28.154389802654514,21.572289003994115,four4_path_tdm,medium,55.3238371514053,7,28,21.388352373078746,20.619355595197757,21.75622563490948,28.154389802654514
0717,normal_tx,Driver,11.264999999999931,159.9,/Users/john.pacino/Projects/openflight/artifacts/pi_sync_20260717/openflight_sessions/iwr6843/iwr6843_20260717_121928_251_007.l3dump,0.13335,5.25,10.40495,1.655,5.156,normal,accepted,12.469674728643872,9.657079033606356,direct_only,medium,157.02204078990283,4,16,12.469674728643872,11.435444826128977,7.545063914502107,7.878713241083735
0717,normal_tx,Driver,10.865999999999948,161.2,/Users/john.pacino/Projects/openflight/artifacts/pi_sync_20260717/openflight_sessions/iwr6843/iwr6843_20260717_122018_436_011.l3dump,0.13335,5.25,10.40495,1.655,5.156,normal,accepted,13.648778718819834,13.521002706697157,direct_only,low,157.4279632527772,3,12,13.648778718819834,13.393226694574478,20.281451599677627,7.077970398228519
0717,normal_tx,Driver,6.214999999999975,156.1,/Users/john.pacino/Projects/openflight/artifacts/pi_sync_20260717/openflight_sessions/iwr6843/iwr6843_20260717_122053_344_014.l3dump,0.13335,5.25,10.40495,1.655,5.156,normal,accepted,8.153328404361726,8.706143742969378,direct_only,medium,153.41771087047542,4,16,8.153328404361726,8.90258045128507,14.871870032544694,8.509707034653685
0717,normal_tx,Driver,9.191999999999986,154.1,/Users/john.pacino/Projects/openflight/artifacts/pi_sync_20260717/openflight_sessions/iwr6843/iwr6843_20260717_122143_307_017.l3dump,0.13335,5.25,10.40495,1.655,5.156,normal,accepted,20.343770476371244,20.30657815926677,direct_only,medium,56.110526481382315,7,26,20.343770476371244,16.67838068391514,20.269385842162293,25.34216843685317
0717,normal_tx,Driver,15.532999999999989,150.8,/Users/john.pacino/Projects/openflight/artifacts/pi_sync_20260717/openflight_sessions/iwr6843/iwr6843_20260717_122219_263_019.l3dump,0.13335,5.25,10.40495,1.655,5.156,normal,accepted,15.803733492285417,15.817847064176195,direct_only,high,147.0856626016452,6,21,15.803733492285417,15.831960636066974,17.69164326144614,15.552396333417054
0717,normal_tx,Driver,13.584999999999974,158.2,/Users/john.pacino/Projects/openflight/artifacts/pi_sync_20260717/openflight_sessions/iwr6843/iwr6843_20260717_122256_361_021.l3dump,0.13335,5.25,10.40495,1.655,5.156,normal,accepted,25.89698671248508,22.039149150184272,four4_path_tdm,medium,57.33218077968685,6,24,21.466739647661132,20.795592275380432,22.61155865270741,25.89698671248508
0717,normal_tx,Driver,14.128999999999941,152.7,/Users/john.pacino/Projects/openflight/artifacts/pi_sync_20260717/openflight_sessions/iwr6843/iwr6843_20260717_122330_650_023.l3dump,0.13335,5.25,10.40495,1.655,5.156,normal,accepted,12.07808074864357,15.613376149093288,four4_path_tdm,medium,150.18504207359618,4,13,16.041045732360733,15.185706565825843,17.93584803173976,12.07808074864357
0717,normal_tx,Driver,11.635999999999974,158.0,/Users/john.pacino/Projects/openflight/artifacts/pi_sync_20260717/openflight_sessions/iwr6843/iwr6843_20260717_122414_762_025.l3dump,0.13335,5.25,10.40495,1.655,5.156,normal,accepted,13.630591300891965,13.427320990868072,direct_only,medium,156.15467842665916,4,16,13.630591300891965,13.27919626629367,9.942585623318541,13.575445715442472
0717,normal_tx,Driver,13.045999999999998,156.2,/Users/john.pacino/Projects/openflight/artifacts/pi_sync_20260717/openflight_sessions/iwr6843/iwr6843_20260717_122445_215_026.l3dump,0.13335,5.25,10.40495,1.655,5.156,normal,accepted,15.442083935171851,12.869802978616043,direct_only,high,152.04699755741163,6,21,15.442083935171851,15.027558108024726,9.261983074169795,10.712047849207362
0717,normal_tx,Driver,12.361,160.1,/Users/john.pacino/Projects/openflight/artifacts/pi_sync_20260717/openflight_sessions/iwr6843/iwr6843_20260717_122534_138_029.l3dump,0.13335,5.25,10.40495,1.655,5.156,normal,accepted,13.978787214328435,13.237754373638257,direct_only,high,157.03312255671327,5,17,13.978787214328435,13.489484605608483,12.98602414166803,10.224881998165257
0717,normal_tx,Driver,14.429999999999952,158.9,/Users/john.pacino/Projects/openflight/artifacts/pi_sync_20260717/openflight_sessions/iwr6843/iwr6843_20260717_122603_943_030.l3dump,0.13335,5.25,10.40495,1.655,5.156,normal,accepted,10.831422414625075,13.76519730209817,two8,medium,156.1966710838998,4,16,14.843590322607069,10.831422414625075,19.443813055085197,12.686804281589271
0717,normal_tx,Driver,10.788999999999971,163.0,/Users/john.pacino/Projects/openflight/artifacts/pi_sync_20260717/openflight_sessions/iwr6843/iwr6843_20260717_122633_215_032.l3dump,0.13335,5.25,10.40495,1.655,5.156,normal,accepted,12.18823408044511,10.491887006289765,direct_only,medium,158.53196713664963,4,13,12.18823408044511,9.719269182427276,10.932015970184406,10.051758042395125
0717,normal_tx,Driver,6.653999999999975,158.2,/Users/john.pacino/Projects/openflight/artifacts/pi_sync_20260717/openflight_sessions/iwr6843/iwr6843_20260717_122659_214_034.l3dump,0.13335,5.25,10.40495,1.655,5.156,normal,accepted,28.51485425823922,22.823780044315797,four4_path_tdm,medium,57.42086745350837,6,23,21.61204334103742,20.864997166265194,24.035516747594176,28.51485425823922
0717,reversed_tx_experimental,9Iron,21.446999999999985,104.0,/Users/john.pacino/Projects/openflight/artifacts/pi_sync_20260717/openflight_sessions/iwr6843/iwr6843_20260717_113843_003_001.l3dump,0.13335,5.25,10.40495,1.655,5.156,reversed,accepted,22.20294960587036,27.370669606302783,four4_path_tdm,medium,100.01053181524117,7,27,28.723132837605622,28.22591602672558,26.515423185879982,22.20294960587036
0717,reversed_tx_experimental,9Iron,20.456,113.5,/Users/john.pacino/Projects/openflight/artifacts/pi_sync_20260717/openflight_sessions/iwr6843/iwr6843_20260717_113904_950_002.l3dump,0.13335,5.25,10.40495,1.655,5.156,reversed,insufficient_candidate_snapshots,,,,withheld,103.25938965811672,0,0,,,,
0717,reversed_tx_experimental,9Iron,21.337000000000007,111.7,/Users/john.pacino/Projects/openflight/artifacts/pi_sync_20260717/openflight_sessions/iwr6843/iwr6843_20260717_113923_910_003.l3dump,0.13335,5.25,10.40495,1.655,5.156,reversed,accepted,20.01843425749393,20.83707509614748,direct_only,high,107.1924444656104,7,27,20.01843425749393,20.38571209063859,21.28843810165637,22.91832796583652
0717,reversed_tx_experimental,9Iron,19.476999999999993,115.4,/Users/john.pacino/Projects/openflight/artifacts/pi_sync_20260717/openflight_sessions/iwr6843/iwr6843_20260717_114107_880_002.l3dump,0.13335,5.25,10.40495,1.655,5.156,reversed,accepted,18.277497001484676,16.88910342096463,reciprocal3_no_tdm,medium,112.18272294352032,5,20,15.500709840444589,14.310470714030952,18.277497001484676,19.478501609756698
0717,reversed_tx_experimental,9Iron,17.945000000000014,105.5,/Users/john.pacino/Projects/openflight/artifacts/pi_sync_20260717/openflight_sessions/iwr6843/iwr6843_20260717_114135_097_003.l3dump,0.13335,5.25,10.40495,1.655,5.156,reversed,accepted,17.594529230387206,17.49576629407298,direct_only,high,102.67382468915858,6,24,17.594529230387206,17.397003357758752,14.644399407497005,18.635286620596034
0717,reversed_tx_experimental,9Iron,20.174999999999986,112.6,/Users/john.pacino/Projects/openflight/artifacts/pi_sync_20260717/openflight_sessions/iwr6843/iwr6843_20260717_114210_520_004.l3dump,0.13335,5.25,10.40495,1.655,5.156,reversed,accepted,17.690909821191344,16.857826555070027,four4_path_tdm,medium,110.17684515057641,6,24,16.02474328894871,14.785907938496862,18.036607698247643,17.690909821191344
0717,reversed_tx_experimental,9Iron,21.15399999999999,113.8,/Users/john.pacino/Projects/openflight/artifacts/pi_sync_20260717/openflight_sessions/iwr6843/iwr6843_20260717_114230_732_005.l3dump,0.13335,5.25,10.40495,1.655,5.156,reversed,accepted,20.549077069840973,20.594796228070784,direct_only,high,109.72978273391699,7,23,20.549077069840973,20.640515386300596,20.93764412620404,19.392140378255277
0717,reversed_tx_experimental,9Iron,18.210999999999988,113.3,/Users/john.pacino/Projects/openflight/artifacts/pi_sync_20260717/openflight_sessions/iwr6843/iwr6843_20260717_114255_061_006.l3dump,0.13335,5.25,10.40495,1.655,5.156,reversed,rejected_track_quality,,,,withheld,108.2245526432907,0,0,,,,
0717,reversed_tx_experimental,9Iron,20.345,112.1,/Users/john.pacino/Projects/openflight/artifacts/pi_sync_20260717/openflight_sessions/iwr6843/iwr6843_20260717_114313_071_007.l3dump,0.13335,5.25,10.40495,1.655,5.156,reversed,accepted,20.432717311062703,20.369862946345563,direct_only,high,108.0223118531744,7,24,20.432717311062703,20.30700858162842,20.954745994336562,19.58868202882024
0717,reversed_tx_experimental,9Iron,22.276999999999997,111.4,/Users/john.pacino/Projects/openflight/artifacts/pi_sync_20260717/openflight_sessions/iwr6843/iwr6843_20260717_114335_703_008.l3dump,0.13335,5.25,10.40495,1.655,5.156,reversed,accepted,20.383740467961758,20.56759837234361,direct_only,high,106.40733053075918,7,25,20.383740467961758,20.751456276725467,19.075159736300677,21.664397132571878
0717,reversed_tx_experimental,9Iron,8.145999999999997,103.3,/Users/john.pacino/Projects/openflight/artifacts/pi_sync_20260717/openflight_sessions/iwr6843/iwr6843_20260717_114359_847_009.l3dump,0.13335,5.25,10.40495,1.655,5.156,reversed,accepted,6.685844384607215,5.360342339117465,four4_path_tdm,low,101.55129483366181,5,20,3.56125900701701,4.034840293627715,10.431559939712413,6.685844384607215
0717,reversed_tx_experimental,9Iron,21.63999999999999,107.2,/Users/john.pacino/Projects/openflight/artifacts/pi_sync_20260717/openflight_sessions/iwr6843/iwr6843_20260717_114440_907_012.l3dump,0.13335,5.25,10.40495,1.655,5.156,reversed,accepted,20.214124414646783,20.241836652768345,direct_only,high,102.93557508960588,6,24,20.214124414646783,20.269548890889908,21.497854837467777,20.141151217319898
0717,reversed_tx_experimental,9Iron,20.869999999999987,110.4,/Users/john.pacino/Projects/openflight/artifacts/pi_sync_20260717/openflight_sessions/iwr6843/iwr6843_20260717_114503_274_013.l3dump,0.13335,5.25,10.40495,1.655,5.156,reversed,accepted,19.027786238473052,19.533651579722942,direct_only,medium,106.64342600054415,8,24,19.027786238473052,18.985028826611195,20.039516920972833,21.044092247715874
0717,reversed_tx_experimental,9Iron,21.05299999999999,109.2,/Users/john.pacino/Projects/openflight/artifacts/pi_sync_20260717/openflight_sessions/iwr6843/iwr6843_20260717_114522_201_014.l3dump,0.13335,5.25,10.40495,1.655,5.156,reversed,rejected_track_quality,,,,withheld,103.50233078969657,0,0,,,,
0717,reversed_tx_experimental,9Iron,21.702,111.2,/Users/john.pacino/Projects/openflight/artifacts/pi_sync_20260717/openflight_sessions/iwr6843/iwr6843_20260717_114543_832_015.l3dump,0.13335,5.25,10.40495,1.655,5.156,reversed,accepted,19.419614500571075,20.68246222708222,direct_only,high,104.94608222509501,6,23,19.419614500571075,21.32199412869306,21.012298921130267,20.352625533034175
0717,reversed_tx_experimental,9Iron,20.416,106.5,/Users/john.pacino/Projects/openflight/artifacts/pi_sync_20260717/openflight_sessions/iwr6843/iwr6843_20260717_114603_238_016.l3dump,0.13335,5.25,10.40495,1.655,5.156,reversed,accepted,19.0990638565419,18.25033725041915,four4_path_tdm,medium,103.46793536333026,6,22,17.282841329971433,17.401610644296404,19.477900242196743,19.0990638565419
0717,reversed_tx_experimental,9Iron,20.733000000000004,105.7,/Users/john.pacino/Projects/openflight/artifacts/pi_sync_20260717/openflight_sessions/iwr6843/iwr6843_20260717_114620_627_017.l3dump,0.13335,5.25,10.40495,1.655,5.156,reversed,rejected_track_quality,,,,withheld,98.31386629603206,0,0,,,,
0717,reversed_tx_experimental,9Iron,20.308,112.9,/Users/john.pacino/Projects/openflight/artifacts/pi_sync_20260717/openflight_sessions/iwr6843/iwr6843_20260717_114641_193_018.l3dump,0.13335,5.25,10.40495,1.655,5.156,reversed,accepted,19.389862763056282,19.438362866875416,direct_only,high,108.3930962388897,8,29,19.389862763056282,19.486862970694553,20.391212969973466,18.588838339715238
0722,old_enclosure,9Iron,21.444,100.4,/Users/john.pacino/Projects/openflight/artifacts/tm0722_raw/iwr6843/iwr6843_20260722_121505_197_002.l3dump,0.13335,5.25,12.4,1.626,5.131,normal,accepted,25.23310669044896,24.796281974113448,direct_only,medium,96.3362564251247,9,30,25.23310669044896,25.669414395668745,24.35945725777794,22.90796602771572
0722,old_enclosure,9Iron,3.251,89.4,/Users/john.pacino/Projects/openflight/artifacts/tm0722_raw/iwr6843/iwr6843_20260722_121532_950_004.l3dump,0.13335,5.25,12.4,1.626,5.131,normal,accepted,-1.2764466644316868,0.6134661314441767,reciprocal3_no_tdm,high,87.74824529567559,9,32,1.6246908896047816,-0.3977586267164281,-1.2764466644316868,13.19699828634492
0722,old_enclosure,9Iron,21.874,104.8,/Users/john.pacino/Projects/openflight/artifacts/tm0722_raw/iwr6843/iwr6843_20260722_121551_648_006.l3dump,0.13335,5.25,12.4,1.626,5.131,normal,accepted,19.283012079697166,23.33850636375014,four4_path_tdm,medium,100.90967472916458,8,27,23.545251599000213,23.131761128500067,23.779536540325136,19.283012079697166
0722,old_enclosure,9Iron,20.613,101.7,/Users/john.pacino/Projects/openflight/artifacts/tm0722_raw/iwr6843/iwr6843_20260722_121617_481_008.l3dump,0.13335,5.25,12.4,1.626,5.131,normal,rejected_track_quality,,,,withheld,82.48467699130302,0,0,,,,
0722,old_enclosure,9Iron,20.248,110.9,/Users/john.pacino/Projects/openflight/artifacts/tm0722_raw/iwr6843/iwr6843_20260722_121640_120_009.l3dump,0.13335,5.25,12.4,1.626,5.131,normal,accepted,22.72068985552093,23.077807252998554,reciprocal3_no_tdm,medium,107.36057412595673,8,30,23.434924650476173,23.830422276651454,22.72068985552093,19.394573612926678
0722,old_enclosure,9Iron,21.887,111.7,/Users/john.pacino/Projects/openflight/artifacts/tm0722_raw/iwr6843/iwr6843_20260722_121715_647_011.l3dump,0.13335,5.25,12.4,1.626,5.131,normal,accepted,21.080054764382407,23.283821756107184,four4_path_tdm,medium,107.61629205518581,7,25,23.3303116126625,23.23733189955187,24.228432804657903,21.080054764382407
0722,old_enclosure,9Iron,21.383,96.0,/Users/john.pacino/Projects/openflight/artifacts/tm0722_raw/iwr6843/iwr6843_20260722_122452_564_002.l3dump,0.13335,5.25,12.4,1.626,5.131,normal,accepted,24.18716354930726,24.018967669686987,direct_only,high,91.12414240307808,11,36,24.18716354930726,24.471902315653068,23.850771790066716,19.208211968477386
0722,old_enclosure,9Iron,21.806,104.3,/Users/john.pacino/Projects/openflight/artifacts/tm0722_raw/iwr6843/iwr6843_20260722_122519_092_004.l3dump,0.13335,5.25,12.4,1.626,5.131,normal,accepted,23.044873339827436,23.815597673932146,reciprocal3_no_tdm,medium,99.65396994144155,11,36,24.586322008036852,24.9159234802809,23.044873339827436,17.902428596447763
0722,old_enclosure,9Iron,20.924,112.1,/Users/john.pacino/Projects/openflight/artifacts/tm0722_raw/iwr6843/iwr6843_20260722_122552_906_005.l3dump,0.13335,5.25,12.4,1.626,5.131,normal,accepted,23.11183594425995,23.267702099786405,direct_only,high,108.48942962220565,8,32,23.11183594425995,23.447211815753167,23.423568255312862,20.416331238605107
0722,old_enclosure,9Iron,1.393,101.4,/Users/john.pacino/Projects/openflight/artifacts/tm0722_raw/iwr6843/iwr6843_20260722_122623_999_006.l3dump,0.13335,5.25,12.4,1.626,5.131,normal,accepted,-0.5343831510467781,-0.9339772769351287,direct_only,high,99.61915507868385,9,36,-0.5343831510467781,-1.333571402823479,-1.3717001588504485,2.090677402482139
0722,old_enclosure,9Iron,22.989,104.8,/Users/john.pacino/Projects/openflight/artifacts/tm0722_raw/iwr6843/iwr6843_20260722_122643_177_007.l3dump,0.13335,5.25,12.4,1.626,5.131,normal,accepted,22.733541437868954,25.564952014715807,four4_path_tdm,medium,99.91936017244225,10,36,25.79109374099728,25.665604879100165,25.464299150331446,22.733541437868954
0722,old_enclosure,9Iron,19.929,104.7,/Users/john.pacino/Projects/openflight/artifacts/tm0722_raw/iwr6843/iwr6843_20260722_122713_101_009.l3dump,0.13335,5.25,12.4,1.626,5.131,normal,accepted,22.175941645420174,22.285862924900744,direct_only,high,100.89264524506854,10,37,22.175941645420174,22.395784204381314,22.439873398622552,18.49326600494052
0722,old_enclosure,9Iron,22.3,108.0,/Users/john.pacino/Projects/openflight/artifacts/tm0722_raw/iwr6843/iwr6843_20260722_122736_169_011.l3dump,0.13335,5.25,12.4,1.626,5.131,normal,accepted,26.381957596550627,25.69582126293824,direct_only,high,103.61843553579341,10,37,26.381957596550627,26.582475933539246,25.00968492932585,21.550399857802116
0722,old_enclosure,9Iron,21.962,114.4,/Users/john.pacino/Projects/openflight/artifacts/tm0722_raw/iwr6843/iwr6843_20260722_122815_014_013.l3dump,0.13335,5.25,12.4,1.626,5.131,normal,accepted,20.10937565175449,24.91903242345187,four4_path_tdm,medium,110.05056597305123,10,34,25.91129324503016,25.514572649355078,24.323492197548664,20.10937565175449
0722,old_enclosure,9Iron,24.873,109.4,/Users/john.pacino/Projects/openflight/artifacts/tm0722_raw/iwr6843/iwr6843_20260722_122843_673_015.l3dump,0.13335,5.25,12.4,1.626,5.131,normal,accepted,28.257657225501763,28.31474403214019,direct_only,high,104.18622873380119,9,34,28.257657225501763,28.876931078586622,28.371830838778617,23.95186014105458
0722,old_enclosure,9Iron,19.868,112.9,/Users/john.pacino/Projects/openflight/artifacts/tm0722_raw/iwr6843/iwr6843_20260722_122919_953_017.l3dump,0.13335,5.25,12.4,1.626,5.131,normal,accepted,20.33639204293934,23.006067952609804,four4_path_tdm,medium,108.67093487308748,9,33,22.970860071293718,23.041275833925887,23.423426707490673,20.33639204293934
0722,old_enclosure,9Iron,21.04,101.7,/Users/john.pacino/Projects/openflight/artifacts/tm0722_raw/iwr6843/iwr6843_20260722_122941_985_018.l3dump,0.13335,5.25,12.4,1.626,5.131,normal,accepted,23.27133530969014,22.965201903843766,direct_only,high,97.52088767605572,9,36,23.27133530969014,23.343774230035667,22.659068497997392,18.158012691303313
0722,old_enclosure,9Iron,21.435,112.7,/Users/john.pacino/Projects/openflight/artifacts/tm0722_raw/iwr6843/iwr6843_20260722_123000_400_019.l3dump,0.13335,5.25,12.4,1.626,5.131,normal,accepted,24.31407199823331,23.702253660542397,direct_only,high,108.29776970157889,10,35,24.31407199823331,24.469536060072894,23.090435322851487,19.17293551239439
0722,old_enclosure,9Iron,20.649,111.5,/Users/john.pacino/Projects/openflight/artifacts/tm0722_raw/iwr6843/iwr6843_20260722_123051_094_022.l3dump,0.13335,5.25,12.4,1.626,5.131,normal,accepted,23.801774730287974,24.255009281096036,reciprocal3_no_tdm,medium,107.67035254033354,9,31,24.708243831904095,25.316540948831552,23.801774730287974,17.690987642282423
0722,old_enclosure,9Iron,21.375,104.6,/Users/john.pacino/Projects/openflight/artifacts/tm0722_raw/iwr6843/iwr6843_20260722_123124_477_023.l3dump,0.13335,5.25,12.4,1.626,5.131,normal,accepted,21.015968726835403,23.386267171988152,four4_path_tdm,high,100.30907197823723,8,29,22.74247663334159,24.03005771063472,24.800994567492655,21.015968726835403
