day,subset,club,tm_launch_angle_deg,ops_ball_speed_mph,dump_path,radar_height_m,radar_height_in,tilt_deg,tee_m,net_m,tx_order,status,selected_angle_deg,consensus_angle_deg,selected_model,confidence,track_speed_mph,n_frames,n_snapshots,direct_only_deg,two8_deg,reciprocal3_no_tdm_deg,four4_path_tdm_deg,v1_status,v1_angle_deg,v1_raw_angle_deg,v1_component_std_deg,v1_n_frames,v1_n_snapshots
0714,block_a_old_enclosure,9Iron,16.77799999999999,96.9,/Users/john.pacino/openflight_sessions/tm_0714/shot_vB_062.l3dump,0.1651,6.5,12.0,1.575,5.2,normal,accepted,18.59316884813298,17.94384324826581,direct_only,high,96.37940407058689,7,25,18.59316884813298,17.734793937129925,18.152892559401696,17.27766936067742,accepted,17.555506021171684,17.555506021171684,0.24739590899615038,7,25
0714,block_a_old_enclosure,9Iron,11.487999999999987,87.6,/Users/john.pacino/openflight_sessions/tm_0714/shot_vB_063.l3dump,0.1651,6.5,12.0,1.575,5.2,normal,accepted,8.433841593590802,13.194500382924236,two8,medium,88.80717635407886,4,16,11.302216261796328,8.433841593590802,16.622784309002398,15.086784504052146,accepted,11.779236265044851,11.779236265044851,3.335357171321056,4,16
0714,block_a_old_enclosure,9Iron,20.468999999999983,106.7,/Users/john.pacino/openflight_sessions/tm_0714/shot_vB_064.l3dump,0.1651,6.5,12.0,1.575,5.2,normal,accepted,21.237699964073908,20.859802836926193,reciprocal3_no_tdm,high,105.72698063441021,7,22,20.191394083566472,20.488098407983284,21.237699964073908,21.231507265869105,accepted,20.915613347052922,20.915613347052922,0.3870841607395441,7,22
0714,block_a_old_enclosure,9Iron,17.449000000000005,108.0,/Users/john.pacino/openflight_sessions/tm_0714/shot_vB_065.l3dump,0.1651,6.5,12.0,1.575,5.2,normal,accepted,18.42039671177978,18.10522933322141,direct_only,high,106.1831876849244,7,25,18.42039671177978,18.417109330812682,17.793349335630133,16.93108378813647,accepted,17.696198913853006,17.696198913853006,0.7438292835877363,7,25
0714,block_a_old_enclosure,9Iron,21.533999999999995,108.5,/Users/john.pacino/openflight_sessions/tm_0714/shot_vB_066.l3dump,0.1651,6.5,12.0,1.575,5.2,normal,accepted,20.833775132256413,20.44076687662858,four4_path_tdm,medium,107.62977746788948,5,20,19.54138989995501,20.90830060508118,20.04775862100075,20.833775132256413,accepted,20.90482917582919,20.90482917582919,0.03197057669196823,5,20
0714,block_a_old_enclosure,9Iron,21.057999999999993,104.5,/Users/john.pacino/openflight_sessions/tm_0714/shot_vB_067.l3dump,0.1651,6.5,12.0,1.575,5.2,normal,accepted,21.153820707512356,21.392569800406914,direct_only,high,102.60713702345099,6,22,21.153820707512356,21.631318893301472,21.033291214719192,21.764716074776032,accepted,21.728471311446555,21.728471311446555,0.06205664720635973,6,22
0714,block_a_old_enclosure,9Iron,5.689999999999997,106.6,/Users/john.pacino/openflight_sessions/tm_0714/shot_vB_068.l3dump,0.1651,6.5,12.0,1.575,5.2,normal,accepted,-1.6352701047405227,0.46798065524830856,two8,high,106.40613896323171,5,20,2.4751966926632774,-1.6352701047405227,-1.5392353821666602,7.744248036138473,accepted,7.7541700945069785,7.7541700945069785,4.694516680211214,5,20
0714,block_a_old_enclosure,9Iron,21.013999999999996,113.2,/Users/john.pacino/openflight_sessions/tm_0714/shot_vB_069.l3dump,0.1651,6.5,12.0,1.575,5.2,normal,accepted,22.24500283041136,21.765719374777582,direct_only,low,112.41052938843261,7,19,22.24500283041136,22.354995832499075,21.13857513927829,21.286435919143806,accepted,21.86646622070777,21.86646622070777,0.5421636875105786,7,19
0714,block_a_old_enclosure,9Iron,22.12999999999998,105.3,/Users/john.pacino/openflight_sessions/tm_0714/shot_vB_070.l3dump,0.1651,6.5,12.0,1.575,5.2,normal,accepted,23.008730006363443,22.244510468920872,direct_only,high,104.71249169158841,7,22,23.008730006363443,22.869276114966656,21.619744822875084,20.48079507561781,accepted,21.7230819547715,21.7230819547715,1.2040719397352593,7,22
0714,block_a_old_enclosure,9Iron,21.279999999999987,107.1,/Users/john.pacino/openflight_sessions/tm_0714/shot_vB_071.l3dump,0.1651,6.5,12.0,1.575,5.2,normal,accepted,20.553813200620205,20.241731592311403,direct_only,high,106.99061756541879,6,18,20.553813200620205,20.912633075096725,19.9296499840026,19.813099465154313,accepted,20.40141605531251,20.40141605531251,0.5552619475185221,6,18
0714,block_a_old_enclosure,7Iron,1.6789999999999963,77.1,/Users/john.pacino/openflight_sessions/tm_0714/shot_vB_072.l3dump,0.1651,6.5,12.0,1.575,5.2,normal,accepted,4.9898558081393265,9.764896233352564,two8,high,76.08501588408703,8,29,9.51116111445645,4.9898558081393265,10.01863135224868,10.2620197604837,accepted,7.643846507950029,7.643846507950029,2.641129530078142,8,29
0714,block_a_old_enclosure,7Iron,18.677999999999987,109.8,/Users/john.pacino/openflight_sessions/tm_0714/shot_vB_073.l3dump,0.1651,6.5,12.0,1.575,5.2,normal,accepted,19.65182026704197,19.427894995832858,direct_only,high,109.49639866541753,6,20,19.65182026704197,19.164673728873485,19.77806231903857,19.203969724623747,accepted,19.193421705878727,19.193421705878727,0.0304841991427498,6,20
0714,block_a_old_enclosure,7Iron,16.30699999999998,117.2,/Users/john.pacino/openflight_sessions/tm_0714/shot_vB_074.l3dump,0.1651,6.5,12.0,1.575,5.2,normal,accepted,17.50857942182965,16.47297831194766,direct_only,high,116.23352113313534,6,18,17.50857942182965,17.53538042019432,15.437377202065667,14.2917663192564,accepted,15.930476276031133,15.930476276031133,1.6306545718267564,6,18
0714,block_a_old_enclosure,7Iron,17.240999999999993,114.4,/Users/john.pacino/openflight_sessions/tm_0714/shot_vB_075.l3dump,0.1651,6.5,12.0,1.575,5.2,normal,accepted,18.862136917894723,18.232143426093693,direct_only,high,114.19845882152494,7,22,18.862136917894723,19.18152948870655,17.57084624391787,17.602149934292665,accepted,18.418027832349882,18.418027832349882,0.7990437816338947,7,22
0714,block_a_old_enclosure,7Iron,12.092000000000013,101.8,/Users/john.pacino/openflight_sessions/tm_0714/shot_vB_076.l3dump,0.1651,6.5,12.0,1.575,5.2,normal,accepted,12.026548340659206,13.317155133998476,direct_only,high,101.4782903707488,6,21,12.026548340659206,11.99799822592231,15.54904964994761,14.607761927337748,accepted,13.318529130414102,13.318529130414102,1.3026435272225756,6,21
0714,block_a_old_enclosure,7Iron,13.927999999999987,101.4,/Users/john.pacino/openflight_sessions/tm_0714/shot_vB_077.l3dump,0.1651,6.5,12.0,1.575,5.2,normal,accepted,20.071206330947632,16.972354570379245,four4_path_tdm,medium,101.36078955487612,6,19,15.042111298165198,12.871482357627523,18.902597842593295,20.071206330947632,accepted,16.50035625449008,16.50035625449008,3.610657396416191,6,19
0714,block_a_old_enclosure,7Iron,6.121999999999985,71.0,/Users/john.pacino/openflight_sessions/tm_0714/shot_vB_078.l3dump,0.1651,6.5,12.0,1.575,5.2,normal,accepted,0.30488284113873876,-0.764640700776642,direct_only,high,68.53131249109151,5,20,0.30488284113873876,-2.6132132128013645,-1.8341642426920228,10.026841242078545,accepted,10.051002256567232,10.051002256567232,6.3319621754580275,5,20
0714,block_a_old_enclosure,7Iron,15.657999999999998,108.2,/Users/john.pacino/openflight_sessions/tm_0714/shot_vB_079.l3dump,0.1651,6.5,12.0,1.575,5.2,normal,accepted,13.50985530171636,14.35987618972803,four4_path_tdm,medium,105.81490460027084,7,23,14.803374232727913,13.916378146728148,15.386720623836462,13.50985530171636,accepted,13.731727198531845,13.731727198531845,0.20325556120575072,7,23
0714,block_a_old_enclosure,7Iron,14.687999999999988,103.4,/Users/john.pacino/openflight_sessions/tm_0714/shot_vB_080.l3dump,0.1651,6.5,12.0,1.575,5.2,normal,rejected_track_quality,,,,withheld,101.14832764207878,0,0,,,,,rejected_track_quality,,,,0,0
0714,block_a_old_enclosure,7Iron,9.146999999999982,106.5,/Users/john.pacino/openflight_sessions/tm_0714/shot_vB_081.l3dump,0.1651,6.5,12.0,1.575,5.2,normal,accepted,8.502027262416602,9.0518192409201,direct_only,high,105.38835233264828,6,22,8.502027262416602,8.871349156052858,12.685809688413464,9.23228932578734,accepted,9.067644509053672,9.067644509053672,0.18424601465051005,6,22
0714,block_a_old_enclosure,7Iron,17.27599999999998,105.6,/Users/john.pacino/openflight_sessions/tm_0714/shot_vB_082.l3dump,0.1651,6.5,12.0,1.575,5.2,normal,accepted,17.121207147621835,17.851157765369546,direct_only,high,104.31702890954612,6,23,17.121207147621835,16.805353322341393,18.581108383117257,19.516818682630245,accepted,18.18750810280045,18.18750810280045,1.362722661776532,6,23
0714,block_a_old_enclosure,7Iron,18.87599999999999,108.5,/Users/john.pacino/openflight_sessions/tm_0714/shot_vB_083.l3dump,0.1651,6.5,12.0,1.575,5.2,normal,accepted,19.597469599421267,18.57650528844281,four4_path_tdm,medium,107.61742893471872,5,20,18.142127039614152,17.789381962656435,19.010883537271468,19.597469599421267,accepted,18.707501008470494,18.707501008470494,0.9067943561010257,5,20
0714,block_a_old_enclosure,7Iron,16.949999999999992,118.6,/Users/john.pacino/openflight_sessions/tm_0714/shot_vB_084.l3dump,0.1651,6.5,12.0,1.575,5.2,normal,accepted,17.8079250753151,16.416097215494258,direct_only,medium,118.32267526657873,4,16,17.8079250753151,15.97134559203421,15.749160550240878,16.860848838954304,accepted,16.426343667701524,16.426343667701524,0.4407877969107563,4,16
0714,block_a_old_enclosure,5Iron,14.677,109.3,/Users/john.pacino/openflight_sessions/tm_0714/shot_vB_086.l3dump,0.1651,6.5,12.0,1.575,5.2,normal,rejected_track_quality,,,,withheld,106.32515524075211,0,0,,,,,rejected_track_quality,,,,0,0
0714,block_a_old_enclosure,5Iron,15.406999999999991,115.2,/Users/john.pacino/openflight_sessions/tm_0714/shot_vB_087.l3dump,0.1651,6.5,12.0,1.575,5.2,normal,accepted,17.128902972227525,17.01908109585688,direct_only,high,114.36159135414191,6,20,17.128902972227525,16.941358870480883,17.096803321232876,13.88527703344464,accepted,15.436141647578104,15.436141647578104,1.5314917478612822,6,20
0714,block_a_old_enclosure,5Iron,0.5110000000000001,87.4,/Users/john.pacino/openflight_sessions/tm_0714/shot_vB_088.l3dump,0.1651,6.5,12.0,1.575,5.2,normal,accepted,-0.5348745480302155,-0.11206047166441241,two8,high,96.20403859275085,6,24,-5.0,-0.5348745480302155,0.3107536047013907,12.332035324114726,accepted,12.345397650919622,12.345397650919622,6.439416284226593,6,24
0714,block_a_old_enclosure,5Iron,15.646999999999995,120.2,/Users/john.pacino/openflight_sessions/tm_0714/shot_vB_089.l3dump,0.1651,6.5,12.0,1.575,5.2,normal,rejected_track_quality,,,,withheld,96.01072339639958,0,0,,,,,rejected_track_quality,,,,0,0
0714,block_a_old_enclosure,5Iron,12.959999999999992,118.3,/Users/john.pacino/openflight_sessions/tm_0714/shot_vB_090.l3dump,0.1651,6.5,12.0,1.575,5.2,normal,rejected_track_quality,,,,withheld,113.10588395483916,0,0,,,,,rejected_track_quality,,,,0,0
0714,block_a_old_enclosure,5Iron,9.892999999999994,103.0,/Users/john.pacino/openflight_sessions/tm_0714/shot_vB_091.l3dump,0.1651,6.5,12.0,1.575,5.2,normal,accepted,10.625540106759093,12.319105755666488,two8,medium,103.34011169784594,6,22,10.885374453636313,10.625540106759093,14.920774935922385,13.752837057696663,accepted,12.209031733093406,12.209031733093406,1.568192421763257,6,22
0714,block_a_old_enclosure,5Iron,10.917999999999983,105.2,/Users/john.pacino/openflight_sessions/tm_0714/shot_vB_092.l3dump,0.1651,6.5,12.0,1.575,5.2,normal,accepted,9.23354243297915,9.301332250397959,direct_only,high,103.20424075080244,5,19,9.23354243297915,9.369122067816768,10.321912321931203,6.110163683229047,accepted,7.7456539101267765,7.7456539101267765,1.6322199266012642,5,19
0714,block_a_old_enclosure,5Iron,1.5239999999999743,89.2,/Users/john.pacino/openflight_sessions/tm_0714/shot_vB_093.l3dump,0.1651,6.5,12.0,1.575,5.2,normal,accepted,1.1959299499258118,-0.785558045154189,direct_only,high,85.59811345959726,5,20,1.1959299499258118,-2.76704604023419,-5.0,5.936493848462408,accepted,5.947069691781095,5.947069691781095,4.356979066538031,5,20
0714,block_a_old_enclosure,5Iron,13.115999999999982,126.6,/Users/john.pacino/openflight_sessions/tm_0714/shot_vB_094.l3dump,0.1651,6.5,12.0,1.575,5.2,normal,accepted,15.40770217037411,14.944140871816959,four4_path_tdm,medium,126.1180234075728,5,20,14.480579573259808,11.435250236378542,18.8046011254313,15.40770217037411,accepted,13.43239949161855,13.43239949161855,1.9908468987926495,5,20
0714,block_a_old_enclosure,5Iron,14.271999999999982,111.7,/Users/john.pacino/openflight_sessions/tm_0714/shot_vB_095.l3dump,0.1651,6.5,12.0,1.575,5.2,normal,accepted,16.84970578099189,15.443870129197393,direct_only,high,109.08463465744676,6,24,16.84970578099189,15.617736402459919,15.12254122366891,15.270003855934865,accepted,15.463750975111928,15.463750975111928,0.17614606305021852,6,24
0714,block_a_old_enclosure,5Iron,14.196999999999997,126.4,/Users/john.pacino/openflight_sessions/tm_0714/shot_vB_096.l3dump,0.1651,6.5,12.0,1.575,5.2,normal,accepted,15.174495485885014,14.538353502551889,direct_only,medium,125.66980085088007,4,16,15.174495485885014,13.902211519218762,17.89627449678081,12.240057408707713,accepted,13.079360410160485,13.079360410160485,0.8342620037647475,4,16
0714,block_a_old_enclosure,5Iron,14.368000000000002,124.3,/Users/john.pacino/openflight_sessions/tm_0714/shot_vB_097.l3dump,0.1651,6.5,12.0,1.575,5.2,normal,accepted,13.610808736057496,14.3812989614757,direct_only,medium,123.57864081187128,4,16,13.610808736057496,11.352192884515414,18.5305350479447,15.151789186893906,accepted,13.262804573042072,13.262804573042072,1.9029471832289753,4,16
0714,block_a_old_enclosure,5Iron,14.74200000000001,128.7,/Users/john.pacino/openflight_sessions/tm_0714/shot_vB_098.l3dump,0.1651,6.5,12.0,1.575,5.2,normal,accepted,16.510836546978116,15.88609765685706,direct_only,high,127.90247894591084,5,17,16.510836546978116,16.49856966262469,14.23869483956002,15.273625651089434,accepted,15.904524511369594,15.904524511369594,0.6141110634496387,5,17
0714,block_a_old_enclosure,5Iron,14.71499999999999,127.5,/Users/john.pacino/openflight_sessions/tm_0714/shot_vB_099.l3dump,0.1651,6.5,12.0,1.575,5.2,normal,accepted,13.501993068144962,15.204769435509064,direct_only,high,126.69737101417944,5,19,13.501993068144962,13.2402382493163,16.907545802873166,18.20280464394859,accepted,15.732911755489164,15.732911755489164,2.4816659148578726,5,19
0714,block_a_old_enclosure,5Iron,16.019999999999992,121.0,/Users/john.pacino/openflight_sessions/tm_0714/shot_vB_100.l3dump,0.1651,6.5,12.0,1.575,5.2,normal,accepted,14.523352911154262,16.249753231342414,direct_only,medium,121.08770335550237,4,15,14.523352911154262,13.78398585960288,17.976153551530565,18.901872550682523,accepted,16.356995852343005,16.356995852343005,2.5635163852153724,4,15
0714,block_a_old_enclosure,5Iron,14.392000000000003,124.5,/Users/john.pacino/openflight_sessions/tm_0714/shot_vB_101.l3dump,0.1651,6.5,12.0,1.575,5.2,normal,accepted,16.754013785168617,16.98174245869575,direct_only,medium,124.70652741594922,4,16,16.754013785168617,16.16607303447561,17.608522013456188,17.209471132222884,accepted,16.71511720112823,16.71511720112823,0.5296015878676936,4,16
0714,block_a_old_enclosure,5Iron,15.962999999999989,119.0,/Users/john.pacino/openflight_sessions/tm_0714/shot_vB_102.l3dump,0.1651,6.5,12.0,1.575,5.2,normal,accepted,13.222908923271106,14.437394759328312,direct_only,medium,118.59405239233638,4,16,13.222908923271106,11.81821042420715,15.651880595385517,17.938973264281856,accepted,14.89138215008978,14.89138215008978,3.0638685236501804,4,16
0714,block_a_old_enclosure,Driver,10.004000000000007,145.2,/Users/john.pacino/openflight_sessions/tm_0714/shot_vB_103.l3dump,0.1651,6.5,12.0,1.575,5.2,normal,accepted,12.370491019497726,13.678317491700938,direct_only,low,145.4956079146131,3,12,12.370491019497726,11.711178591789476,14.98614396390415,16.020423112141838,accepted,13.880084310345147,13.880084310345147,2.1601898921642944,3,12
0714,block_a_old_enclosure,Driver,17.990000000000002,134.2,/Users/john.pacino/openflight_sessions/tm_0714/shot_vB_104.l3dump,0.1651,6.5,12.0,1.575,5.2,normal,rejected_track_quality,,,,withheld,131.35814586249927,0,0,,,,,rejected_track_quality,,,,0,0
0714,block_a_old_enclosure,Driver,5.857999999999973,139.9,/Users/john.pacino/openflight_sessions/tm_0714/shot_vB_105.l3dump,0.1651,6.5,12.0,1.575,5.2,normal,accepted,7.449203251358683,6.2034118616455896,direct_only,high,139.77223722814475,5,20,7.449203251358683,6.540568618387044,-1.4752760862316354,5.866255104904135,accepted,6.20682619685963,6.20682619685963,0.3377904336680757,5,20
0714,block_a_old_enclosure,Driver,12.557000000000004,151.0,/Users/john.pacino/openflight_sessions/tm_0714/shot_vB_106.l3dump,0.1651,6.5,12.0,1.575,5.2,normal,rejected_track_quality,,,,withheld,148.25649795020337,0,0,,,,,rejected_track_quality,,,,0,0
0714,block_a_old_enclosure,Driver,17.058999999999973,140.6,/Users/john.pacino/openflight_sessions/tm_0714/shot_vB_109.l3dump,0.1651,6.5,12.0,1.575,5.2,normal,rejected_track_quality,,,,withheld,134.01113153425428,0,0,,,,,rejected_track_quality,,,,0,0
0714,block_a_old_enclosure,Driver,14.276000000000021,149.3,/Users/john.pacino/openflight_sessions/tm_0714/shot_vB_110.l3dump,0.1651,6.5,12.0,1.575,5.2,normal,rejected_track_quality,,,,withheld,141.96530680486603,0,0,,,,,rejected_track_quality,,,,0,0
0714,block_a_old_enclosure,Driver,10.58699999999998,144.1,/Users/john.pacino/openflight_sessions/tm_0714/shot_vB_111.l3dump,0.1651,6.5,12.0,1.575,5.2,normal,insufficient_candidate_snapshots,,,,withheld,142.41100919455877,0,0,,,,,insufficient_channel_snapshots,,,,0,0
0714,block_a_old_enclosure,Driver,10.008999999999974,150.6,/Users/john.pacino/openflight_sessions/tm_0714/shot_vB_112.l3dump,0.1651,6.5,12.0,1.575,5.2,normal,accepted,15.844467473894328,18.313017149485983,direct_only,low,149.23497347435992,3,12,15.844467473894328,13.648680938924752,22.694170845042024,20.781566825077636,accepted,17.225350648583902,17.225350648583902,3.569506233800266,3,12
0714,block_a_old_enclosure,Driver,13.960999999999997,143.4,/Users/john.pacino/openflight_sessions/tm_0714/shot_vB_113.l3dump,0.1651,6.5,12.0,1.575,5.2,normal,accepted,15.196769856154567,15.233007764485583,direct_only,high,142.1067194917694,5,16,15.196769856154567,15.269245672816599,15.9576529377656,14.136183112618454,accepted,14.71490286382634,14.71490286382634,0.5670894532687747,5,16
0714,block_a_old_enclosure,Driver,14.620999999999993,150.2,/Users/john.pacino/openflight_sessions/tm_0714/shot_vB_114.l3dump,0.1651,6.5,12.0,1.575,5.2,normal,accepted,17.97227761976109,17.34659871408958,direct_only,high,148.57638073214247,5,18,17.97227761976109,17.831051194374517,16.418552365802714,16.862146233804644,accepted,17.36167528014349,17.36167528014349,0.4855297277592179,5,18
0714,block_a_old_enclosure,SandWedge,31.661999999999985,66.4,/Users/john.pacino/openflight_sessions/tm_0714/shot_vB_115.l3dump,0.1651,6.5,12.0,1.575,5.2,normal,accepted,32.17168069203288,31.951749538830256,direct_only,high,64.50710318730692,7,28,32.17168069203288,32.4008276257451,31.731818385627637,31.549091526564926,accepted,32.09492001256075,32.09492001256075,0.42193239857998677,7,28
0714,block_a_old_enclosure,SandWedge,29.217000000000002,69.4,/Users/john.pacino/openflight_sessions/tm_0714/shot_vB_116.l3dump,0.1651,6.5,12.0,1.575,5.2,normal,rejected_track_quality,,,,withheld,68.3475808944065,0,0,,,,,rejected_track_quality,,,,0,0
0714,block_a_old_enclosure,SandWedge,30.729999999999986,73.9,/Users/john.pacino/openflight_sessions/tm_0714/shot_vB_117.l3dump,0.1651,6.5,12.0,1.575,5.2,normal,accepted,30.842452877321936,30.272125978573726,direct_only,high,69.80423799211137,5,20,30.842452877321936,30.988996998846048,29.701799079825513,28.69135317945501,accepted,29.94710801895252,29.94710801895252,1.1598658982451244,5,20
0714,block_a_old_enclosure,SandWedge,33.168000000000006,70.2,/Users/john.pacino/openflight_sessions/tm_0714/shot_vB_118.l3dump,0.1651,6.5,12.0,1.575,5.2,normal,accepted,33.52958204076651,33.522081646360434,direct_only,high,62.09925299506705,7,25,33.52958204076651,34.276826798371275,33.22819619482019,33.514581251954354,accepted,34.019473554858045,34.019473554858045,0.3753001826171527,7,25
0714,block_a_old_enclosure,SandWedge,26.353999999999992,71.9,/Users/john.pacino/openflight_sessions/tm_0714/shot_vB_119.l3dump,0.1651,6.5,12.0,1.575,5.2,normal,accepted,29.02366616892661,27.384117743755358,direct_only,high,70.37153857531413,6,24,29.02366616892661,29.233525354310128,25.744569318584105,25.602780953039495,accepted,27.53343219780366,27.53343219780366,1.8546648845215827,6,24
0714,block_a_old_enclosure,SandWedge,27.744999999999997,67.4,/Users/john.pacino/openflight_sessions/tm_0714/shot_vB_120.l3dump,0.1651,6.5,12.0,1.575,5.2,normal,accepted,28.160722027532852,28.049254130017424,direct_only,high,65.01421660181312,7,28,28.160722027532852,28.677356909966957,27.937786232501995,25.496389314731275,accepted,27.174540644209998,27.174540644209998,1.6130473981309397,7,28
0714,block_a_old_enclosure,SandWedge,24.805000000000007,66.2,/Users/john.pacino/openflight_sessions/tm_0714/shot_vB_121.l3dump,0.1651,6.5,12.0,1.575,5.2,normal,accepted,25.03105649512092,25.2009435720385,direct_only,high,65.80335141003339,6,24,25.03105649512092,25.37083064895608,25.954417666075514,24.679528217337435,accepted,25.135583426290538,25.135583426290538,0.3315339022355488,6,24
0714,block_a_old_enclosure,SandWedge,31.036999999999985,65.9,/Users/john.pacino/openflight_sessions/tm_0714/shot_vB_122.l3dump,0.1651,6.5,12.0,1.575,5.2,normal,accepted,31.389522496780142,31.337649049367357,direct_only,high,59.31277831978292,6,24,31.389522496780142,31.555634488374857,31.28577560195457,30.81813915882037,accepted,31.27217193225716,31.27217193225716,0.37130112171834995,6,24
0714,block_a_old_enclosure,SandWedge,29.30099999999999,77.9,/Users/john.pacino/openflight_sessions/tm_0714/shot_vB_123.l3dump,0.1651,6.5,12.0,1.575,5.2,normal,accepted,29.161539181488614,28.833121753959,direct_only,high,75.06425904880476,8,29,29.161539181488614,29.550456262340724,28.50470432642938,27.68679790372849,accepted,28.719999012756958,28.719999012756958,0.9465432282616018,8,29
0714,block_a_old_enclosure,SandWedge,28.975,80.3,/Users/john.pacino/openflight_sessions/tm_0714/shot_vB_124.l3dump,0.1651,6.5,12.0,1.575,5.2,normal,accepted,29.304768050153275,29.606055174930805,direct_only,high,75.310115006831,6,24,29.304768050153275,30.207723768396253,29.907342299708336,27.596588179789812,accepted,28.985322834740174,28.985322834740174,1.2670265737352526,6,24
0717,normal_tx,9Iron,19.072999999999993,113.1,/Users/john.pacino/Projects/openflight/artifacts/pi_sync_20260717/openflight_sessions/iwr6843/iwr6843_20260717_112928_947_001.l3dump,0.1651,6.5,10.40495,1.655,5.156,normal,accepted,21.119357094323036,21.046121544481878,direct_only,high,109.70275764130167,6,24,21.119357094323036,21.170520388932076,20.972885994640723,20.318120578825663,accepted,20.7840613620971,20.7840613620971,0.43819410144686266,6,24
0717,normal_tx,9Iron,19.63100000000001,108.9,/Users/john.pacino/Projects/openflight/artifacts/pi_sync_20260717/openflight_sessions/iwr6843/iwr6843_20260717_112946_449_002.l3dump,0.1651,6.5,10.40495,1.655,5.156,normal,rejected_track_quality,,,,withheld,101.82517026231329,0,0,,,,,rejected_track_quality,,,,0,0
0717,normal_tx,9Iron,19.155999999999995,113.6,/Users/john.pacino/Projects/openflight/artifacts/pi_sync_20260717/openflight_sessions/iwr6843/iwr6843_20260717_113006_286_003.l3dump,0.1651,6.5,10.40495,1.655,5.156,normal,accepted,22.419446521495665,22.17307639124671,direct_only,high,110.26427205523618,6,24,22.419446521495665,22.54038377471109,21.92670626099775,19.236003737581946,accepted,20.916979737103752,20.916979737103752,1.6647220481618579,6,24
0717,normal_tx,9Iron,20.607999999999993,109.1,/Users/john.pacino/Projects/openflight/artifacts/pi_sync_20260717/openflight_sessions/iwr6843/iwr6843_20260717_113029_308_004.l3dump,0.1651,6.5,10.40495,1.655,5.156,normal,accepted,21.17501559374315,20.776627021075697,two8,high,106.21132630351711,8,28,21.185781130992417,21.17501559374315,20.378238448408243,20.375762231399246,accepted,20.81351218263198,20.81351218263198,0.4047681836681587,8,28
0717,normal_tx,9Iron,20.957999999999984,102.4,/Users/john.pacino/Projects/openflight/artifacts/pi_sync_20260717/openflight_sessions/iwr6843/iwr6843_20260717_113103_793_005.l3dump,0.1651,6.5,10.40495,1.655,5.156,normal,accepted,24.62491588270157,24.220664127192464,direct_only,high,98.63171387283664,8,30,24.62491588270157,25.109081957177974,23.816412371683363,21.5555256154648,accepted,23.382251935468048,23.382251935468048,1.7994688748368848,8,30
0717,normal_tx,9Iron,20.714,113.9,/Users/john.pacino/Projects/openflight/artifacts/pi_sync_20260717/openflight_sessions/iwr6843/iwr6843_20260717_113123_298_006.l3dump,0.1651,6.5,10.40495,1.655,5.156,normal,accepted,23.29982483393149,23.465783512283878,direct_only,high,109.8868918711154,6,23,23.29982483393149,23.63174219063627,24.552400731400063,20.681646113761666,accepted,22.192344475678418,22.192344475678418,1.4813858957231307,6,23
0717,normal_tx,9Iron,19.871999999999993,108.1,/Users/john.pacino/Projects/openflight/artifacts/pi_sync_20260717/openflight_sessions/iwr6843/iwr6843_20260717_113140_333_007.l3dump,0.1651,6.5,10.40495,1.655,5.156,normal,accepted,22.744256502987408,22.33350630039374,direct_only,high,104.6236097113984,7,27,22.744256502987408,22.961066392548545,21.762932209891673,21.92275609780007,accepted,22.485428107362203,22.485428107362203,0.5253670459927537,7,27
0717,normal_tx,9Iron,19.922999999999977,109.1,/Users/john.pacino/Projects/openflight/artifacts/pi_sync_20260717/openflight_sessions/iwr6843/iwr6843_20260717_113203_465_008.l3dump,0.1651,6.5,10.40495,1.655,5.156,normal,accepted,22.16946560372303,21.81733558186873,direct_only,high,106.54938898556463,7,27,22.16946560372303,22.456171999518602,21.46520556001443,19.19847496454856,accepted,20.871235163280026,20.871235163280026,1.6416534728592147,7,27
0717,normal_tx,9Iron,18.06699999999999,108.9,/Users/john.pacino/Projects/openflight/artifacts/pi_sync_20260717/openflight_sessions/iwr6843/iwr6843_20260717_113222_651_009.l3dump,0.1651,6.5,10.40495,1.655,5.156,normal,accepted,21.583684328359173,20.867540897098372,reciprocal3_no_tdm,medium,107.78526901138629,7,26,20.419090312385617,20.72850915664062,21.583684328359173,21.006572637556125,accepted,20.9102181237843,20.9102181237843,0.14655351029414732,7,26
0717,normal_tx,9Iron,18.641999999999992,98.4,/Users/john.pacino/Projects/openflight/artifacts/pi_sync_20260717/openflight_sessions/iwr6843/iwr6843_20260717_113243_742_010.l3dump,0.1651,6.5,10.40495,1.655,5.156,normal,accepted,20.098741373318944,19.021970846553586,direct_only,high,94.49016630575724,7,27,20.098741373318944,20.208237937016712,17.945200319788224,15.745055857154275,accepted,18.006850004022937,18.006850004022937,2.235210981636362,7,27
0717,normal_tx,9Iron,18.680999999999994,117.3,/Users/john.pacino/Projects/openflight/artifacts/pi_sync_20260717/openflight_sessions/iwr6843/iwr6843_20260717_114807_350_001.l3dump,0.1651,6.5,10.40495,1.655,5.156,normal,accepted,20.309092490927608,19.861434865828507,direct_only,high,114.14644846411598,7,25,20.309092490927608,19.413777240729406,21.300173238343366,18.891895181829476,accepted,19.172861226556574,19.172861226556574,0.25631899687296666,7,25
0717,normal_tx,9Iron,20.624999999999986,115.2,/Users/john.pacino/Projects/openflight/artifacts/pi_sync_20260717/openflight_sessions/iwr6843/iwr6843_20260717_114824_439_002.l3dump,0.1651,6.5,10.40495,1.655,5.156,normal,accepted,20.33674488793547,21.351553083824626,four4_path_tdm,high,111.02841952987575,6,24,21.14017546323466,21.56293070441459,23.229301785399695,20.33674488793547,accepted,20.973378680727293,20.973378680727293,0.6227323483032681,6,24
0717,normal_tx,9Iron,20.003999999999994,116.5,/Users/john.pacino/Projects/openflight/artifacts/pi_sync_20260717/openflight_sessions/iwr6843/iwr6843_20260717_114845_092_003.l3dump,0.1651,6.5,10.40495,1.655,5.156,normal,accepted,21.0189301270037,20.286951403072226,direct_only,high,113.60357512217249,7,25,21.0189301270037,20.48986085737253,20.084041948771922,18.113321396114245,accepted,19.325647203754343,19.325647203754343,1.1930366335227305,7,25
0717,normal_tx,9Iron,18.554999999999993,117.0,/Users/john.pacino/Projects/openflight/artifacts/pi_sync_20260717/openflight_sessions/iwr6843/iwr6843_20260717_114906_734_004.l3dump,0.1651,6.5,10.40495,1.655,5.156,normal,accepted,20.977876445801886,21.204031498730046,reciprocal3_no_tdm,medium,113.57308289756627,8,27,21.430186551658206,22.31160042411605,20.977876445801886,19.853966603692143,accepted,21.119448713980553,21.119448713980553,1.2330204431966418,8,27
0717,normal_tx,9Iron,18.57899999999998,116.5,/Users/john.pacino/Projects/openflight/artifacts/pi_sync_20260717/openflight_sessions/iwr6843/iwr6843_20260717_114929_221_005.l3dump,0.1651,6.5,10.40495,1.655,5.156,normal,rejected_track_quality,,,,withheld,111.2140024539796,0,0,,,,,rejected_track_quality,,,,0,0
0717,normal_tx,9Iron,2.860999999999996,92.9,/Users/john.pacino/Projects/openflight/artifacts/pi_sync_20260717/openflight_sessions/iwr6843/iwr6843_20260717_115027_091_007.l3dump,0.1651,6.5,10.40495,1.655,5.156,normal,accepted,2.1445783182540445,2.2996677240889443,direct_only,high,92.08929519207703,8,32,2.1445783182540445,2.454757129923844,-1.527757119775011,8.907619634761161,accepted,5.690749283279051,5.690749283279051,3.2323118573032934,8,32
0717,normal_tx,9Iron,19.787000000000003,112.7,/Users/john.pacino/Projects/openflight/artifacts/pi_sync_20260717/openflight_sessions/iwr6843/iwr6843_20260717_115100_415_009.l3dump,0.1651,6.5,10.40495,1.655,5.156,normal,accepted,22.75929319897914,21.850007111501355,direct_only,high,108.2934289498602,8,28,22.75929319897914,22.48368059181276,21.216333631189954,19.885219204119508,accepted,21.221792485315365,21.221792485315365,1.3043189202262262,8,28
0717,normal_tx,9Iron,19.459999999999997,100.6,/Users/john.pacino/Projects/openflight/artifacts/pi_sync_20260717/openflight_sessions/iwr6843/iwr6843_20260717_115119_123_010.l3dump,0.1651,6.5,10.40495,1.655,5.156,normal,accepted,19.985902338590808,20.394795047857016,direct_only,high,96.9887985261914,8,28,19.985902338590808,20.20394121674384,20.58564887897019,20.687104895194203,accepted,20.472953150330206,20.472953150330206,0.2266011238305783,8,28
0717,normal_tx,9Iron,18.555999999999994,109.8,/Users/john.pacino/Projects/openflight/artifacts/pi_sync_20260717/openflight_sessions/iwr6843/iwr6843_20260717_115206_270_013.l3dump,0.1651,6.5,10.40495,1.655,5.156,normal,accepted,18.873384636327035,18.853898069170206,direct_only,high,105.95845555315563,6,24,18.873384636327035,18.834411502013378,20.686248893204024,17.123028227625635,accepted,18.00808349006103,18.00808349006103,0.8615684935547385,6,24
0717,normal_tx,9Iron,21.69899999999999,107.1,/Users/john.pacino/Projects/openflight/artifacts/pi_sync_20260717/openflight_sessions/iwr6843/iwr6843_20260717_115226_374_014.l3dump,0.1651,6.5,10.40495,1.655,5.156,normal,accepted,24.242527069610574,24.072302810447887,direct_only,high,103.13538643414192,7,26,24.242527069610574,24.790352080818824,23.902078551285204,23.77308696628202,accepted,24.321016573164865,24.321016573164865,0.5118989702125099,7,26
0717,normal_tx,7Iron,14.590999999999983,110.2,/Users/john.pacino/Projects/openflight/artifacts/pi_sync_20260717/openflight_sessions/iwr6843/iwr6843_20260717_115403_200_001.l3dump,0.1651,6.5,10.40495,1.655,5.156,normal,accepted,16.32362608980165,16.41734661484493,direct_only,high,108.0287781900987,7,23,16.32362608980165,16.511067139888215,15.521630612343634,17.768247211862477,accepted,17.166178258846507,17.166178258846507,0.6306286811465558,7,23
0717,normal_tx,7Iron,9.333000000000002,107.0,/Users/john.pacino/Projects/openflight/artifacts/pi_sync_20260717/openflight_sessions/iwr6843/iwr6843_20260717_115422_850_002.l3dump,0.1651,6.5,10.40495,1.655,5.156,normal,accepted,8.086801836909322,8.14235617880442,direct_only,low,104.93222670063012,5,19,8.086801836909322,7.526621147827218,17.43422104546051,8.197910520699518,accepted,7.869299018216684,7.869299018216684,0.3342470764951484,5,19
0717,normal_tx,7Iron,13.807999999999995,114.5,/Users/john.pacino/Projects/openflight/artifacts/pi_sync_20260717/openflight_sessions/iwr6843/iwr6843_20260717_115459_659_004.l3dump,0.1651,6.5,10.40495,1.655,5.156,normal,rejected_track_quality,,,,withheld,108.91206364364214,0,0,,,,,rejected_track_quality,,,,0,0
0717,normal_tx,7Iron,14.848999999999997,116.6,/Users/john.pacino/Projects/openflight/artifacts/pi_sync_20260717/openflight_sessions/iwr6843/iwr6843_20260717_115520_351_005.l3dump,0.1651,6.5,10.40495,1.655,5.156,normal,accepted,16.356204400927243,15.984434278166496,direct_only,high,114.08766130850351,6,22,16.356204400927243,16.606028038281593,15.119818535071044,15.61266415540575,accepted,16.126074983762557,16.126074983762557,0.4948269392379574,6,22
0717,normal_tx,7Iron,16.127999999999997,117.7,/Users/john.pacino/Projects/openflight/artifacts/pi_sync_20260717/openflight_sessions/iwr6843/iwr6843_20260717_115540_973_006.l3dump,0.1651,6.5,10.40495,1.655,5.156,normal,accepted,17.729663348295986,17.92054374091132,direct_only,high,114.63664921868603,6,21,17.729663348295986,18.114089253667874,18.11142413352665,16.36838199589654,accepted,17.25709518634912,17.25709518634912,0.8687104810507105,6,21
0717,normal_tx,7Iron,15.296999999999995,121.2,/Users/john.pacino/Projects/openflight/artifacts/pi_sync_20260717/openflight_sessions/iwr6843/iwr6843_20260717_115559_044_007.l3dump,0.1651,6.5,10.40495,1.655,5.156,normal,rejected_track_quality,,,,withheld,113.15468519670763,0,0,,,,,rejected_track_quality,,,,0,0
0717,normal_tx,7Iron,14.154999999999982,116.2,/Users/john.pacino/Projects/openflight/artifacts/pi_sync_20260717/openflight_sessions/iwr6843/iwr6843_20260717_115625_775_008.l3dump,0.1651,6.5,10.40495,1.655,5.156,normal,accepted,16.624993504544705,16.425057746057902,two8,medium,112.16535714059006,7,23,16.2251219875711,16.624993504544705,17.2239231059899,13.950443543376355,accepted,15.308840046745454,15.308840046745454,1.3417776093098137,7,23
0717,normal_tx,7Iron,17.04999999999997,106.9,/Users/john.pacino/Projects/openflight/artifacts/pi_sync_20260717/openflight_sessions/iwr6843/iwr6843_20260717_115650_587_009.l3dump,0.1651,6.5,10.40495,1.655,5.156,normal,accepted,16.276440022433317,17.803458894603423,direct_only,high,104.31936506458818,6,24,16.276440022433317,16.222401242638803,19.4563441580773,19.330477766773527,accepted,17.80225153272167,17.80225153272167,1.555519595209402,6,24
0717,normal_tx,7Iron,13.912999999999993,119.1,/Users/john.pacino/Projects/openflight/artifacts/pi_sync_20260717/openflight_sessions/iwr6843/iwr6843_20260717_115728_239_011.l3dump,0.1651,6.5,10.40495,1.655,5.156,normal,accepted,15.927987985691889,5.268298000905285,direct_only,high,117.25682400828374,5,20,15.927987985691889,15.53659600181057,-5.0,-5.0,accepted,15.553951984182754,15.553951984182754,0.0,5,20
0717,normal_tx,7Iron,13.188999999999988,118.5,/Users/john.pacino/Projects/openflight/artifacts/pi_sync_20260717/openflight_sessions/iwr6843/iwr6843_20260717_115753_889_012.l3dump,0.1651,6.5,10.40495,1.655,5.156,normal,accepted,15.805160274230055,14.887380381870642,direct_only,medium,116.63394113375617,4,16,15.805160274230055,13.969600489511228,19.33566874716946,11.174844682153788,accepted,12.57968104374396,12.57968104374396,1.3952311895635692,4,16
0717,normal_tx,7Iron,11.667999999999969,114.1,/Users/john.pacino/Projects/openflight/artifacts/pi_sync_20260717/openflight_sessions/iwr6843/iwr6843_20260717_120007_601_015.l3dump,0.1651,6.5,10.40495,1.655,5.156,normal,rejected_track_quality,,,,withheld,85.72320015838827,0,0,,,,,rejected_track_quality,,,,0,0
0717,normal_tx,7Iron,6.6529999999999925,107.6,/Users/john.pacino/Projects/openflight/artifacts/pi_sync_20260717/openflight_sessions/iwr6843/iwr6843_20260717_120027_859_016.l3dump,0.1651,6.5,10.40495,1.655,5.156,normal,rejected_track_quality,,,,withheld,103.77807965873329,0,0,,,,,rejected_track_quality,,,,0,0
0717,normal_tx,7Iron,15.07300000000001,110.0,/Users/john.pacino/Projects/openflight/artifacts/pi_sync_20260717/openflight_sessions/iwr6843/iwr6843_20260717_120043_225_017.l3dump,0.1651,6.5,10.40495,1.655,5.156,normal,accepted,16.93977799265059,16.707782171479977,direct_only,high,107.88216391992812,6,24,16.93977799265059,16.86616774756242,15.894168795360454,16.54939659539753,accepted,16.73391188554116,16.73391188554116,0.1613640092459594,6,24
0717,normal_tx,7Iron,15.63299999999998,116.1,/Users/john.pacino/Projects/openflight/artifacts/pi_sync_20260717/openflight_sessions/iwr6843/iwr6843_20260717_120105_500_018.l3dump,0.1651,6.5,10.40495,1.655,5.156,normal,accepted,16.25013758407036,17.455431984168126,direct_only,high,112.39999312579813,7,28,16.25013758407036,15.957265023984819,19.52925934737033,18.660726384265892,accepted,17.334536327672424,17.334536327672424,1.351514501712229,7,28
0717,normal_tx,5Iron,11.92599999999999,131.3,/Users/john.pacino/Projects/openflight/artifacts/pi_sync_20260717/openflight_sessions/iwr6843/iwr6843_20260717_120303_171_023.l3dump,0.1651,6.5,10.40495,1.655,5.156,normal,accepted,14.217048507022149,14.125568081471233,direct_only,high,128.5279408693187,6,21,14.217048507022149,14.034087655920315,15.627120508591537,10.015982965034068,accepted,12.038514722164123,12.038514722164123,2.0115796979212215,6,21
0717,normal_tx,5Iron,2.6459999999999955,116.6,/Users/john.pacino/Projects/openflight/artifacts/pi_sync_20260717/openflight_sessions/iwr6843/iwr6843_20260717_120325_842_024.l3dump,0.1651,6.5,10.40495,1.655,5.156,normal,accepted,3.6432490713771433,1.9504249335426596,direct_only,high,114.69724817738842,7,26,3.6432490713771433,0.2576007957081756,-2.138829022927157,10.47221753783587,accepted,0.2578829801186565,0.2578829801186565,5.113812869586846,7,26
0717,normal_tx,5Iron,4.683000000000001,103.1,/Users/john.pacino/Projects/openflight/artifacts/pi_sync_20260717/openflight_sessions/iwr6843/iwr6843_20260717_120343_217_025.l3dump,0.1651,6.5,10.40495,1.655,5.156,normal,accepted,1.771864282922232,0.18178026495928268,direct_only,high,102.34348508391847,7,25,1.771864282922232,-1.4083037530036666,-1.4618401867515918,3.461202629595702,accepted,1.0293406694262384,1.0293406694262384,2.4371608212700666,7,25
0717,normal_tx,5Iron,12.43999999999999,122.2,/Users/john.pacino/Projects/openflight/artifacts/pi_sync_20260717/openflight_sessions/iwr6843/iwr6843_20260717_120430_094_028.l3dump,0.1651,6.5,10.40495,1.655,5.156,normal,accepted,15.130565602202083,15.425758876238534,direct_only,medium,119.879226816477,4,13,15.130565602202083,13.000016359728377,18.886234867082706,15.720952150274986,accepted,14.372248252975911,14.372248252975911,1.3627946849447756,4,13
0717,normal_tx,5Iron,4.967000000000003,79.0,/Users/john.pacino/Projects/openflight/artifacts/pi_sync_20260717/openflight_sessions/iwr6843/iwr6843_20260717_120453_936_029.l3dump,0.1651,6.5,10.40495,1.655,5.156,normal,rejected_track_quality,,,,withheld,125.85000494016758,0,0,,,,,rejected_track_quality,,,,0,0
0717,normal_tx,5Iron,17.143999999999973,119.7,/Users/john.pacino/Projects/openflight/artifacts/pi_sync_20260717/openflight_sessions/iwr6843/iwr6843_20260717_120527_255_031.l3dump,0.1651,6.5,10.40495,1.655,5.156,normal,rejected_track_quality,,,,withheld,115.03409238646083,0,0,,,,,rejected_track_quality,,,,0,0
0717,normal_tx,5Iron,12.62799999999997,124.4,/Users/john.pacino/Projects/openflight/artifacts/pi_sync_20260717/openflight_sessions/iwr6843/iwr6843_20260717_120753_167_002.l3dump,0.1651,6.5,10.40495,1.655,5.156,normal,accepted,14.701339258325017,14.237741403784266,direct_only,high,122.12007257187565,6,16,14.701339258325017,13.774143549243517,14.776069488632288,6.425482950438378,accepted,10.10897115551146,10.10897115551146,3.6810674408763386,6,16
0717,normal_tx,5Iron,11.412000000000003,131.1,/Users/john.pacino/Projects/openflight/artifacts/pi_sync_20260717/openflight_sessions/iwr6843/iwr6843_20260717_120823_650_004.l3dump,0.1651,6.5,10.40495,1.655,5.156,normal,accepted,11.88480836522007,11.659096821995965,direct_only,high,128.7934538736806,5,20,11.88480836522007,11.75420039043319,8.802912468892822,11.563993253558738,accepted,11.66845883355007,11.66845883355007,0.09386174117293589,5,20
0717,normal_tx,5Iron,13.694999999999984,129.4,/Users/john.pacino/Projects/openflight/artifacts/pi_sync_20260717/openflight_sessions/iwr6843/iwr6843_20260717_120849_851_006.l3dump,0.1651,6.5,10.40495,1.655,5.156,normal,rejected_track_quality,,,,withheld,124.86551705046064,0,0,,,,,rejected_track_quality,,,,0,0
0717,normal_tx,5Iron,9.534000000000018,127.9,/Users/john.pacino/Projects/openflight/artifacts/pi_sync_20260717/openflight_sessions/iwr6843/iwr6843_20260717_120910_820_007.l3dump,0.1651,6.5,10.40495,1.655,5.156,normal,accepted,11.02672273907292,9.822538164321742,direct_only,high,125.13468268905856,6,19,11.02672273907292,9.311692770513336,9.391893856162547,10.253182472480939,accepted,9.789071587090962,9.789071587090962,0.46854529059389893,6,19
0717,normal_tx,5Iron,10.544999999999991,95.9,/Users/john.pacino/Projects/openflight/artifacts/pi_sync_20260717/openflight_sessions/iwr6843/iwr6843_20260717_120937_977_009.l3dump,0.1651,6.5,10.40495,1.655,5.156,normal,accepted,13.345641854125411,14.560165695506662,direct_only,high,91.65218216625678,6,18,13.345641854125411,12.4048762860836,16.405777840344076,15.774689536887912,accepted,14.101997944987438,14.101997944987438,1.6895292502282198,6,18
0717,normal_tx,5Iron,11.300999999999949,108.6,/Users/john.pacino/Projects/openflight/artifacts/pi_sync_20260717/openflight_sessions/iwr6843/iwr6843_20260717_121039_661_012.l3dump,0.1651,6.5,10.40495,1.655,5.156,normal,rejected_track_quality,,,,withheld,102.77487611290624,0,0,,,,,rejected_track_quality,,,,0,0
0717,normal_tx,5Iron,17.96899999999999,105.2,/Users/john.pacino/Projects/openflight/artifacts/pi_sync_20260717/openflight_sessions/iwr6843/iwr6843_20260717_121055_162_013.l3dump,0.1651,6.5,10.40495,1.655,5.156,normal,accepted,19.401113735574356,15.752000564784845,four4_path_tdm,medium,102.2310816349796,6,22,12.102887393995335,0.06584250552877659,20.284390925182304,19.401113735574356,accepted,19.425286354571515,19.425286354571515,9.67880272613151,6,22
0717,normal_tx,5Iron,8.87999999999998,131.9,/Users/john.pacino/Projects/openflight/artifacts/pi_sync_20260717/openflight_sessions/iwr6843/iwr6843_20260717_121117_373_015.l3dump,0.1651,6.5,10.40495,1.655,5.156,normal,accepted,10.212363934458185,9.25188374384959,direct_only,high,128.10212336817276,7,23,10.212363934458185,9.384977735713028,9.11878975198615,8.366298239423962,accepted,8.881830758618083,8.881830758618083,0.5113988700799581,7,23
0717,normal_tx,SandWedge,25.881999999999998,67.0,/Users/john.pacino/Projects/openflight/artifacts/pi_sync_20260717/openflight_sessions/iwr6843/iwr6843_20260717_121204_092_018.l3dump,0.1651,6.5,10.40495,1.655,5.156,normal,rejected_track_quality,,,,withheld,157.89662466769695,0,0,,,,,rejected_track_quality,,,,0,0
0717,normal_tx,SandWedge,29.326999999999998,82.3,/Users/john.pacino/Projects/openflight/artifacts/pi_sync_20260717/openflight_sessions/iwr6843/iwr6843_20260717_121222_280_019.l3dump,0.1651,6.5,10.40495,1.655,5.156,normal,accepted,31.4192487647567,31.4062599071911,direct_only,high,75.18565728434442,6,24,31.4192487647567,31.90986355711398,31.393271049625504,28.039171601595687,accepted,30.049934406728788,30.049934406728788,1.9422129636487089,6,24
0717,normal_tx,SandWedge,1.5149999999999944,79.0,/Users/john.pacino/Projects/openflight/artifacts/pi_sync_20260717/openflight_sessions/iwr6843/iwr6843_20260717_121257_460_022.l3dump,0.1651,6.5,10.40495,1.655,5.156,normal,accepted,0.7372881741065831,-0.6299827072253887,direct_only,high,78.02558053852245,8,32,0.7372881741065831,-2.716684560874144,-1.9972535885573606,7.119363437374904,accepted,7.128329939092067,7.128329939092067,4.92248314223762,8,32
0717,normal_tx,SandWedge,29.942000000000014,78.4,/Users/john.pacino/Projects/openflight/artifacts/pi_sync_20260717/openflight_sessions/iwr6843/iwr6843_20260717_121320_732_024.l3dump,0.1651,6.5,10.40495,1.655,5.156,normal,rejected_track_quality,,,,withheld,66.3190840837212,0,0,,,,,rejected_track_quality,,,,0,0
0717,normal_tx,SandWedge,30.744999999999997,74.3,/Users/john.pacino/Projects/openflight/artifacts/pi_sync_20260717/openflight_sessions/iwr6843/iwr6843_20260717_121351_239_026.l3dump,0.1651,6.5,10.40495,1.655,5.156,normal,accepted,32.10176260572568,32.440412260585106,direct_only,high,66.70678229038002,7,28,32.10176260572568,33.07475615985143,32.77906191544454,29.839165164950554,accepted,31.5894799285447,31.5894799285447,1.624499486255953,7,28
0717,normal_tx,SandWedge,26.976,76.3,/Users/john.pacino/Projects/openflight/artifacts/pi_sync_20260717/openflight_sessions/iwr6843/iwr6843_20260717_121414_496_028.l3dump,0.1651,6.5,10.40495,1.655,5.156,normal,rejected_track_quality,,,,withheld,86.75008053271131,0,0,,,,,rejected_track_quality,,,,0,0
0717,normal_tx,SandWedge,28.018999999999988,77.1,/Users/john.pacino/Projects/openflight/artifacts/pi_sync_20260717/openflight_sessions/iwr6843/iwr6843_20260717_121439_150_030.l3dump,0.1651,6.5,10.40495,1.655,5.156,normal,accepted,31.129652733203304,30.66626768408066,direct_only,high,67.27269480705134,7,26,31.129652733203304,31.241650069483633,30.202882634958012,27.122872152045417,accepted,29.293904624175205,29.293904624175205,2.091553830881848,7,26
0717,normal_tx,SandWedge,30.037999999999993,75.4,/Users/john.pacino/Projects/openflight/artifacts/pi_sync_20260717/openflight_sessions/iwr6843/iwr6843_20260717_121511_227_033.l3dump,0.1651,6.5,10.40495,1.655,5.156,normal,rejected_track_quality,,,,withheld,61.511152860515814,0,0,,,,,rejected_track_quality,,,,0,0
0717,normal_tx,SandWedge,28.917000000000012,77.9,/Users/john.pacino/Projects/openflight/artifacts/pi_sync_20260717/openflight_sessions/iwr6843/iwr6843_20260717_121602_028_036.l3dump,0.1651,6.5,10.40495,1.655,5.156,normal,accepted,30.93887309819972,30.669597382464804,reciprocal3_no_tdm,medium,69.9799396870911,6,24,30.400321666729887,31.379743487560745,30.93887309819972,29.994644963244433,accepted,30.80414340903231,30.80414340903231,0.7367050657376524,6,24
0717,normal_tx,SandWedge,29.544,79.2,/Users/john.pacino/Projects/openflight/artifacts/pi_sync_20260717/openflight_sessions/iwr6843/iwr6843_20260717_121616_891_037.l3dump,0.1651,6.5,10.40495,1.655,5.156,normal,accepted,33.07934757185654,32.82246932969449,direct_only,high,69.60573272916159,6,24,33.07934757185654,33.65807016783915,32.56559108753245,30.32884511166911,accepted,32.06497667976463,32.06497667976463,1.664683398253981,6,24
0717,normal_tx,Driver,19.501999999999974,139.6,/Users/john.pacino/Projects/openflight/artifacts/pi_sync_20260717/openflight_sessions/iwr6843/iwr6843_20260717_121817_738_002.l3dump,0.1651,6.5,10.40495,1.655,5.156,normal,accepted,23.01141547161217,23.390828686894636,direct_only,high,135.6382121955929,5,20,23.01141547161217,24.083587112327557,23.770241902177105,21.39336145821664,accepted,22.7624270109983,22.7624270109983,1.3438722159181804,5,20
0717,normal_tx,Driver,13.600000000000001,151.8,/Users/john.pacino/Projects/openflight/artifacts/pi_sync_20260717/openflight_sessions/iwr6843/iwr6843_20260717_121853_553_005.l3dump,0.1651,6.5,10.40495,1.655,5.156,normal,accepted,29.532990753998806,22.65925984703187,four4_path_tdm,medium,55.3238371514053,7,28,22.537411524753935,21.739729214439738,22.781108169309807,29.532990753998806,accepted,25.656812493220066,25.656812493220066,3.8966082137989524,7,28
0717,normal_tx,Driver,11.264999999999931,159.9,/Users/john.pacino/Projects/openflight/artifacts/pi_sync_20260717/openflight_sessions/iwr6843/iwr6843_20260717_121928_251_007.l3dump,0.1651,6.5,10.40495,1.655,5.156,normal,accepted,13.922061876601791,11.567106982553398,direct_only,medium,157.02204078990283,4,16,13.922061876601791,13.353671379255827,9.621086282942688,9.78054258585097,accepted,11.571287472009313,11.571287472009313,1.7870718835361066,4,16
0717,normal_tx,Driver,10.865999999999948,161.2,/Users/john.pacino/Projects/openflight/artifacts/pi_sync_20260717/openflight_sessions/iwr6843/iwr6843_20260717_122018_436_011.l3dump,0.1651,6.5,10.40495,1.655,5.156,normal,accepted,14.965665401927621,15.030585817891833,direct_only,low,157.4279632527772,3,12,14.965665401927621,15.095506233856044,20.990735969924714,8.213408137420908,accepted,11.659687230204415,11.659687230204415,3.443227973540716,3,12
0717,normal_tx,Driver,6.214999999999975,156.1,/Users/john.pacino/Projects/openflight/artifacts/pi_sync_20260717/openflight_sessions/iwr6843/iwr6843_20260717_122053_344_014.l3dump,0.1651,6.5,10.40495,1.655,5.156,normal,accepted,9.255259718142987,9.6476315652905,direct_only,medium,153.41771087047542,4,16,9.255259718142987,9.803223499516383,15.45599891763328,9.492039631064614,accepted,9.65410833393193,9.65410833393193,0.15679392844554219,4,16
0717,normal_tx,Driver,9.191999999999986,154.1,/Users/john.pacino/Projects/openflight/artifacts/pi_sync_20260717/openflight_sessions/iwr6843/iwr6843_20260717_122143_307_017.l3dump,0.1651,6.5,10.40495,1.655,5.156,normal,accepted,21.56675131676606,21.65689773868504,direct_only,medium,56.110526481382315,7,26,21.56675131676606,17.091936995918093,21.747044160604023,26.321919564506793,accepted,26.33586638870276,26.33586638870276,4.6206743554685,7,26
0717,normal_tx,Driver,15.532999999999989,150.8,/Users/john.pacino/Projects/openflight/artifacts/pi_sync_20260717/openflight_sessions/iwr6843/iwr6843_20260717_122219_263_019.l3dump,0.1651,6.5,10.40495,1.655,5.156,normal,accepted,16.7183402248013,16.807760340913205,direct_only,high,147.0856626016452,6,21,16.7183402248013,16.897180457025108,18.290394011952856,16.616324370392544,accepted,16.771282710207295,16.771282710207295,0.14230720563749344,6,21
0717,normal_tx,Driver,13.584999999999974,158.2,/Users/john.pacino/Projects/openflight/artifacts/pi_sync_20260717/openflight_sessions/iwr6843/iwr6843_20260717_122256_361_021.l3dump,0.1651,6.5,10.40495,1.655,5.156,normal,accepted,27.204531436306148,23.146550265461475,four4_path_tdm,medium,57.33218077968685,6,24,22.778674536603155,22.227519169779942,23.514425994319794,27.204531436306148,accepted,24.72874923351559,24.72874923351559,2.4929579323936117,6,24
0717,normal_tx,Driver,14.128999999999941,152.7,/Users/john.pacino/Projects/openflight/artifacts/pi_sync_20260717/openflight_sessions/iwr6843/iwr6843_20260717_122330_650_023.l3dump,0.1651,6.5,10.40495,1.655,5.156,normal,accepted,17.124667529974488,16.787195104662707,direct_only,medium,150.18504207359618,4,13,17.124667529974488,16.44972267935093,18.76675168710648,12.871394441352965,accepted,14.671011907937014,14.671011907937014,1.7899272241024393,4,13
0717,normal_tx,Driver,11.635999999999974,158.0,/Users/john.pacino/Projects/openflight/artifacts/pi_sync_20260717/openflight_sessions/iwr6843/iwr6843_20260717_122414_762_025.l3dump,0.1651,6.5,10.40495,1.655,5.156,normal,accepted,15.014929622080567,14.614171378822679,direct_only,medium,156.15467842665916,4,16,15.014929622080567,14.518119389186454,11.126260024410804,14.710223368458902,accepted,14.622727464853089,14.622727464853089,0.09511970813400072,4,16
0717,normal_tx,Driver,13.045999999999998,156.2,/Users/john.pacino/Projects/openflight/artifacts/pi_sync_20260717/openflight_sessions/iwr6843/iwr6843_20260717_122445_215_026.l3dump,0.1651,6.5,10.40495,1.655,5.156,normal,accepted,16.614558261618825,14.03789533094361,direct_only,high,152.04699755741163,6,21,16.614558261618825,16.268152446100512,11.41371994254809,11.807638215786708,accepted,14.04588073564019,14.04588073564019,2.235642537931926,6,21
0717,normal_tx,Driver,12.361,160.1,/Users/john.pacino/Projects/openflight/artifacts/pi_sync_20260717/openflight_sessions/iwr6843/iwr6843_20260717_122534_138_029.l3dump,0.1651,6.5,10.40495,1.655,5.156,normal,accepted,15.311231831665586,14.21654750995087,direct_only,high,157.03312255671327,5,17,15.311231831665586,14.853606255902859,13.57948876399888,11.867029539830067,accepted,13.368380701821373,13.368380701821373,1.4959242824488515,5,17
0717,normal_tx,Driver,14.429999999999952,158.9,/Users/john.pacino/Projects/openflight/artifacts/pi_sync_20260717/openflight_sessions/iwr6843/iwr6843_20260717_122603_943_030.l3dump,0.1651,6.5,10.40495,1.655,5.156,normal,accepted,13.209793723037711,14.798987628202674,four4_path_tdm,medium,156.1966710838998,4,16,16.38818153336764,11.985588701483515,19.84355486026934,13.209793723037711,accepted,12.603524405560627,12.603524405560627,0.6122187680538795,4,16
0717,normal_tx,Driver,10.788999999999971,163.0,/Users/john.pacino/Projects/openflight/artifacts/pi_sync_20260717/openflight_sessions/iwr6843/iwr6843_20260717_122633_215_032.l3dump,0.1651,6.5,10.40495,1.655,5.156,normal,accepted,13.479848180005321,11.75419357352197,direct_only,medium,158.53196713664963,4,13,13.479848180005321,11.43481837975057,12.07356876729337,11.108060663363352,accepted,11.277329054223697,11.277329054223697,0.16299701211983475,4,13
0717,normal_tx,Driver,6.653999999999975,158.2,/Users/john.pacino/Projects/openflight/artifacts/pi_sync_20260717/openflight_sessions/iwr6843/iwr6843_20260717_122659_214_034.l3dump,0.1651,6.5,10.40495,1.655,5.156,normal,accepted,29.566152726064782,24.071542810433073,four4_path_tdm,medium,57.42086745350837,6,23,22.941837171111988,22.160543600156217,25.201248449754154,29.566152726064782,accepted,25.878779751021654,25.878779751021654,3.7075210603437476,6,23
0717,reversed_tx_experimental,9Iron,21.446999999999985,104.0,/Users/john.pacino/Projects/openflight/artifacts/pi_sync_20260717/openflight_sessions/iwr6843/iwr6843_20260717_113843_003_001.l3dump,0.1651,6.5,10.40495,1.655,5.156,reversed,accepted,22.946318908967765,28.006965853351307,four4_path_tdm,medium,100.01053181524117,7,27,29.478457297525736,28.833550587462362,27.180381119240252,22.946318908967765,accepted,25.93862160243485,25.93862160243485,2.9513376443896213,7,27
0717,reversed_tx_experimental,9Iron,20.456,113.5,/Users/john.pacino/Projects/openflight/artifacts/pi_sync_20260717/openflight_sessions/iwr6843/iwr6843_20260717_113904_950_002.l3dump,0.1651,6.5,10.40495,1.655,5.156,reversed,insufficient_candidate_snapshots,,,,withheld,103.25938965811672,0,0,,,,,insufficient_channel_snapshots,,,,0,0
0717,reversed_tx_experimental,9Iron,21.337000000000007,111.7,/Users/john.pacino/Projects/openflight/artifacts/pi_sync_20260717/openflight_sessions/iwr6843/iwr6843_20260717_113923_910_003.l3dump,0.1651,6.5,10.40495,1.655,5.156,reversed,accepted,20.826453511129476,21.723453062921834,direct_only,high,107.1924444656104,7,27,20.826453511129476,21.33232943313437,22.114576692709296,23.52092887361827,accepted,22.459670822287237,22.459670822287237,1.0877444153917875,7,27
0717,reversed_tx_experimental,9Iron,19.476999999999993,115.4,/Users/john.pacino/Projects/openflight/artifacts/pi_sync_20260717/openflight_sessions/iwr6843/iwr6843_20260717_114107_880_002.l3dump,0.1651,6.5,10.40495,1.655,5.156,reversed,accepted,19.941688221451514,17.765031023391224,four4_path_tdm,medium,112.18272294352032,5,20,16.582247092128988,15.772731160899573,18.947814954653463,19.941688221451514,accepted,17.877665450885537,17.877665450885537,2.0878463044244553,5,20
0717,reversed_tx_experimental,9Iron,17.945000000000014,105.5,/Users/john.pacino/Projects/openflight/artifacts/pi_sync_20260717/openflight_sessions/iwr6843/iwr6843_20260717_114135_097_003.l3dump,0.1651,6.5,10.40495,1.655,5.156,reversed,accepted,18.89530934520025,18.966591861269617,direct_only,high,102.67382468915858,6,24,18.89530934520025,19.037874377338984,17.315491372728907,19.48805877532645,accepted,19.290936118539335,19.290936118539335,0.22550704629531815,6,24
0717,reversed_tx_experimental,9Iron,20.174999999999986,112.6,/Users/john.pacino/Projects/openflight/artifacts/pi_sync_20260717/openflight_sessions/iwr6843/iwr6843_20260717_114210_520_004.l3dump,0.1651,6.5,10.40495,1.655,5.156,reversed,accepted,18.842543950856914,18.012627781772068,four4_path_tdm,medium,110.17684515057641,6,24,17.284419165569968,17.26247552647044,18.74083639797417,18.842543950856914,accepted,18.072973432201707,18.072973432201707,0.7921102991090248,6,24
0717,reversed_tx_experimental,9Iron,21.15399999999999,113.8,/Users/john.pacino/Projects/openflight/artifacts/pi_sync_20260717/openflight_sessions/iwr6843/iwr6843_20260717_114230_732_005.l3dump,0.1651,6.5,10.40495,1.655,5.156,reversed,accepted,21.513471815018715,21.474712284768067,direct_only,high,109.72978273391699,7,23,21.513471815018715,21.435952754517423,21.79274277984488,20.319252141717726,accepted,20.912679462810523,20.912679462810523,0.5684139385971587,7,23
0717,reversed_tx_experimental,9Iron,18.210999999999988,113.3,/Users/john.pacino/Projects/openflight/artifacts/pi_sync_20260717/openflight_sessions/iwr6843/iwr6843_20260717_114255_061_006.l3dump,0.1651,6.5,10.40495,1.655,5.156,reversed,rejected_track_quality,,,,withheld,108.2245526432907,0,0,,,,,rejected_track_quality,,,,0,0
0717,reversed_tx_experimental,9Iron,20.345,112.1,/Users/john.pacino/Projects/openflight/artifacts/pi_sync_20260717/openflight_sessions/iwr6843/iwr6843_20260717_114313_071_007.l3dump,0.1651,6.5,10.40495,1.655,5.156,reversed,accepted,21.486582229052683,21.398743513718554,direct_only,high,108.0223118531744,7,24,21.486582229052683,21.310904798384424,21.968433130471553,20.455841025646837,accepted,20.91256803733006,20.91256803733006,0.4309395584022777,7,24
0717,reversed_tx_experimental,9Iron,22.276999999999997,111.4,/Users/john.pacino/Projects/openflight/artifacts/pi_sync_20260717/openflight_sessions/iwr6843/iwr6843_20260717_114335_703_008.l3dump,0.1651,6.5,10.40495,1.655,5.156,reversed,accepted,21.16863314651983,21.324830351998017,direct_only,high,106.40733053075918,7,25,21.16863314651983,21.4810275574762,20.12177791146934,22.49363471346051,accepted,22.025359976611874,22.025359976611874,0.5124471955651604,7,25
0717,reversed_tx_experimental,9Iron,8.145999999999997,103.3,/Users/john.pacino/Projects/openflight/artifacts/pi_sync_20260717/openflight_sessions/iwr6843/iwr6843_20260717_114359_847_009.l3dump,0.1651,6.5,10.40495,1.655,5.156,reversed,accepted,6.392548653011999,5.727601193882064,four4_path_tdm,low,101.55129483366181,5,20,4.444225010883367,5.062653734752129,11.154257056542749,6.392548653011999,accepted,5.732975759092593,5.732975759092593,0.6648918821990937,5,20
0717,reversed_tx_experimental,9Iron,21.63999999999999,107.2,/Users/john.pacino/Projects/openflight/artifacts/pi_sync_20260717/openflight_sessions/iwr6843/iwr6843_20260717_114440_907_012.l3dump,0.1651,6.5,10.40495,1.655,5.156,reversed,accepted,21.271392447042746,21.285565313432684,direct_only,high,102.93557508960588,6,24,21.271392447042746,21.299738179822626,22.390455283727608,20.88670904733427,accepted,21.131872054409495,21.131872054409495,0.20446514920249825,6,24
0717,reversed_tx_experimental,9Iron,20.869999999999987,110.4,/Users/john.pacino/Projects/openflight/artifacts/pi_sync_20260717/openflight_sessions/iwr6843/iwr6843_20260717_114503_274_013.l3dump,0.1651,6.5,10.40495,1.655,5.156,reversed,accepted,19.83044302186285,20.269532498252964,direct_only,medium,106.64342600054415,8,24,19.83044302186285,19.842059503562417,20.697005492943507,21.74158398459077,accepted,20.81378719423742,20.81378719423742,0.9398661475847518,8,24
0717,reversed_tx_experimental,9Iron,21.05299999999999,109.2,/Users/john.pacino/Projects/openflight/artifacts/pi_sync_20260717/openflight_sessions/iwr6843/iwr6843_20260717_114522_201_014.l3dump,0.1651,6.5,10.40495,1.655,5.156,reversed,rejected_track_quality,,,,withheld,103.50233078969657,0,0,,,,,rejected_track_quality,,,,0,0
0717,reversed_tx_experimental,9Iron,21.702,111.2,/Users/john.pacino/Projects/openflight/artifacts/pi_sync_20260717/openflight_sessions/iwr6843/iwr6843_20260717_114543_832_015.l3dump,0.1651,6.5,10.40495,1.655,5.156,reversed,accepted,20.36644624806971,21.273493194439993,direct_only,high,104.94608222509501,6,23,20.36644624806971,22.486520500461655,21.72243308334113,20.824553305538856,accepted,21.688583839217358,21.688583839217358,0.8375813777087178,6,23
0717,reversed_tx_experimental,9Iron,20.416,106.5,/Users/john.pacino/Projects/openflight/artifacts/pi_sync_20260717/openflight_sessions/iwr6843/iwr6843_20260717_114603_238_016.l3dump,0.1651,6.5,10.40495,1.655,5.156,reversed,accepted,19.771980375297655,19.076614580376884,four4_path_tdm,medium,103.46793536333026,6,22,18.31221535191328,18.381248785456112,20.340262149703094,19.771980375297655,accepted,19.10915036719729,19.10915036719729,0.696532091548864,6,22
0717,reversed_tx_experimental,9Iron,20.733000000000004,105.7,/Users/john.pacino/Projects/openflight/artifacts/pi_sync_20260717/openflight_sessions/iwr6843/iwr6843_20260717_114620_627_017.l3dump,0.1651,6.5,10.40495,1.655,5.156,reversed,rejected_track_quality,,,,withheld,98.31386629603206,0,0,,,,,rejected_track_quality,,,,0,0
0717,reversed_tx_experimental,9Iron,20.308,112.9,/Users/john.pacino/Projects/openflight/artifacts/pi_sync_20260717/openflight_sessions/iwr6843/iwr6843_20260717_114641_193_018.l3dump,0.1651,6.5,10.40495,1.655,5.156,reversed,accepted,20.173749410161633,20.295207664282035,direct_only,high,108.3930962388897,8,29,20.173749410161633,20.416665918402437,21.121415731574302,19.311052333130316,accepted,19.895886998082958,19.895886998082958,0.5614555707445952,8,29
0722,old_enclosure,9Iron,21.444,100.4,/Users/john.pacino/Projects/openflight/artifacts/tm0722_raw/iwr6843/iwr6843_20260722_121505_197_002.l3dump,0.1651,6.5,12.4,1.626,5.131,normal,accepted,25.373861083603938,25.77214922793524,reciprocal3_no_tdm,medium,96.3362564251247,9,30,26.170437372266544,26.60835953590603,25.373861083603938,23.827777422220944,accepted,25.283017114490626,25.283017114490626,1.410975798957109,9,30
0722,old_enclosure,9Iron,3.251,89.4,/Users/john.pacino/Projects/openflight/artifacts/tm0722_raw/iwr6843/iwr6843_20260722_121532_950_004.l3dump,0.1651,6.5,12.4,1.626,5.131,normal,accepted,-1.2371645674253642,1.7548534059805403,reciprocal3_no_tdm,high,87.74824529567559,9,32,3.1125713253046015,0.397135486656479,-1.2371645674253642,13.268436730768261,accepted,13.294099424728513,13.294099424728513,6.446946193482722,9,32
0722,old_enclosure,9Iron,21.874,104.8,/Users/john.pacino/Projects/openflight/artifacts/tm0722_raw/iwr6843/iwr6843_20260722_121551_648_006.l3dump,0.1651,6.5,12.4,1.626,5.131,normal,accepted,20.208108626909812,24.20091724138792,four4_path_tdm,medium,100.90967472916458,8,27,24.23537821676085,24.166456266014993,24.53159838745536,20.208108626909812,accepted,22.225722167317258,22.225722167317258,1.983861832862047,8,27
0722,old_enclosure,9Iron,20.613,101.7,/Users/john.pacino/Projects/openflight/artifacts/tm0722_raw/iwr6843/iwr6843_20260722_121617_481_008.l3dump,0.1651,6.5,12.4,1.626,5.131,normal,rejected_track_quality,,,,withheld,82.48467699130302,0,0,,,,,rejected_track_quality,,,,0,0
0722,old_enclosure,9Iron,20.248,110.9,/Users/john.pacino/Projects/openflight/artifacts/tm0722_raw/iwr6843/iwr6843_20260722_121640_120_009.l3dump,0.1651,6.5,12.4,1.626,5.131,normal,accepted,23.42912273202952,23.998928242076396,reciprocal3_no_tdm,medium,107.36057412595673,8,30,24.56873375212327,25.08082355857611,23.42912273202952,20.22130920314797,accepted,22.701681814523745,22.701681814523745,2.4237137925716272,8,30
0722,old_enclosure,9Iron,21.887,111.7,/Users/john.pacino/Projects/openflight/artifacts/tm0722_raw/iwr6843/iwr6843_20260722_121715_647_011.l3dump,0.1651,6.5,12.4,1.626,5.131,normal,accepted,21.642526789576078,24.32724760092998,four4_path_tdm,medium,107.61629205518581,7,25,24.366789531237956,24.287705670622007,25.20134118559103,21.642526789576078,accepted,22.998659321817385,22.998659321817385,1.3316621148928611,7,25
0722,old_enclosure,9Iron,21.383,96.0,/Users/john.pacino/Projects/openflight/artifacts/tm0722_raw/iwr6843/iwr6843_20260722_122452_564_002.l3dump,0.1651,6.5,12.4,1.626,5.131,normal,accepted,25.19943133601788,24.885364250747607,direct_only,high,91.12414240307808,11,36,25.19943133601788,25.358706291873943,24.571297165477333,20.165771192466767,accepted,22.81248029889035,22.81248029889035,2.6050692933978663,11,36
0722,old_enclosure,9Iron,21.806,104.3,/Users/john.pacino/Projects/openflight/artifacts/tm0722_raw/iwr6843/iwr6843_20260722_122519_092_004.l3dump,0.1651,6.5,12.4,1.626,5.131,normal,accepted,24.01611520683839,24.740921275712495,reciprocal3_no_tdm,medium,99.65396994144155,11,36,25.4657273445866,25.925085863885553,24.01611520683839,19.233701538164713,accepted,22.62049027987766,22.62049027987766,3.3585257751921525,11,36
0722,old_enclosure,9Iron,20.924,112.1,/Users/john.pacino/Projects/openflight/artifacts/tm0722_raw/iwr6843/iwr6843_20260722_122552_906_005.l3dump,0.1651,6.5,12.4,1.626,5.131,normal,accepted,24.230340386357,24.17443801953985,direct_only,high,108.48942962220565,8,32,24.230340386357,24.353323319167217,24.118535652722695,21.484685416813555,accepted,22.969587279319633,22.969587279319633,1.4539249226364195,8,32
0722,old_enclosure,9Iron,1.393,101.4,/Users/john.pacino/Projects/openflight/artifacts/tm0722_raw/iwr6843/iwr6843_20260722_122623_999_006.l3dump,0.1651,6.5,12.4,1.626,5.131,normal,accepted,0.953588063271569,-0.18323870729928637,direct_only,high,99.61915507868385,9,36,0.953588063271569,-1.347026288000304,-1.3200654778701417,2.172209071990015,accepted,0.4151834300223922,0.4151834300223922,1.761651902243274,9,36
0722,old_enclosure,9Iron,22.989,104.8,/Users/john.pacino/Projects/openflight/artifacts/tm0722_raw/iwr6843/iwr6843_20260722_122643_177_007.l3dump,0.1651,6.5,12.4,1.626,5.131,normal,accepted,26.08974497412294,26.23907253802256,reciprocal3_no_tdm,medium,99.91936017244225,10,36,26.388400101922176,26.555943013961336,26.08974497412294,23.54108166102533,accepted,25.0875271959575,25.0875271959575,1.5052761432459931,10,36
0722,old_enclosure,9Iron,19.929,104.7,/Users/john.pacino/Projects/openflight/artifacts/tm0722_raw/iwr6843/iwr6843_20260722_122713_101_009.l3dump,0.1651,6.5,12.4,1.626,5.131,normal,accepted,23.222524115356038,23.29977295344569,direct_only,high,100.89264524506854,10,37,23.222524115356038,23.434661236378766,23.37702179153534,19.65157378504829,accepted,21.581906013941655,21.581906013941655,1.8968199435492057,10,37
0722,old_enclosure,9Iron,22.3,108.0,/Users/john.pacino/Projects/openflight/artifacts/tm0722_raw/iwr6843/iwr6843_20260722_122736_169_011.l3dump,0.1651,6.5,12.4,1.626,5.131,normal,accepted,25.752665485006357,26.549597957979458,reciprocal3_no_tdm,high,103.61843553579341,10,37,27.346530430952562,27.596228815094843,25.752665485006357,22.529563340200728,accepted,25.110143184746747,25.110143184746747,2.5445933285385447,10,37
0722,old_enclosure,9Iron,21.962,114.4,/Users/john.pacino/Projects/openflight/artifacts/tm0722_raw/iwr6843/iwr6843_20260722_122815_014_013.l3dump,0.1651,6.5,12.4,1.626,5.131,normal,accepted,20.784100100198234,25.74806015016229,four4_path_tdm,medium,110.05056597305123,10,34,26.460495272617266,26.40204311381586,25.094077186508716,20.784100100198234,accepted,23.644544083867927,23.644544083867927,2.828029502537717,10,34
0722,old_enclosure,9Iron,24.873,109.4,/Users/john.pacino/Projects/openflight/artifacts/tm0722_raw/iwr6843/iwr6843_20260722_122843_673_015.l3dump,0.1651,6.5,12.4,1.626,5.131,normal,accepted,29.228281062372464,29.30576924959521,direct_only,high,104.18622873380119,9,34,29.228281062372464,29.827642488528944,29.383257436817956,24.873149905323306,accepted,27.39652425392866,27.39652425392866,2.485468412444252,9,34
0722,old_enclosure,9Iron,19.868,112.9,/Users/john.pacino/Projects/openflight/artifacts/tm0722_raw/iwr6843/iwr6843_20260722_122919_953_017.l3dump,0.1651,6.5,12.4,1.626,5.131,normal,accepted,21.088895701269852,24.05292295927864,four4_path_tdm,medium,108.67093487308748,9,33,23.94837923477112,24.274039234443073,24.15746668378616,21.088895701269852,accepted,22.718242375519566,22.718242375519566,1.5993307927348308,9,33
0722,old_enclosure,9Iron,21.04,101.7,/Users/john.pacino/Projects/openflight/artifacts/tm0722_raw/iwr6843/iwr6843_20260722_122941_985_018.l3dump,0.1651,6.5,12.4,1.626,5.131,normal,accepted,24.18687628255866,23.88268716102396,direct_only,high,97.52088767605572,9,36,24.18687628255866,24.20325610648845,23.57849803948926,19.141299909164992,accepted,21.719910760597827,21.719910760597827,2.547408534050968,9,36
0722,old_enclosure,9Iron,21.435,112.7,/Users/john.pacino/Projects/openflight/artifacts/tm0722_raw/iwr6843/iwr6843_20260722_123000_400_019.l3dump,0.1651,6.5,12.4,1.626,5.131,normal,accepted,25.333847614617046,24.717618546662045,direct_only,high,108.29776970157889,10,35,25.333847614617046,25.40353547634581,24.101389478707045,20.38358904774113,accepted,22.927657916761653,22.927657916761653,2.5214741462279378,10,35
0722,old_enclosure,9Iron,20.649,111.5,/Users/john.pacino/Projects/openflight/artifacts/tm0722_raw/iwr6843/iwr6843_20260722_123051_094_022.l3dump,0.1651,6.5,12.4,1.626,5.131,normal,accepted,19.920129110349897,25.37160594342403,four4_path_tdm,medium,107.67035254033354,9,31,25.712718527025537,26.819439810041874,25.030493359822525,19.920129110349897,accepted,23.401496768352303,23.401496768352303,3.45301949368581,9,31
0722,old_enclosure,9Iron,21.375,104.6,/Users/john.pacino/Projects/openflight/artifacts/tm0722_raw/iwr6843/iwr6843_20260722_123124_477_023.l3dump,0.1651,6.5,12.4,1.626,5.131,normal,accepted,24.164206071660576,24.86474940252945,direct_only,high,100.30907197823723,8,29,24.164206071660576,26.319178249619714,25.565292733398326,21.73615950620235,accepted,24.061697878547257,24.061697878547257,2.2988584105281067,8,29
