day,subset,club,ratio_db,spread_deg,tx1_angle_mad,tx3_angle_mad,tx1_phase_resid_deg,tx3_phase_resid_deg,tx1_rx_span_db,tx3_rx_span_db
0714,block_a_old_enclosure,9Iron,-0.8316629422108514,5.492860742900929,2.937873973395277,3.767692979812844,8.869184698830487,6.691802343748201,4.835760069945744,4.909572277989112
0714,block_a_old_enclosure,9Iron,-0.8316629422108514,5.492860742900929,2.937873973395277,3.767692979812844,8.869184698830487,6.691802343748201,4.835760069945744,4.909572277989112
0714,block_a_old_enclosure,9Iron,-3.422084859108299,2.7387976472786835,3.567528065755318,2.1985021911662184,10.23339642807208,8.183484382949782,7.34643351274485,4.835290504734335
0714,block_a_old_enclosure,9Iron,-3.422084859108299,2.7387976472786835,3.567528065755318,2.1985021911662184,10.23339642807208,8.183484382949782,7.34643351274485,4.835290504734335
0714,block_a_old_enclosure,9Iron,0.4380166406509748,3.3448304238713504,2.8587227357824316,2.343957006840514,9.958464271011689,7.721724350101584,4.539905369195364,5.12730414097821
0714,block_a_old_enclosure,9Iron,0.4380166406509748,3.3448304238713504,2.8587227357824316,2.343957006840514,9.958464271011689,7.721724350101584,4.539905369195364,5.12730414097821
0714,block_a_old_enclosure,9Iron,1.146846847372161,3.0713879024368147,3.1110735637601534,3.7582064288868047,9.21024971445922,7.488941335790095,4.629638408333216,4.490524077405467
0714,block_a_old_enclosure,9Iron,1.146846847372161,3.0713879024368147,3.1110735637601534,3.7582064288868047,9.21024971445922,7.488941335790095,4.629638408333216,4.490524077405467
0714,block_a_old_enclosure,9Iron,-0.0062050101559243676,3.055798539178831,3.54541326704647,2.886961881232491,8.781515863099427,9.444308433707366,5.1251464085947305,5.576017117241567
0714,block_a_old_enclosure,9Iron,-0.0062050101559243676,3.055798539178831,3.54541326704647,2.886961881232491,8.781515863099427,9.444308433707366,5.1251464085947305,5.576017117241567
0714,block_a_old_enclosure,9Iron,-1.171497242022241,3.4522062034188536,4.447479680081814,3.862915908892781,7.773293584396834,6.565598168452909,4.847619905664736,4.350383602384117
0714,block_a_old_enclosure,9Iron,-1.171497242022241,3.4522062034188536,4.447479680081814,3.862915908892781,7.773293584396834,6.565598168452909,4.847619905664736,4.350383602384117
0714,block_a_old_enclosure,9Iron,1.2021106845704668,2.155729990531629,2.0914606830727074,1.615572082468061,7.043731554038989,5.913634998434297,4.114236240990072,5.779708205478002
0714,block_a_old_enclosure,9Iron,1.2021106845704668,2.155729990531629,2.0914606830727074,1.615572082468061,7.043731554038989,5.913634998434297,4.114236240990072,5.779708205478002
0714,block_a_old_enclosure,9Iron,-1.0387868011689638,2.6433302779231944,4.782971585811577,4.596679757528127,7.7951451583453215,6.584469302419097,4.176840806438569,5.133907868228279
0714,block_a_old_enclosure,9Iron,-1.0387868011689638,2.6433302779231944,4.782971585811577,4.596679757528127,7.7951451583453215,6.584469302419097,4.176840806438569,5.133907868228279
0714,block_a_old_enclosure,9Iron,0.28651105280705713,1.7451149635861483,2.3591145990285565,2.848220373522107,9.528976936597086,8.861092004162812,5.151602380604926,4.824312157105165
0714,block_a_old_enclosure,9Iron,0.28651105280705713,1.7451149635861483,2.3591145990285565,2.848220373522107,9.528976936597086,8.861092004162812,5.151602380604926,4.824312157105165
0714,block_a_old_enclosure,9Iron,-0.8989758041977631,2.25231458267986,3.5916905556829515,3.024884058873292,9.983896905958826,9.269723169334236,5.297048242181786,6.334068506922833
0714,block_a_old_enclosure,9Iron,-0.8989758041977631,2.25231458267986,3.5916905556829515,3.024884058873292,9.983896905958826,9.269723169334236,5.297048242181786,6.334068506922833
0714,block_a_old_enclosure,7Iron,-0.2879710149004239,1.3826041608531856,2.3311028198936636,1.833447612812055,6.591245567280217,6.159264814690813,4.6250666939628795,5.459626872994134
0714,block_a_old_enclosure,7Iron,-0.2879710149004239,1.3826041608531856,2.3311028198936636,1.833447612812055,6.591245567280217,6.159264814690813,4.6250666939628795,5.459626872994134
0714,block_a_old_enclosure,7Iron,1.786319842919172,2.671997392928752,2.091308884892751,3.610633300429363,6.888827179123311,10.01988267364238,4.211515853281245,3.767269347434352
0714,block_a_old_enclosure,7Iron,1.786319842919172,2.671997392928752,2.091308884892751,3.610633300429363,6.888827179123311,10.01988267364238,4.211515853281245,3.767269347434352
0714,block_a_old_enclosure,7Iron,-0.22349874095755534,3.192560041558958,1.6652975128032912,3.6313489720563954,9.450130000318644,8.539770611921078,5.959318893463127,5.28006591200981
0714,block_a_old_enclosure,7Iron,-0.22349874095755534,3.192560041558958,1.6652975128032912,3.6313489720563954,9.450130000318644,8.539770611921078,5.959318893463127,5.28006591200981
0714,block_a_old_enclosure,7Iron,-1.519722343184065,4.445360604786744,4.7124496923716706,2.6540472366711017,10.723128138688038,8.129695882302556,5.383268032435017,5.7965550631983245
0714,block_a_old_enclosure,7Iron,-1.519722343184065,4.445360604786744,4.7124496923716706,2.6540472366711017,10.723128138688038,8.129695882302556,5.383268032435017,5.7965550631983245
0714,block_a_old_enclosure,7Iron,1.159207066828264,4.250708186708792,1.490783859668726,2.730995687962311,8.991994885628763,9.272880216707188,6.69479928985059,6.42698582280592
0714,block_a_old_enclosure,7Iron,1.159207066828264,4.250708186708792,1.490783859668726,2.730995687962311,8.991994885628763,9.272880216707188,6.69479928985059,6.42698582280592
0714,block_a_old_enclosure,7Iron,-5.845215787492737,3.8333121248593,4.281994914534421,2.3178270694325587,12.064683165093697,6.956354725645515,4.510953859724704,4.434979545153893
0714,block_a_old_enclosure,7Iron,-5.845215787492737,3.8333121248593,4.281994914534421,2.3178270694325587,12.064683165093697,6.956354725645515,4.510953859724704,4.434979545153893
0714,block_a_old_enclosure,7Iron,0.3676905829699784,0.9977536166834016,0.9188235472652799,1.23989688440518,4.2572343935046195,4.625076978257098,2.941933394544175,4.042440982110945
0714,block_a_old_enclosure,7Iron,0.3676905829699784,0.9977536166834016,0.9188235472652799,1.23989688440518,4.2572343935046195,4.625076978257098,2.941933394544175,4.042440982110945
0714,block_a_old_enclosure,7Iron,-2.437653304706604,6.256221461486882,3.4750185279647736,1.840542084341548,12.899453349677268,5.906268761413204,6.134513109810835,4.569470396958078
0714,block_a_old_enclosure,7Iron,-2.437653304706604,6.256221461486882,3.4750185279647736,1.840542084341548,12.899453349677268,5.906268761413204,6.134513109810835,4.569470396958078
0714,block_a_old_enclosure,7Iron,0.8480482625706518,5.742290498630301,3.1976141792296575,2.0845422118920043,10.167840271375551,11.254129614508825,6.504043153416919,6.066866422601411
0714,block_a_old_enclosure,7Iron,0.8480482625706518,5.742290498630301,3.1976141792296575,2.0845422118920043,10.167840271375551,11.254129614508825,6.504043153416919,6.066866422601411
0714,block_a_old_enclosure,7Iron,-2.8701719605954876,3.8354061887684043,4.346139424323914,2.267956397011994,14.373402070014846,7.343852381100811,6.166447634838356,4.2391655548598735
0714,block_a_old_enclosure,7Iron,-2.8701719605954876,3.8354061887684043,4.346139424323914,2.267956397011994,14.373402070014846,7.343852381100811,6.166447634838356,4.2391655548598735
0714,block_a_old_enclosure,7Iron,0.8983664845093864,3.2887283439745536,2.2389022197420134,2.6678706090600715,8.176481666675866,10.49136225934247,4.512247501992682,4.071395755952168
0714,block_a_old_enclosure,7Iron,0.8983664845093864,3.2887283439745536,2.2389022197420134,2.6678706090600715,8.176481666675866,10.49136225934247,4.512247501992682,4.071395755952168
0714,block_a_old_enclosure,7Iron,-2.404901205456201,3.4159018120337654,2.820195690086768,3.1715048380224906,11.316099060148805,8.835912054934257,5.39416121765135,5.169576095044335
0714,block_a_old_enclosure,7Iron,-2.404901205456201,3.4159018120337654,2.820195690086768,3.1715048380224906,11.316099060148805,8.835912054934257,5.39416121765135,5.169576095044335
0714,block_a_old_enclosure,5Iron,-1.9643029704212958,3.187094702274802,4.434491782648908,2.859113284501685,7.333760201940972,6.375594488229092,4.981362151498939,3.9545424300385545
0714,block_a_old_enclosure,5Iron,-1.9643029704212958,3.187094702274802,4.434491782648908,2.859113284501685,7.333760201940972,6.375594488229092,4.981362151498939,3.9545424300385545
0714,block_a_old_enclosure,5Iron,-2.0263993173306583,3.4857319433481786,2.823775979814487,1.688115879477997,7.602505700233145,6.2804238491163105,4.167377641213191,5.375277681285962
0714,block_a_old_enclosure,5Iron,-2.0263993173306583,3.4857319433481786,2.823775979814487,1.688115879477997,7.602505700233145,6.2804238491163105,4.167377641213191,5.375277681285962
0714,block_a_old_enclosure,5Iron,-0.054272062001050815,4.650024369317365,3.363734505703099,3.1780598729861347,11.208829563777266,10.160112464788718,4.165137795386029,6.786898588469949
0714,block_a_old_enclosure,5Iron,-0.054272062001050815,4.650024369317365,3.363734505703099,3.1780598729861347,11.208829563777266,10.160112464788718,4.165137795386029,6.786898588469949
0714,block_a_old_enclosure,5Iron,0.7460256077665527,1.9711363859885136,1.9363609630540015,2.9590799536863956,5.264038869076818,5.907811375075477,3.8322474969668345,4.765500746091009
0714,block_a_old_enclosure,5Iron,0.7460256077665527,1.9711363859885136,1.9363609630540015,2.9590799536863956,5.264038869076818,5.907811375075477,3.8322474969668345,4.765500746091009
0714,block_a_old_enclosure,5Iron,-0.7403880554497388,1.7623006459798143,1.0327772541264055,1.0483226936117598,5.062155129449355,4.538643914935891,1.9405967995157707,2.8497274965997708
0714,block_a_old_enclosure,5Iron,-0.7403880554497388,1.7623006459798143,1.0327772541264055,1.0483226936117598,5.062155129449355,4.538643914935891,1.9405967995157707,2.8497274965997708
0714,block_a_old_enclosure,5Iron,-4.280190558350828,5.33436895913641,5.100001832071795,1.364254092717192,9.608252093857036,6.177789210432537,5.4331301734308886,3.2970728870791164
0714,block_a_old_enclosure,5Iron,-4.280190558350828,5.33436895913641,5.100001832071795,1.364254092717192,9.608252093857036,6.177789210432537,5.4331301734308886,3.2970728870791164
0714,block_a_old_enclosure,5Iron,-0.6815455902501194,2.6267102924094647,4.371963140466915,4.831667274756071,7.838242525094342,8.819024513685914,6.358499173344956,4.376058568596182
0714,block_a_old_enclosure,5Iron,-0.6815455902501194,2.6267102924094647,4.371963140466915,4.831667274756071,7.838242525094342,8.819024513685914,6.358499173344956,4.376058568596182
0714,block_a_old_enclosure,5Iron,-2.206634533547779,2.4855740380419578,4.133003830378056,3.1916610040416913,8.476961126995935,6.272232559440393,4.655077999805236,2.9956874381565983
0714,block_a_old_enclosure,5Iron,-2.206634533547779,2.4855740380419578,4.133003830378056,3.1916610040416913,8.476961126995935,6.272232559440393,4.655077999805236,2.9956874381565983
0714,block_a_old_enclosure,5Iron,-3.305467575414726,3.8292823834152347,2.8176755379630842,2.5308900282728097,6.801076607140152,4.799665039585809,5.212682701012233,3.1459995722106084
0714,block_a_old_enclosure,5Iron,-3.305467575414726,3.8292823834152347,2.8176755379630842,2.5308900282728097,6.801076607140152,4.799665039585809,5.212682701012233,3.1459995722106084
0714,block_a_old_enclosure,5Iron,-3.191232159423862,3.2015249338460094,3.152464153246121,2.814740028181756,8.68067759821419,6.260695268833861,4.857756695969316,5.29984966429796
0714,block_a_old_enclosure,5Iron,-3.191232159423862,3.2015249338460094,3.152464153246121,2.814740028181756,8.68067759821419,6.260695268833861,4.857756695969316,5.29984966429796
0714,block_a_old_enclosure,5Iron,-1.577350376830891,3.7731724346134508,2.418055113846579,3.8091985452513244,9.787163610203146,8.480808969307402,3.9472503980723532,3.5660325851634105
0714,block_a_old_enclosure,5Iron,-1.577350376830891,3.7731724346134508,2.418055113846579,3.8091985452513244,9.787163610203146,8.480808969307402,3.9472503980723532,3.5660325851634105
0714,block_a_old_enclosure,5Iron,2.6233392438074157,2.4619819604972752,3.6743440656170927,2.888470451710769,7.175229068797398,6.656488965816361,6.588229008876249,6.669363279234453
0714,block_a_old_enclosure,5Iron,2.6233392438074157,2.4619819604972752,3.6743440656170927,2.888470451710769,7.175229068797398,6.656488965816361,6.588229008876249,6.669363279234453
0714,block_a_old_enclosure,5Iron,-1.154433490443552,3.304345353292874,2.386824714565559,2.308263515292504,9.285436539279683,6.746466207760491,6.038923850750748,4.716457187769132
0714,block_a_old_enclosure,5Iron,-1.154433490443552,3.304345353292874,2.386824714565559,2.308263515292504,9.285436539279683,6.746466207760491,6.038923850750748,4.716457187769132
0714,block_a_old_enclosure,5Iron,-0.10214418392376592,5.536236929813208,3.0484562192907916,2.6847860664015544,13.111709779300615,6.935971448282932,5.65438541007275,4.7462424099975555
0714,block_a_old_enclosure,5Iron,-0.10214418392376592,5.536236929813208,3.0484562192907916,2.6847860664015544,13.111709779300615,6.935971448282932,5.65438541007275,4.7462424099975555
0714,block_a_old_enclosure,Driver,-0.16544122470189765,3.371595763995541,2.2887977766172494,1.5826000641606206,6.5012442287638565,5.4614922162012345,3.7966525955982764,3.152413976190674
0714,block_a_old_enclosure,Driver,-0.16544122470189765,3.371595763995541,2.2887977766172494,1.5826000641606206,6.5012442287638565,5.4614922162012345,3.7966525955982764,3.152413976190674
0714,block_a_old_enclosure,Driver,0.02883025535890087,2.2698623419130053,2.100767281504411,1.7433261715394606,6.639302777932947,6.85899542266227,3.651975233857063,4.584127793707513
0714,block_a_old_enclosure,Driver,0.02883025535890087,2.2698623419130053,2.100767281504411,1.7433261715394606,6.639302777932947,6.85899542266227,3.651975233857063,4.584127793707513
0714,block_a_old_enclosure,Driver,2.697735400449716,2.584609610311486,1.8091011194637776,3.241668515170989,6.611779454723376,8.92076151003711,4.462984119810427,4.652191553433434
0714,block_a_old_enclosure,Driver,2.697735400449716,2.584609610311486,1.8091011194637776,3.241668515170989,6.611779454723376,8.92076151003711,4.462984119810427,4.652191553433434
0714,block_a_old_enclosure,Driver,-4.839478071103903,2.8924265315535402,1.752749155162093,1.2631911568599161,9.132125632142627,6.963119333504254,6.778107075265861,3.559999913919144
0714,block_a_old_enclosure,Driver,-4.839478071103903,2.8924265315535402,1.752749155162093,1.2631911568599161,9.132125632142627,6.963119333504254,6.778107075265861,3.559999913919144
0714,block_a_old_enclosure,Driver,-0.4917648899531441,1.8087829622928955,2.229747614700679,2.8499774889949285,5.138687262934782,4.665290588478556,2.9402664749841856,2.444494741333908
0714,block_a_old_enclosure,Driver,-0.4917648899531441,1.8087829622928955,2.229747614700679,2.8499774889949285,5.138687262934782,4.665290588478556,2.9402664749841856,2.444494741333908
0714,block_a_old_enclosure,Driver,-0.9806394387337649,2.80682763033703,2.001349814972819,4.354110343038008,6.6042175498680855,5.795171700137874,5.580066815618412,5.066407252163958
0714,block_a_old_enclosure,Driver,-0.9806394387337649,2.80682763033703,2.001349814972819,4.354110343038008,6.6042175498680855,5.795171700137874,5.580066815618412,5.066407252163958
0714,block_a_old_enclosure,SandWedge,0.13095576808310588,1.8779085450461053,2.484117039245897,2.1384835372175695,7.688021230615778,10.141991682577952,3.791904119378038,3.620127031323312
0714,block_a_old_enclosure,SandWedge,0.13095576808310588,1.8779085450461053,2.484117039245897,2.1384835372175695,7.688021230615778,10.141991682577952,3.791904119378038,3.620127031323312
0714,block_a_old_enclosure,SandWedge,-0.770508769601487,1.689992158010595,2.23662811729064,2.4825218816633945,5.136624175916609,6.699815922454807,3.4417037056701694,4.158068852086702
0714,block_a_old_enclosure,SandWedge,-0.770508769601487,1.689992158010595,2.23662811729064,2.4825218816633945,5.136624175916609,6.699815922454807,3.4417037056701694,4.158068852086702
0714,block_a_old_enclosure,SandWedge,-0.2843207583475866,1.8463733926857708,4.951214336456943,4.874229818737881,10.956421285096939,9.584676593876434,4.884662551234445,5.22047867882299
0714,block_a_old_enclosure,SandWedge,-0.2843207583475866,1.8463733926857708,4.951214336456943,4.874229818737881,10.956421285096939,9.584676593876434,4.884662551234445,5.22047867882299
0714,block_a_old_enclosure,SandWedge,1.6165862229656967,5.133518862593199,5.548348702013479,4.4183419685331256,10.54762125443201,11.164329118402785,5.910940779333158,5.819676484732229
0714,block_a_old_enclosure,SandWedge,1.6165862229656967,5.133518862593199,5.548348702013479,4.4183419685331256,10.54762125443201,11.164329118402785,5.910940779333158,5.819676484732229
0714,block_a_old_enclosure,SandWedge,1.250187284942982,2.7732304187739794,1.993709031049133,3.361122215280886,7.108964788693172,6.640719203724455,3.8701043693983026,4.286378016785724
0714,block_a_old_enclosure,SandWedge,1.250187284942982,2.7732304187739794,1.993709031049133,3.361122215280886,7.108964788693172,6.640719203724455,3.8701043693983026,4.286378016785724
0714,block_a_old_enclosure,SandWedge,0.7280690794316955,3.1256000371518837,2.0553725921519335,3.5521273801750546,7.090650248832915,5.211166732292716,3.6670406818326535,3.4021066547029792
0714,block_a_old_enclosure,SandWedge,0.7280690794316955,3.1256000371518837,2.0553725921519335,3.5521273801750546,7.090650248832915,5.211166732292716,3.6670406818326535,3.4021066547029792
0714,block_a_old_enclosure,SandWedge,-0.38025249594184574,3.3786564608597143,4.3306201816532095,3.0039227262780472,7.625722520583151,7.692906985615297,4.758910731417563,4.760552389850678
0714,block_a_old_enclosure,SandWedge,-0.38025249594184574,3.3786564608597143,4.3306201816532095,3.0039227262780472,7.625722520583151,7.692906985615297,4.758910731417563,4.760552389850678
0714,block_a_old_enclosure,SandWedge,-0.09576112207705359,2.855601572421365,2.81413728739595,3.00058384619249,7.320893512184574,9.828173774742826,4.4870732677211915,4.365684224599987
0714,block_a_old_enclosure,SandWedge,-0.09576112207705359,2.855601572421365,2.81413728739595,3.00058384619249,7.320893512184574,9.828173774742826,4.4870732677211915,4.365684224599987
0714,block_a_old_enclosure,SandWedge,1.207161850849449,2.5708452195214067,2.729397066801215,3.5175906444136045,7.3559915305368335,6.06299346387972,4.314935677129677,3.8050624460579465
0714,block_a_old_enclosure,SandWedge,1.207161850849449,2.5708452195214067,2.729397066801215,3.5175906444136045,7.3559915305368335,6.06299346387972,4.314935677129677,3.8050624460579465
0717,normal_tx,9Iron,-1.0275979312701724,4.386399593634679,3.9253499654215878,3.766557361454205,11.174599015356408,7.86465137638668,5.968309781337366,5.4100799507664625
0717,normal_tx,9Iron,-1.0275979312701724,4.386399593634679,3.9253499654215878,3.766557361454205,11.174599015356408,7.86465137638668,5.968309781337366,5.4100799507664625
0717,normal_tx,9Iron,-1.173937986726807,1.8486756764585581,3.056680084712827,2.8166771642209127,9.093148066287263,7.567030351689037,5.514507749804836,4.677539856549897
0717,normal_tx,9Iron,-1.173937986726807,1.8486756764585581,3.056680084712827,2.8166771642209127,9.093148066287263,7.567030351689037,5.514507749804836,4.677539856549897
0717,normal_tx,9Iron,-0.399293920209697,2.610108910356167,4.710883549721362,3.4237779608733625,8.14596032278656,6.762545996779888,4.85147268136632,5.983550675157381
0717,normal_tx,9Iron,-0.399293920209697,2.610108910356167,4.710883549721362,3.4237779608733625,8.14596032278656,6.762545996779888,4.85147268136632,5.983550675157381
0717,normal_tx,9Iron,-1.1730448413439694,3.2533128023177116,3.4387674420999734,4.173422954920989,10.815408629868632,7.4723530126477495,6.150773183521267,5.155580873310378
0717,normal_tx,9Iron,-1.1730448413439694,3.2533128023177116,3.4387674420999734,4.173422954920989,10.815408629868632,7.4723530126477495,6.150773183521267,5.155580873310378
0717,normal_tx,9Iron,-1.650605910291877,3.63019213372157,4.968082976751306,4.6747014595871565,12.817604640524157,6.808727057796091,5.730259070338595,6.372507377839755
0717,normal_tx,9Iron,-1.650605910291877,3.63019213372157,4.968082976751306,4.6747014595871565,12.817604640524157,6.808727057796091,5.730259070338595,6.372507377839755
0717,normal_tx,9Iron,-1.1333164233059887,3.5278567864850405,4.694161427297748,4.818022814048555,10.064772556957747,7.773778945518463,6.303988680101043,5.115063052511265
0717,normal_tx,9Iron,-1.1333164233059887,3.5278567864850405,4.694161427297748,4.818022814048555,10.064772556957747,7.773778945518463,6.303988680101043,5.115063052511265
0717,normal_tx,9Iron,-1.4327464977155349,6.51668352915638,3.258244880667242,4.050894295028365,8.109904888518855,7.822730709346239,5.247530912607532,4.926055698613453
0717,normal_tx,9Iron,-1.4327464977155349,6.51668352915638,3.258244880667242,4.050894295028365,8.109904888518855,7.822730709346239,5.247530912607532,4.926055698613453
0717,normal_tx,9Iron,2.339701476906951,3.702961868320811,3.18289438632035,3.3798397952494184,7.054576766437901,8.610107386722852,4.1393494132564985,6.699362709836761
0717,normal_tx,9Iron,2.339701476906951,3.702961868320811,3.18289438632035,3.3798397952494184,7.054576766437901,8.610107386722852,4.1393494132564985,6.699362709836761
0717,normal_tx,9Iron,1.9283653911207044,4.092142649085902,3.558578968345586,3.8318589990049396,8.107420424717025,7.9416871699177864,7.5040862407224225,6.972350956886247
0717,normal_tx,9Iron,1.9283653911207044,4.092142649085902,3.558578968345586,3.8318589990049396,8.107420424717025,7.9416871699177864,7.5040862407224225,6.972350956886247
0717,normal_tx,9Iron,0.4427648625815076,2.512712665396366,3.502710902739789,2.9802297113213996,7.036799584178195,8.80572178846548,3.929099114108742,5.296761851148084
0717,normal_tx,9Iron,0.4427648625815076,2.512712665396366,3.502710902739789,2.9802297113213996,7.036799584178195,8.80572178846548,3.929099114108742,5.296761851148084
0717,normal_tx,9Iron,-0.8343858299655799,5.443875801420926,5.54626697791489,3.6335494854115815,8.294421422547599,9.138800437222024,3.7430687829035527,4.72984419185786
0717,normal_tx,9Iron,-0.8343858299655799,5.443875801420926,5.54626697791489,3.6335494854115815,8.294421422547599,9.138800437222024,3.7430687829035527,4.72984419185786
0717,normal_tx,9Iron,-0.14431696207427216,3.0663603651912745,2.7984085097249145,3.3459029467758437,9.431837635322978,7.736729770229019,4.476919436733932,6.457646809097652
0717,normal_tx,9Iron,-0.14431696207427216,3.0663603651912745,2.7984085097249145,3.3459029467758437,9.431837635322978,7.736729770229019,4.476919436733932,6.457646809097652
0717,normal_tx,9Iron,1.2583664971952804,3.5511816352600283,3.3277720636438164,4.947592219207753,9.942807118775095,7.090729030931148,6.181743513722498,5.449629149510677
0717,normal_tx,9Iron,1.2583664971952804,3.5511816352600283,3.3277720636438164,4.947592219207753,9.942807118775095,7.090729030931148,6.181743513722498,5.449629149510677
0717,normal_tx,9Iron,-0.4631087522395801,1.997584776765268,1.607585573970744,1.4625463038868975,6.35559540873051,7.996541194054486,4.809859253646575,5.253444539789365
0717,normal_tx,9Iron,-0.4631087522395801,1.997584776765268,1.607585573970744,1.4625463038868975,6.35559540873051,7.996541194054486,4.809859253646575,5.253444539789365
0717,normal_tx,9Iron,-1.1705525259744305,2.8137621568065114,4.468206135027314,5.534735237329723,11.15718067221573,7.078301832509765,5.214361894795227,4.663007845989961
0717,normal_tx,9Iron,-1.1705525259744305,2.8137621568065114,4.468206135027314,5.534735237329723,11.15718067221573,7.078301832509765,5.214361894795227,4.663007845989961
0717,normal_tx,9Iron,-0.2638579209284457,5.035425661021799,4.49548902535298,3.3926982352200916,6.623528139024633,7.421207224657616,5.382998629632592,4.152343181631627
0717,normal_tx,9Iron,-0.2638579209284457,5.035425661021799,4.49548902535298,3.3926982352200916,6.623528139024633,7.421207224657616,5.382998629632592,4.152343181631627
0717,normal_tx,9Iron,0.6123473915176328,2.126267124281912,2.9989749831243233,2.866603392500506,7.718243439515602,4.8000008550264415,5.59763558687369,3.5498217161406482
0717,normal_tx,9Iron,0.6123473915176328,2.126267124281912,2.9989749831243233,2.866603392500506,7.718243439515602,4.8000008550264415,5.59763558687369,3.5498217161406482
0717,normal_tx,9Iron,-0.0017815223160112838,4.464303357655303,4.10720002305754,6.261605181371092,7.537884006713853,7.041525542989679,5.4698083620708715,5.061176245857636
0717,normal_tx,9Iron,-0.0017815223160112838,4.464303357655303,4.10720002305754,6.261605181371092,7.537884006713853,7.041525542989679,5.4698083620708715,5.061176245857636
0717,normal_tx,7Iron,1.039336743432328,3.81548903851351,2.296237973740982,2.940020709705524,7.135604077601993,8.898712542634156,5.065718449984956,4.963213993409904
0717,normal_tx,7Iron,1.039336743432328,3.81548903851351,2.296237973740982,2.940020709705524,7.135604077601993,8.898712542634156,5.065718449984956,4.963213993409904
0717,normal_tx,7Iron,3.4696757743621465,4.280303192104874,4.1555036956994975,3.7106574943066004,10.591190266382606,9.80095475504917,5.468066937725534,6.864194040380988
0717,normal_tx,7Iron,3.4696757743621465,4.280303192104874,4.1555036956994975,3.7106574943066004,10.591190266382606,9.80095475504917,5.468066937725534,6.864194040380988
0717,normal_tx,7Iron,2.0886274617388247,3.3436480668088437,2.9153600923566296,3.3056028190275093,9.960828769878496,13.350848050349335,5.773452953041181,5.8644896186601025
0717,normal_tx,7Iron,2.0886274617388247,3.3436480668088437,2.9153600923566296,3.3056028190275093,9.960828769878496,13.350848050349335,5.773452953041181,5.8644896186601025
0717,normal_tx,7Iron,-0.6872782282896001,3.6651558976696705,4.473235742113747,3.6696657592085398,13.221833049684477,6.732649557205103,5.669816824397601,5.363252789195955
0717,normal_tx,7Iron,-0.6872782282896001,3.6651558976696705,4.473235742113747,3.6696657592085398,13.221833049684477,6.732649557205103,5.669816824397601,5.363252789195955
0717,normal_tx,7Iron,0.8347615737688773,3.1717060152969885,3.4730166848302595,2.905094899364811,10.530153157039829,8.388548313745646,5.668244699236839,5.333674877672808
0717,normal_tx,7Iron,0.8347615737688773,3.1717060152969885,3.4730166848302595,2.905094899364811,10.530153157039829,8.388548313745646,5.668244699236839,5.333674877672808
0717,normal_tx,7Iron,0.5169304060491917,1.9436479333272692,3.7025598816038365,3.872087016870305,7.607563556426158,9.334992074141557,4.056500479908539,4.455483883679298
0717,normal_tx,7Iron,0.5169304060491917,1.9436479333272692,3.7025598816038365,3.872087016870305,7.607563556426158,9.334992074141557,4.056500479908539,4.455483883679298
0717,normal_tx,7Iron,2.162785670697131,3.3322522370846834,1.452017459237691,2.398208013158073,8.264879249872738,10.516613891079164,5.304612413775777,4.698934682057981
0717,normal_tx,7Iron,2.162785670697131,3.3322522370846834,1.452017459237691,2.398208013158073,8.264879249872738,10.516613891079164,5.304612413775777,4.698934682057981
0717,normal_tx,7Iron,-1.131138739631653,3.592761900550678,1.672515385908956,1.7062498290298675,6.178391858530123,5.256091032865118,3.701728138410454,3.411811159648844
0717,normal_tx,7Iron,-1.131138739631653,3.592761900550678,1.672515385908956,1.7062498290298675,6.178391858530123,5.256091032865118,3.701728138410454,3.411811159648844
0717,normal_tx,7Iron,0.9168453424534603,3.365594417260405,2.376508445728222,2.605899031292999,8.695352785550298,7.1182711436329935,4.387091327439265,4.921562917475314
0717,normal_tx,7Iron,0.9168453424534603,3.365594417260405,2.376508445728222,2.605899031292999,8.695352785550298,7.1182711436329935,4.387091327439265,4.921562917475314
0717,normal_tx,7Iron,-1.3286935429052702,2.765897329454492,2.598531759912431,2.828718622102568,8.048459428646204,7.584279893864133,5.26242476761615,4.536383289614161
0717,normal_tx,7Iron,-1.3286935429052702,2.765897329454492,2.598531759912431,2.828718622102568,8.048459428646204,7.584279893864133,5.26242476761615,4.536383289614161
0717,normal_tx,5Iron,-1.1943710259166047,1.4615701425353151,1.6817949656226991,2.460942290633751,7.2474026794206,7.446301182761686,3.8334086971858685,3.4774922224594267
0717,normal_tx,5Iron,-1.1943710259166047,1.4615701425353151,1.6817949656226991,2.460942290633751,7.2474026794206,7.446301182761686,3.8334086971858685,3.4774922224594267
0717,normal_tx,5Iron,-0.14790009470419563,1.9166176083840405,1.7537898903156384,1.6094349652627935,6.818483675673979,4.826539538545036,4.134823581171991,4.176677577744262
0717,normal_tx,5Iron,-0.14790009470419563,1.9166176083840405,1.7537898903156384,1.6094349652627935,6.818483675673979,4.826539538545036,4.134823581171991,4.176677577744262
0717,normal_tx,5Iron,1.3029354650784544,2.6714576786108157,1.8880641539626168,2.134604151031633,4.008740524232136,7.9230438438780455,3.473829247477485,4.872102443624456
0717,normal_tx,5Iron,1.3029354650784544,2.6714576786108157,1.8880641539626168,2.134604151031633,4.008740524232136,7.9230438438780455,3.473829247477485,4.872102443624456
0717,normal_tx,5Iron,-1.967860501521257,4.603888835318858,2.893496824549322,2.2862116953876086,7.3574772728906375,5.230794471790231,4.57718015102074,2.662456686007155
0717,normal_tx,5Iron,-1.967860501521257,4.603888835318858,2.893496824549322,2.2862116953876086,7.3574772728906375,5.230794471790231,4.57718015102074,2.662456686007155
0717,normal_tx,5Iron,0.4142325401326764,2.671417784143367,3.22780109947289,2.4334836780173417,6.581642159160449,7.2337592411114695,3.894262333770114,3.3969059735329497
0717,normal_tx,5Iron,0.4142325401326764,2.671417784143367,3.22780109947289,2.4334836780173417,6.581642159160449,7.2337592411114695,3.894262333770114,3.3969059735329497
0717,normal_tx,5Iron,1.0000612430657756,2.7676072410676325,3.251656774438307,4.097261634046527,5.69078713350709,9.133877320513307,4.609772974167605,3.708699289637042
0717,normal_tx,5Iron,1.0000612430657756,2.7676072410676325,3.251656774438307,4.097261634046527,5.69078713350709,9.133877320513307,4.609772974167605,3.708699289637042
0717,normal_tx,5Iron,1.3670689957439677,4.232868752587921,2.939675067043746,2.172352358323243,7.692433390802232,8.776648282915584,3.823273781759204,4.602121825014068
0717,normal_tx,5Iron,1.3670689957439677,4.232868752587921,2.939675067043746,2.172352358323243,7.692433390802232,8.776648282915584,3.823273781759204,4.602121825014068
0717,normal_tx,5Iron,1.1778613722621871,3.823360745462776,3.579233000135962,3.952062380981502,4.33958307046303,8.357302238299019,4.942212039084437,4.994011355921263
0717,normal_tx,5Iron,1.1778613722621871,3.823360745462776,3.579233000135962,3.952062380981502,4.33958307046303,8.357302238299019,4.942212039084437,4.994011355921263
0717,normal_tx,5Iron,-5.6753292247047105,5.137788896115601,5.698629011346653,2.6672585046811954,10.946071628860468,4.80856420652435,7.283254108451715,7.2086201071333935
0717,normal_tx,5Iron,-5.6753292247047105,5.137788896115601,5.698629011346653,2.6672585046811954,10.946071628860468,4.80856420652435,7.283254108451715,7.2086201071333935
0717,normal_tx,5Iron,3.577896659874989,1.9570648631488776,2.3321622194433465,2.654587524603116,4.850161440494712,6.859808558012256,2.892215160626778,4.947195198880706
0717,normal_tx,5Iron,3.577896659874989,1.9570648631488776,2.3321622194433465,2.654587524603116,4.850161440494712,6.859808558012256,2.892215160626778,4.947195198880706
0717,normal_tx,SandWedge,0.5646559108168716,2.8384848580546103,3.9423128308207707,2.9269428695334687,5.927392066269254,5.651347129787092,3.295802775041915,3.6840521418507017
0717,normal_tx,SandWedge,0.5646559108168716,2.8384848580546103,3.9423128308207707,2.9269428695334687,5.927392066269254,5.651347129787092,3.295802775041915,3.6840521418507017
0717,normal_tx,SandWedge,-0.7058403563434006,2.1555219283414653,1.3040475599176249,1.2203132967397687,4.676840606170442,6.020194209794418,2.874755792430318,3.676700757365071
0717,normal_tx,SandWedge,-0.7058403563434006,2.1555219283414653,1.3040475599176249,1.2203132967397687,4.676840606170442,6.020194209794418,2.874755792430318,3.676700757365071
0717,normal_tx,SandWedge,0.9753907353725046,2.8798148761067757,2.61318813107274,3.0811479291977055,5.243004227920809,5.030802781859638,4.033013564127912,4.046425742996233
0717,normal_tx,SandWedge,0.9753907353725046,2.8798148761067757,2.61318813107274,3.0811479291977055,5.243004227920809,5.030802781859638,4.033013564127912,4.046425742996233
0717,normal_tx,SandWedge,1.6398159518523017,3.7288678691479102,3.2271877703044316,5.534783726092435,8.422805927521242,6.199718369372651,6.018193234935621,4.9765915609571785
0717,normal_tx,SandWedge,1.6398159518523017,3.7288678691479102,3.2271877703044316,5.534783726092435,8.422805927521242,6.199718369372651,6.018193234935621,4.9765915609571785
0717,normal_tx,SandWedge,1.2701681335184425,4.230688216228341,2.827841637631312,6.2783544640954165,9.327135114192044,7.890210122503056,5.216097464152396,6.54658437466662
0717,normal_tx,SandWedge,1.2701681335184425,4.230688216228341,2.827841637631312,6.2783544640954165,9.327135114192044,7.890210122503056,5.216097464152396,6.54658437466662
0717,normal_tx,SandWedge,1.815543884767072,2.907873257818679,2.5515021224218537,4.885159198368402,7.1159026443830715,7.617225236589423,3.579224504956951,6.072165751872312
0717,normal_tx,SandWedge,1.815543884767072,2.907873257818679,2.5515021224218537,4.885159198368402,7.1159026443830715,7.617225236589423,3.579224504956951,6.072165751872312
0717,normal_tx,Driver,-0.14122104731771018,2.9938148541438547,3.510999606667181,1.7428106895387074,7.915787811776752,8.826862990115472,6.057520986397497,5.622581326754749
0717,normal_tx,Driver,-0.14122104731771018,2.9938148541438547,3.510999606667181,1.7428106895387074,7.915787811776752,8.826862990115472,6.057520986397497,5.622581326754749
0717,normal_tx,Driver,1.3549114925963366,2.219595126758648,4.967102009095576,4.618299263685507,6.9741603342820895,6.501596473287572,4.462087920676174,3.7886945025693244
0717,normal_tx,Driver,1.3549114925963366,2.219595126758648,4.967102009095576,4.618299263685507,6.9741603342820895,6.501596473287572,4.462087920676174,3.7886945025693244
0717,normal_tx,Driver,0.3832774868326687,2.6557134524754344,1.8530860717551407,1.27508174318216,4.801383182654155,7.511988338094918,3.6758750759469656,4.511532967362344
0717,normal_tx,Driver,0.3832774868326687,2.6557134524754344,1.8530860717551407,1.27508174318216,4.801383182654155,7.511988338094918,3.6758750759469656,4.511532967362344
0717,normal_tx,Driver,-2.4452755009382545,6.000886770121419,6.647126473638124,1.96470420807485,9.884635603406942,12.49227864007408,4.162591948507638,4.6365513859935525
0717,normal_tx,Driver,-2.4452755009382545,6.000886770121419,6.647126473638124,1.96470420807485,9.884635603406942,12.49227864007408,4.162591948507638,4.6365513859935525
0717,normal_tx,Driver,1.5397312005700021,3.2552311782326737,2.7061984768496936,2.4740314406180675,8.445677450073521,8.227588757851821,4.068196824689778,5.6631181556891885
0717,normal_tx,Driver,1.5397312005700021,3.2552311782326737,2.7061984768496936,2.4740314406180675,8.445677450073521,8.227588757851821,4.068196824689778,5.6631181556891885
0717,normal_tx,Driver,1.4868333051916658,2.702159358001929,3.6580498163585,4.704847224403137,6.9287643420882015,7.8251807821768375,4.47077834299387,4.278673410386176
0717,normal_tx,Driver,1.4868333051916658,2.702159358001929,3.6580498163585,4.704847224403137,6.9287643420882015,7.8251807821768375,4.47077834299387,4.278673410386176
0717,normal_tx,Driver,-1.469094429679472,3.2128643421946608,3.4108978966670938,3.1914644331693474,8.584487974647889,6.585584317341957,3.9551518232636123,4.62078170568785
0717,normal_tx,Driver,-1.469094429679472,3.2128643421946608,3.4108978966670938,3.1914644331693474,8.584487974647889,6.585584317341957,3.9551518232636123,4.62078170568785
0717,normal_tx,Driver,1.0055116755912175,2.579241984645653,4.278897097184702,5.32453457489056,9.160839858105394,5.209836441606724,4.048794388956271,3.1186929753469177
0717,normal_tx,Driver,1.0055116755912175,2.579241984645653,4.278897097184702,5.32453457489056,9.160839858105394,5.209836441606724,4.048794388956271,3.1186929753469177
0717,normal_tx,Driver,-1.305460702965522,2.9780592483238886,1.848968703040267,2.2026656101919073,6.145562085876926,5.839603431572049,4.128409148750931,2.6703521453970924
0717,normal_tx,Driver,-1.305460702965522,2.9780592483238886,1.848968703040267,2.2026656101919073,6.145562085876926,5.839603431572049,4.128409148750931,2.6703521453970924
0717,normal_tx,Driver,1.3120159493255903,2.5883270480950804,1.218125686293944,2.2354044266769915,5.947083743276032,4.75137172383609,3.5874778960705127,3.704421541117393
0717,normal_tx,Driver,1.3120159493255903,2.5883270480950804,1.218125686293944,2.2354044266769915,5.947083743276032,4.75137172383609,3.5874778960705127,3.704421541117393
0717,normal_tx,Driver,0.7907735481967335,2.955583416516228,1.7038667564168355,2.0731762654557833,6.900488237678595,6.941615386278521,3.7559762389110594,2.817962143945953
0717,normal_tx,Driver,0.7907735481967335,2.955583416516228,1.7038667564168355,2.0731762654557833,6.900488237678595,6.941615386278521,3.7559762389110594,2.817962143945953
0717,normal_tx,Driver,0.40944014946881935,3.0540370029157913,2.540802238580407,1.6044451427314392,5.494559204372072,5.242718849513711,2.790151265647574,3.177527875630761
0717,normal_tx,Driver,0.40944014946881935,3.0540370029157913,2.540802238580407,1.6044451427314392,5.494559204372072,5.242718849513711,2.790151265647574,3.177527875630761
0717,normal_tx,Driver,-4.424359012620025,3.5823113811471705,2.5047616813759044,2.616798819502107,7.578213712473362,7.18454479886781,5.724024783969799,5.025845580198148
0717,normal_tx,Driver,-4.424359012620025,3.5823113811471705,2.5047616813759044,2.616798819502107,7.578213712473362,7.18454479886781,5.724024783969799,5.025845580198148
0717,normal_tx,Driver,-1.9210548262119862,2.3889112404728277,4.656185773642421,1.5730590621929554,9.632786596437063,6.516201808837319,3.332868731128065,4.193604078158582
0717,normal_tx,Driver,-1.9210548262119862,2.3889112404728277,4.656185773642421,1.5730590621929554,9.632786596437063,6.516201808837319,3.332868731128065,4.193604078158582
0717,normal_tx,Driver,1.761668470524973,2.782287335227356,2.7740405319305115,3.8436018215030714,5.667550100187402,6.981005626961269,3.331627008389587,3.357249311818902
0717,normal_tx,Driver,1.761668470524973,2.782287335227356,2.7740405319305115,3.8436018215030714,5.667550100187402,6.981005626961269,3.331627008389587,3.357249311818902
0717,reversed_tx_experimental,9Iron,-1.4736960230439744,3.5372573455773555,5.41905844443599,2.087182806434089,8.1224539406044,8.913168197405177,4.895741991981185,5.214734190332402
0717,reversed_tx_experimental,9Iron,-1.4736960230439744,3.5372573455773555,5.41905844443599,2.087182806434089,8.1224539406044,8.913168197405177,4.895741991981185,5.214734190332402
0717,reversed_tx_experimental,9Iron,1.3509698201384335,7.677804154569295,2.0590949162747822,5.783952495782789,27.484769058874956,20.29327538859227,9.49448848445962,4.850229467136048
0717,reversed_tx_experimental,9Iron,1.3509698201384335,7.677804154569295,2.0590949162747822,5.783952495782789,27.484769058874956,20.29327538859227,9.49448848445962,4.850229467136048
0717,reversed_tx_experimental,9Iron,-0.6527434834867951,3.1612185295995463,6.1590783367438275,4.565895207321298,9.007311427027057,6.847667602941049,5.28146960396103,4.230533480552333
0717,reversed_tx_experimental,9Iron,-0.6527434834867951,3.1612185295995463,6.1590783367438275,4.565895207321298,9.007311427027057,6.847667602941049,5.28146960396103,4.230533480552333
0717,reversed_tx_experimental,9Iron,-0.17333464665157233,4.165357226862186,3.0211652694352855,2.5569149883243076,7.741976598271711,5.83913409760091,5.107306627002508,5.336334818039938
0717,reversed_tx_experimental,9Iron,-0.17333464665157233,4.165357226862186,3.0211652694352855,2.5569149883243076,7.741976598271711,5.83913409760091,5.107306627002508,5.336334818039938
0717,reversed_tx_experimental,9Iron,-1.7310561176157016,3.200089700009616,3.6547077064970033,3.3246281191687226,9.585330685735999,5.263066107839743,8.004377962076354,5.944282736812314
0717,reversed_tx_experimental,9Iron,-1.7310561176157016,3.200089700009616,3.6547077064970033,3.3246281191687226,9.585330685735999,5.263066107839743,8.004377962076354,5.944282736812314
0717,reversed_tx_experimental,9Iron,2.721729998989959,3.6032506538241726,3.396150304786718,5.40793319695017,8.319053832047366,10.696534911000434,5.9500127009365675,5.4971057433971495
0717,reversed_tx_experimental,9Iron,2.721729998989959,3.6032506538241726,3.396150304786718,5.40793319695017,8.319053832047366,10.696534911000434,5.9500127009365675,5.4971057433971495
0717,reversed_tx_experimental,9Iron,-0.5234614987356953,2.6375807924681647,5.861599450867295,5.61248456019581,8.558542159582725,7.0402879282057516,7.069117748263272,6.184226774492276
0717,reversed_tx_experimental,9Iron,-0.5234614987356953,2.6375807924681647,5.861599450867295,5.61248456019581,8.558542159582725,7.0402879282057516,7.069117748263272,6.184226774492276
0717,reversed_tx_experimental,9Iron,-0.339485127980391,3.573176955406443,4.799520597656818,4.0403256093721875,9.954943930055563,8.140773652395728,6.920771897852312,5.662632325942738
0717,reversed_tx_experimental,9Iron,-0.339485127980391,3.573176955406443,4.799520597656818,4.0403256093721875,9.954943930055563,8.140773652395728,6.920771897852312,5.662632325942738
0717,reversed_tx_experimental,9Iron,0.3122054121324699,4.684255042250195,3.255488142383901,4.297502792772647,12.180715118435582,12.265903152257406,5.620803061373394,6.737224881650902
0717,reversed_tx_experimental,9Iron,0.3122054121324699,4.684255042250195,3.255488142383901,4.297502792772647,12.180715118435582,12.265903152257406,5.620803061373394,6.737224881650902
0717,reversed_tx_experimental,9Iron,0.05711422885233461,6.0729611918473765,2.149735182304637,2.3543940972983566,8.38373653802146,10.38615062931347,6.269723758499038,6.467225522884039
0717,reversed_tx_experimental,9Iron,0.05711422885233461,6.0729611918473765,2.149735182304637,2.3543940972983566,8.38373653802146,10.38615062931347,6.269723758499038,6.467225522884039
0717,reversed_tx_experimental,9Iron,-1.047875241834849,3.248436521881927,4.1480865324611464,2.7560814826743765,7.321508348696541,7.212968144438332,4.367067115936372,4.865857607172589
0717,reversed_tx_experimental,9Iron,-1.047875241834849,3.248436521881927,4.1480865324611464,2.7560814826743765,7.321508348696541,7.212968144438332,4.367067115936372,4.865857607172589
0717,reversed_tx_experimental,9Iron,0.34463243422319456,2.382886534037401,2.418109029639679,3.834393088478759,6.085372334754103,9.749465117966746,4.505179465569798,5.244425197986335
0717,reversed_tx_experimental,9Iron,0.34463243422319456,2.382886534037401,2.418109029639679,3.834393088478759,6.085372334754103,9.749465117966746,4.505179465569798,5.244425197986335
0717,reversed_tx_experimental,9Iron,1.1083710676320906,4.915014199523124,5.8390166024258585,5.253029817137855,11.612271954422157,8.885385219306933,5.203308523402405,5.737046850469508
0717,reversed_tx_experimental,9Iron,1.1083710676320906,4.915014199523124,5.8390166024258585,5.253029817137855,11.612271954422157,8.885385219306933,5.203308523402405,5.737046850469508
0717,reversed_tx_experimental,9Iron,0.0536360170955557,2.7361217115886185,2.6597930938407357,4.208032564236754,5.65382213053967,9.298884001292269,3.3677858803807874,5.040795271861741
0717,reversed_tx_experimental,9Iron,0.0536360170955557,2.7361217115886185,2.6597930938407357,4.208032564236754,5.65382213053967,9.298884001292269,3.3677858803807874,5.040795271861741
0717,reversed_tx_experimental,9Iron,-1.028479066911777,4.16841904999824,3.215167404186394,5.4260263958786,8.77632647312028,8.989601741572505,5.0379470815093255,3.1537721172292836
0717,reversed_tx_experimental,9Iron,-1.028479066911777,4.16841904999824,3.215167404186394,5.4260263958786,8.77632647312028,8.989601741572505,5.0379470815093255,3.1537721172292836
0722,old_enclosure,9Iron,-0.05159396429429744,4.010105064643323,3.602628642590317,4.091132778526604,9.285668828664353,7.84952168799124,6.151625742716504,5.642797184790941
0722,old_enclosure,9Iron,-0.05159396429429744,4.010105064643323,3.602628642590317,4.091132778526604,9.285668828664353,7.84952168799124,6.151625742716504,5.642797184790941
0722,old_enclosure,9Iron,-0.2571286582830765,3.2952616009015525,1.5971080290873,2.5793466908895635,8.112337279819307,6.005768102175569,4.897072056151687,5.67622292017678
0722,old_enclosure,9Iron,-0.2571286582830765,3.2952616009015525,1.5971080290873,2.5793466908895635,8.112337279819307,6.005768102175569,4.897072056151687,5.67622292017678
0722,old_enclosure,9Iron,0.029181274699044586,3.050969032741479,3.4341743341467676,2.830736562921956,6.545741063260297,5.975770179424926,4.70352900396482,3.923648767916372
0722,old_enclosure,9Iron,0.029181274699044586,3.050969032741479,3.4341743341467676,2.830736562921956,6.545741063260297,5.975770179424926,4.70352900396482,3.923648767916372
0722,old_enclosure,9Iron,0.26257097129146684,4.125412598044533,4.089130379295598,3.495957537449498,10.115221356382662,10.342434393352889,6.585742273682105,4.820808780556794
0722,old_enclosure,9Iron,0.26257097129146684,4.125412598044533,4.089130379295598,3.495957537449498,10.115221356382662,10.342434393352889,6.585742273682105,4.820808780556794
0722,old_enclosure,9Iron,-0.9116621876151166,3.768748225927883,3.835944828579585,2.7737950113695256,6.086070975910465,5.435744344254505,6.204646644950152,4.873962192527283
0722,old_enclosure,9Iron,-0.9116621876151166,3.768748225927883,3.835944828579585,2.7737950113695256,6.086070975910465,5.435744344254505,6.204646644950152,4.873962192527283
0722,old_enclosure,9Iron,-1.14804232298357,3.5331396267429325,4.169524427020724,3.970043018030889,7.707205934344711,7.321695411610694,6.172662243738017,4.877188066719575
0722,old_enclosure,9Iron,-1.14804232298357,3.5331396267429325,4.169524427020724,3.970043018030889,7.707205934344711,7.321695411610694,6.172662243738017,4.877188066719575
0722,old_enclosure,9Iron,1.143628819390521,2.175886753577317,2.7803223009752833,3.7675688877290283,7.0526208993719,6.285824446827803,4.126611538442445,4.027793906627768
0722,old_enclosure,9Iron,1.143628819390521,2.175886753577317,2.7803223009752833,3.7675688877290283,7.0526208993719,6.285824446827803,4.126611538442445,4.027793906627768
0722,old_enclosure,9Iron,1.1640803755443418,1.5705095741132438,3.2280634407290654,3.1723108937540614,5.858257977748826,6.726481944617187,4.627503321291107,4.069273634763234
0722,old_enclosure,9Iron,1.1640803755443418,1.5705095741132438,3.2280634407290654,3.1723108937540614,5.858257977748826,6.726481944617187,4.627503321291107,4.069273634763234
0722,old_enclosure,9Iron,0.24798856563900967,1.4913310677141993,0.7752837384631759,1.194520160638601,3.956504230865434,4.419607683997594,2.8176794995395946,2.999108995260411
0722,old_enclosure,9Iron,0.24798856563900967,1.4913310677141993,0.7752837384631759,1.194520160638601,3.956504230865434,4.419607683997594,2.8176794995395946,2.999108995260411
0722,old_enclosure,9Iron,1.0623956844409363,2.320766804018538,3.838543611597692,3.0694694526044,7.430285208391339,6.7359917733296015,3.530462637437891,4.772174610938632
0722,old_enclosure,9Iron,1.0623956844409363,2.320766804018538,3.838543611597692,3.0694694526044,7.430285208391339,6.7359917733296015,3.530462637437891,4.772174610938632
0722,old_enclosure,9Iron,0.373736115270007,2.695473384540805,2.607709232069981,2.7410436284524167,7.511882827174438,5.740113294908326,4.1131147653630515,3.481435670475448
0722,old_enclosure,9Iron,0.373736115270007,2.695473384540805,2.607709232069981,2.7410436284524167,7.511882827174438,5.740113294908326,4.1131147653630515,3.481435670475448
0722,old_enclosure,9Iron,-0.06708739446217728,2.5530157659391746,2.8114773375444386,2.9591904182080526,6.5658202464971,6.15172211835782,4.546654286436519,4.236414100292121
0722,old_enclosure,9Iron,-0.06708739446217728,2.5530157659391746,2.8114773375444386,2.9591904182080526,6.5658202464971,6.15172211835782,4.546654286436519,4.236414100292121
0722,old_enclosure,9Iron,0.8812532972698306,3.3408452009139524,2.490805582601274,4.184929358446086,7.427464682454424,5.898278801840058,4.976893834960283,3.900015476064965
0722,old_enclosure,9Iron,0.8812532972698306,3.3408452009139524,2.490805582601274,4.184929358446086,7.427464682454424,5.898278801840058,4.976893834960283,3.900015476064965
0722,old_enclosure,9Iron,0.3650642897550561,1.5067623447109944,2.6004239393812623,3.761308208172586,5.7395766443548615,7.1018319255788995,4.044742725236608,4.2268536476453615
0722,old_enclosure,9Iron,0.3650642897550561,1.5067623447109944,2.6004239393812623,3.761308208172586,5.7395766443548615,7.1018319255788995,4.044742725236608,4.2268536476453615
0722,old_enclosure,9Iron,-1.8288709866975177,2.915723224484516,3.194181738459992,3.03714798361068,8.109153159506008,4.024534121443326,4.755657351938592,3.5039267004030994
0722,old_enclosure,9Iron,-1.8288709866975177,2.915723224484516,3.194181738459992,3.03714798361068,8.109153159506008,4.024534121443326,4.755657351938592,3.5039267004030994
0722,old_enclosure,9Iron,-0.5594703006312136,1.409104220669623,4.334406820265343,4.26359345544365,6.4163480587234805,5.912637274350029,4.831268387099609,4.00767371736451
0722,old_enclosure,9Iron,-0.5594703006312136,1.409104220669623,4.334406820265343,4.26359345544365,6.4163480587234805,5.912637274350029,4.831268387099609,4.00767371736451
0722,old_enclosure,9Iron,-1.344839363720137,3.5114258699791883,4.1371776091327845,2.892102088539854,8.963534016586262,6.435806798696801,5.488573494751074,4.121258571755023
0722,old_enclosure,9Iron,-1.344839363720137,3.5114258699791883,4.1371776091327845,2.892102088539854,8.963534016586262,6.435806798696801,5.488573494751074,4.121258571755023
0722,old_enclosure,9Iron,0.5546375438547714,3.0152938610526103,3.6438291526585784,3.5136354253253925,8.81532556115172,8.476128958009777,4.749324345012397,4.454522252418412
0722,old_enclosure,9Iron,0.5546375438547714,3.0152938610526103,3.6438291526585784,3.5136354253253925,8.81532556115172,8.476128958009777,4.749324345012397,4.454522252418412
0722,old_enclosure,9Iron,-0.832076950607829,2.2139521027491718,2.197172215961973,2.6117082471031656,5.845760504920359,5.806456304795333,4.204440657552354,4.0358619028550615
0722,old_enclosure,9Iron,-0.832076950607829,2.2139521027491718,2.197172215961973,2.6117082471031656,5.845760504920359,5.806456304795333,4.204440657552354,4.0358619028550615
