time_et,club,tm_ball_mph,tm_club_mph,tm_la_deg,tm_dir_deg,tm_attack_deg,tm_spin_rpm,tm_carry_yds,tm_file,tm_face_deg,tm_club_path_deg,tm_face_to_path_deg,tm_carry_side_yds,tm_total_side_yds,shot_type,shot_type_reason,of_ball_mph,of_club_speed_mph,of_smash,of_spin_rpm,of_spin_conf,of_carry_yds,of_club,of_file,of_shot_n,ti_la_deg,ti_la_raw_deg,ti_angle_corr_deg,ti_estimator,ti_status,ti_track_mph,ti_tracker_quality,ti_n_snapshots,ti_component_std_deg,ti_capture_error,ti_file,dt_s
11:29:29,9Iron,113.8,83.2,19.072999999999993,-1.6479999999999981,-3.281,6029.209999999995,156.5,trackman_session_data_7_17_40shots.json,-3.447,5.396,-8.843,-32.5,-36.1,good,,113.1,78.1,1.45,5344.0,0.7,169.5,9-iron,session_20260717_112858_home.jsonl,1,20.12,20.12,0.0,lcmf_v1,accepted,109.7,ok,24,0.62,,/home/pacinoj/openflight_sessions/iwr6843/iwr6843_20260717_112928_947_001.l3dump,0.0
11:29:47,9Iron,109.1,82.2,19.63100000000001,2.261999999999999,-6.586,5385.689999999996,152.7,trackman_session_data_7_17_40shots.json,0.968,8.458,-7.49,-9.1,-10.8,good,,108.9,78.3,1.39,,,157.0,9-iron,session_20260717_112858_home.jsonl,2,,,0.0,lcmf_v1,rejected_missing_tdm_sign,101.8,reject,0,,,/home/pacinoj/openflight_sessions/iwr6843/iwr6843_20260717_112946_449_002.l3dump,-0.01
11:30:07,9Iron,114.1,86.0,19.155999999999995,1.5030000000000012,-3.867,5690.879999999996,159.8,trackman_session_data_7_17_40shots.json,0.454,5.851,-5.397,-13.9,-15.8,good,,113.6,79.7,1.42,5620.0,0.7,171.2,9-iron,session_20260717_112858_home.jsonl,3,20.95,20.95,0.0,lcmf_v1,accepted,110.3,ok,24,1.16,,/home/pacinoj/openflight_sessions/iwr6843/iwr6843_20260717_113006_286_003.l3dump,-0.0
11:30:30,9Iron,109.5,85.4,20.607999999999993,3.8570000000000015,-2.088,5747.219999999995,152.0,trackman_session_data_7_17_40shots.json,2.996,7.128,-4.132,0.5,-0.2,good,,109.1,79.0,1.38,5281.0,0.7,159.0,9-iron,session_20260717_112858_home.jsonl,4,20.55,20.55,0.0,lcmf_v1,accepted,106.2,ok,28,0.66,,/home/pacinoj/openflight_sessions/iwr6843/iwr6843_20260717_113029_308_004.l3dump,-0.0
11:31:04,9Iron,102.5,76.4,20.957999999999984,1.7320000000000022,-6.205,4695.799999999994,143.8,trackman_session_data_7_17_40shots.json,0.804,6.577,-5.772,-6.4,-8.0,good,,102.4,68.6,1.49,5258.0,0.7,141.1,9-iron,session_20260717_112858_home.jsonl,5,21.64,21.64,0.0,lcmf_v1,accepted,98.6,ok,30,0.7,,/home/pacinoj/openflight_sessions/iwr6843/iwr6843_20260717_113103_793_005.l3dump,-0.0
11:31:24,9Iron,114.0,84.8,20.714,2.5050000000000003,-3.194,6103.72,157.5,trackman_session_data_7_17_40shots.json,1.958,4.63,-2.672,-6.6,-7.5,good,,113.9,78.9,1.44,5925.0,0.7,172.3,9-iron,session_20260717_112858_home.jsonl,6,21.89,21.89,0.0,lcmf_v1,accepted,109.9,ok,23,2.02,,/home/pacinoj/openflight_sessions/iwr6843/iwr6843_20260717_113123_298_006.l3dump,0.0
11:31:41,9Iron,108.4,85.1,19.871999999999993,2.9930000000000003,-3.38,6880.189999999996,145.8,trackman_session_data_7_17_40shots.json,2.219,5.463,-3.244,3.8,3.6,good,,108.1,71.7,1.51,5510.0,0.7,156.6,9-iron,session_20260717_112858_home.jsonl,7,21.51,21.51,0.0,lcmf_v1,accepted,104.6,ok,27,0.88,,/home/pacinoj/openflight_sessions/iwr6843/iwr6843_20260717_113140_333_007.l3dump,-0.0
11:32:04,9Iron,108.9,0.0,19.922999999999977,0.2080000000000075,,5256.600000000003,151.9,trackman_session_data_7_17_40shots.json,-1.375,7.652,-9.027,-22.5,-26.0,good,,109.1,79.3,1.38,5180.0,0.7,159.0,9-iron,session_20260717_112858_home.jsonl,8,20.2,20.2,0.0,lcmf_v1,accepted,106.5,low,27,0.7,,/home/pacinoj/openflight_sessions/iwr6843/iwr6843_20260717_113203_465_008.l3dump,-0.01
11:32:23,9Iron,109.3,86.6,18.06699999999999,0.7710000000000037,-2.545,5483.089999999998,150.6,trackman_session_data_7_17_40shots.json,-0.758,6.623,-7.38,-23.0,-27.5,good,,108.9,80.0,1.36,4780.0,0.7,157.8,9-iron,session_20260717_112858_home.jsonl,9,18.88,18.88,0.0,lcmf_v1,accepted,107.8,low,26,1.11,,/home/pacinoj/openflight_sessions/iwr6843/iwr6843_20260717_113222_651_009.l3dump,-0.01
11:32:44,9Iron,98.1,0.0,18.641999999999992,-1.9319999999999922,,3647.439999999997,124.6,trackman_session_data_7_17_40shots.json,-3.41,7.035,-10.445,-31.1,-45.8,good,,98.4,80.2,1.23,3852.0,0.7,130.5,9-iron,session_20260717_112858_home.jsonl,10,17.1,17.1,0.0,lcmf_v1,accepted,94.5,ok,27,0.89,,/home/pacinoj/openflight_sessions/iwr6843/iwr6843_20260717_113243_742_010.l3dump,-0.01
11:38:43,9Iron,104.3,83.1,21.446999999999985,1.492,-3.691,6152.79,141.5,trackman_session_data_7_17_40shots.json,1.008,3.259,-2.251,2.0,1.9,good,,104.0,82.6,1.26,6134.0,0.7,146.6,9-iron,session_20260717_113510_trackman.jsonl,1,24.45,24.45,0.0,lcmf_v1,accepted,100.0,ok,27,8.24,,/home/pacinoj/openflight_sessions/iwr6843/iwr6843_20260717_113843_003_001.l3dump,-0.0
11:39:05,9Iron,114.3,84.2,20.456,1.9109999999999998,-3.837,6302.339999999997,157.2,trackman_session_data_7_17_40shots.json,1.121,4.952,-3.831,-5.3,-6.0,good,,113.5,79.3,1.43,,,168.9,9-iron,session_20260717_113510_trackman.jsonl,2,,,0.0,lcmf_v1,insufficient_channel_snapshots,103.3,low,0,,,/home/pacinoj/openflight_sessions/iwr6843/iwr6843_20260717_113904_950_002.l3dump,0.0
11:39:24,9Iron,112.0,84.3,21.337000000000007,2.5650000000000004,-5.941,6574.6900000000005,152.1,trackman_session_data_7_17_40shots.json,1.824,5.521,-3.697,2.4,2.1,good,,111.7,84.2,1.33,6213.0,0.7,167.1,9-iron,session_20260717_113510_trackman.jsonl,3,23.22,23.22,0.0,lcmf_v1,accepted,107.2,ok,27,0.36,,/home/pacinoj/openflight_sessions/iwr6843/iwr6843_20260717_113923_910_003.l3dump,0.01
11:40:13,9Iron,103.9,85.7,18.288999999999994,2.0970000000000004,-3.467,6891.139999999993,138.3,trackman_session_data_7_17_40shots.json,1.682,3.298,-1.616,6.8,7.2,good,,,,,,,,,,,,,,,,,,,,,,
11:41:08,9Iron,115.5,86.2,19.476999999999993,0.951000000000002,-5.752,5712.839999999997,162.2,trackman_session_data_7_17_40shots.json,-0.221,6.322,-6.542,-14.3,-15.9,good,,115.4,80.4,1.43,4779.0,0.7,174.8,9-iron,session_20260717_114039_trackman.jsonl,1,17.96,17.96,0.0,lcmf_v1,accepted,112.2,ok,20,1.35,,/home/pacinoj/openflight_sessions/iwr6843/iwr6843_20260717_114107_880_002.l3dump,-0.01
11:41:36,9Iron,105.7,81.0,17.945000000000014,-0.43600000000000244,-7.108,5015.250000000002,147.5,trackman_session_data_7_17_40shots.json,-1.555,4.972,-6.527,-11.9,-14.1,good,,105.5,80.7,1.31,4755.0,0.7,148.6,9-iron,session_20260717_114039_trackman.jsonl,2,19.32,19.32,0.0,lcmf_v1,accepted,102.7,ok,24,0.46,,/home/pacinoj/openflight_sessions/iwr6843/iwr6843_20260717_114135_097_003.l3dump,0.0
11:42:11,9Iron,113.3,84.0,20.174999999999986,2.241000000000002,-4.848,6377.489999999995,155.5,trackman_session_data_7_17_40shots.json,1.785,4.007,-2.222,-0.0,-0.4,good,,112.6,78.1,1.44,4894.0,0.7,167.8,9-iron,session_20260717_114039_trackman.jsonl,3,18.71,18.71,0.0,lcmf_v1,accepted,110.2,low,24,0.77,,/home/pacinoj/openflight_sessions/iwr6843/iwr6843_20260717_114210_520_004.l3dump,-0.0
11:42:31,9Iron,114.5,85.8,21.15399999999999,3.951000000000003,-4.134,6226.8399999999965,157.6,trackman_session_data_7_17_40shots.json,3.522,5.674,-2.151,0.7,0.1,good,,113.8,80.2,1.42,6085.0,0.7,172.4,9-iron,session_20260717_114039_trackman.jsonl,4,22.42,22.42,0.0,lcmf_v1,accepted,109.7,ok,23,1.3,,/home/pacinoj/openflight_sessions/iwr6843/iwr6843_20260717_114230_732_005.l3dump,-0.0
11:42:56,9Iron,113.9,84.7,18.210999999999988,-1.5029999999999963,-6.552,5653.619999999994,159.8,trackman_session_data_7_17_40shots.json,-2.412,2.588,-5.0,-21.0,-23.2,good,,113.3,86.2,1.31,,,166.2,9-iron,session_20260717_114039_trackman.jsonl,5,,,0.0,lcmf_v1,rejected_missing_tdm_sign,108.2,reject,0,,,/home/pacinoj/openflight_sessions/iwr6843/iwr6843_20260717_114255_061_006.l3dump,0.0
11:43:14,9Iron,112.6,85.8,20.345,2.8299999999999996,-4.606,6124.849999999999,155.5,trackman_session_data_7_17_40shots.json,2.116,5.696,-3.581,-1.4,-2.0,good,,112.1,80.5,1.39,5642.0,0.7,167.3,9-iron,session_20260717_114039_trackman.jsonl,6,21.26,21.26,0.0,lcmf_v1,accepted,108.0,ok,24,0.61,,/home/pacinoj/openflight_sessions/iwr6843/iwr6843_20260717_114313_071_007.l3dump,0.01
11:43:36,9Iron,112.0,86.2,22.276999999999997,4.97,-6.053,6526.129999999996,151.7,trackman_session_data_7_17_40shots.json,4.784,5.734,-0.95,11.8,11.9,good,,111.4,85.9,1.3,5970.0,0.7,166.0,9-iron,session_20260717_114039_trackman.jsonl,7,22.46,22.46,0.0,lcmf_v1,accepted,106.4,ok,25,0.34,,/home/pacinoj/openflight_sessions/iwr6843/iwr6843_20260717_114335_703_008.l3dump,-0.0
11:44:41,9Iron,107.9,85.8,21.63999999999999,2.5429999999999997,-3.652,6063.250000000005,147.8,trackman_session_data_7_17_40shots.json,2.346,3.302,-0.955,1.6,1.3,good,,107.2,84.6,1.27,5648.0,0.7,154.5,9-iron,session_20260717_114039_trackman.jsonl,9,22.13,22.13,0.0,lcmf_v1,accepted,102.9,ok,24,0.92,,/home/pacinoj/openflight_sessions/iwr6843/iwr6843_20260717_114440_907_012.l3dump,-0.01
11:45:04,9Iron,110.9,86.1,20.869999999999987,1.6970000000000005,-4.317,6054.480000000001,153.0,trackman_session_data_7_17_40shots.json,1.541,2.321,-0.78,2.6,2.5,good,,110.4,85.1,1.3,5376.0,0.7,162.6,9-iron,session_20260717_114039_trackman.jsonl,10,20.66,20.66,0.0,lcmf_v1,accepted,106.6,ok,24,0.47,,/home/pacinoj/openflight_sessions/iwr6843/iwr6843_20260717_114503_274_013.l3dump,-0.0
11:45:23,9Iron,109.7,86.1,21.05299999999999,3.7519999999999984,-5.741,6744.27,147.9,trackman_session_data_7_17_40shots.json,3.968,2.947,1.021,12.7,13.0,good,,109.2,85.5,1.28,,,155.2,9-iron,session_20260717_114039_trackman.jsonl,11,,,0.0,lcmf_v1,rejected_missing_tdm_sign,103.5,reject,0,,,/home/pacinoj/openflight_sessions/iwr6843/iwr6843_20260717_114522_201_014.l3dump,-0.0
11:45:44,9Iron,111.8,86.9,21.702,1.9219999999999997,-4.953,6292.529999999998,153.0,trackman_session_data_7_17_40shots.json,1.851,2.205,-0.354,2.1,1.9,good,,111.2,86.8,1.28,5964.0,0.7,165.5,9-iron,session_20260717_114039_trackman.jsonl,12,22.48,22.48,0.0,lcmf_v1,accepted,104.9,low,23,1.09,,/home/pacinoj/openflight_sessions/iwr6843/iwr6843_20260717_114543_832_015.l3dump,0.0
11:46:04,9Iron,106.9,0.0,20.416,3.7459999999999987,,5299.3,149.6,trackman_session_data_7_17_40shots.json,3.52,4.648,-1.129,4.3,4.0,good,,106.5,71.9,1.48,4799.0,0.7,151.4,9-iron,session_20260717_114039_trackman.jsonl,13,19.31,19.31,0.0,lcmf_v1,accepted,103.5,ok,22,0.97,,/home/pacinoj/openflight_sessions/iwr6843/iwr6843_20260717_114603_238_016.l3dump,0.0
11:46:42,9Iron,113.4,86.9,20.308,0.904,-6.651,6780.659999999996,153.9,trackman_session_data_7_17_40shots.json,0.507,2.447,-1.94,2.0,2.0,good,,112.9,85.9,1.31,5628.0,0.7,169.4,9-iron,session_20260717_114039_trackman.jsonl,15,21.09,21.09,0.0,lcmf_v1,accepted,108.4,ok,29,1.18,,/home/pacinoj/openflight_sessions/iwr6843/iwr6843_20260717_114641_193_018.l3dump,0.0
11:48:08,9Iron,118.0,86.0,18.680999999999994,-1.6199999999999997,-5.499,5855.699999999992,165.8,trackman_session_data_7_17_40shots.json,-2.805,3.622,-6.427,-22.2,-23.9,good,,117.3,87.2,1.35,4983.0,0.7,179.9,9-iron,session_20260717_114744_home.jsonl,1,18.36,18.36,0.0,lcmf_v1,accepted,114.1,ok,25,0.87,,/home/pacinoj/openflight_sessions/iwr6843/iwr6843_20260717_114807_350_001.l3dump,-0.0
11:48:25,9Iron,115.5,86.7,20.624999999999986,3.051,-6.021,6163.419999999997,159.8,trackman_session_data_7_17_40shots.json,2.968,3.408,-0.44,4.4,4.3,good,,115.2,82.1,1.4,5294.0,0.7,174.9,9-iron,session_20260717_114744_home.jsonl,2,19.65,19.65,0.0,lcmf_v1,accepted,111.0,ok,24,0.69,,/home/pacinoj/openflight_sessions/iwr6843/iwr6843_20260717_114824_439_002.l3dump,0.0
11:48:46,9Iron,117.5,87.6,20.003999999999994,-0.8409999999999979,-5.554,6294.489999999999,162.2,trackman_session_data_7_17_40shots.json,-2.266,5.251,-7.517,-20.1,-21.5,good,,116.5,80.8,1.44,5162.0,0.7,178.2,9-iron,session_20260717_114744_home.jsonl,3,19.03,19.03,0.0,lcmf_v1,accepted,113.6,ok,25,0.72,,/home/pacinoj/openflight_sessions/iwr6843/iwr6843_20260717_114845_092_003.l3dump,0.0
11:49:07,9Iron,117.7,84.7,18.554999999999993,-0.08399999999999794,-5.749,6121.549999999998,163.7,trackman_session_data_7_17_40shots.json,-1.722,6.983,-8.705,-20.2,-22.0,good,,117.0,79.6,1.47,5694.0,0.7,180.1,9-iron,session_20260717_114744_home.jsonl,4,20.65,20.65,0.0,lcmf_v1,accepted,113.6,ok,27,0.66,,/home/pacinoj/openflight_sessions/iwr6843/iwr6843_20260717_114906_734_004.l3dump,-0.0
11:49:30,9Iron,117.4,87.0,18.57899999999998,-0.021999999999995662,-4.258,5815.890000000001,164.7,trackman_session_data_7_17_40shots.json,-1.313,5.417,-6.73,-20.3,-22.4,good,,116.5,88.4,1.32,,,174.2,9-iron,session_20260717_114744_home.jsonl,5,,,0.0,lcmf_v1,rejected_missing_tdm_sign,111.2,reject,0,,,/home/pacinoj/openflight_sessions/iwr6843/iwr6843_20260717_114929_221_005.l3dump,0.0
11:49:52,9Iron,102.3,0.0,18.250999999999998,-1.8490000000000004,,3313.829999999998,144.1,trackman_session_data_7_17_40shots.json,-2.818,4.314,-7.131,-23.1,-30.4,good,,,,,,,,,,,,,,,,,,,,,,
11:51:01,9Iron,113.1,85.1,19.787000000000003,1.0259999999999996,-5.883,5882.489999999999,157.6,trackman_session_data_7_17_40shots.json,0.718,2.36,-1.643,-5.7,-6.4,good,,112.7,80.4,1.4,5459.0,0.7,168.8,9-iron,session_20260717_114744_home.jsonl,7,20.56,20.56,0.0,lcmf_v1,accepted,108.3,ok,28,0.76,,/home/pacinoj/openflight_sessions/iwr6843/iwr6843_20260717_115100_415_009.l3dump,-0.0
11:51:20,9Iron,100.8,87.0,19.459999999999997,5.113999999999997,-4.726,7064.3299999999945,132.6,trackman_session_data_7_17_40shots.json,5.588,3.699,1.889,19.1,20.5,good,,100.6,70.7,1.42,4434.0,0.7,135.0,9-iron,session_20260717_114744_home.jsonl,8,18.95,18.95,0.0,lcmf_v1,accepted,97.0,ok,28,0.97,,/home/pacinoj/openflight_sessions/iwr6843/iwr6843_20260717_115119_123_010.l3dump,0.0
11:52:07,9Iron,110.1,85.0,18.555999999999994,0.23400000000000085,-2.223,5600.620000000006,153.3,trackman_session_data_7_17_40shots.json,-1.003,4.844,-5.847,-15.9,-18.3,good,,109.8,80.0,1.37,4187.0,0.7,159.4,9-iron,session_20260717_114744_home.jsonl,10,16.73,16.73,0.0,lcmf_v1,accepted,106.0,ok,24,1.0,,/home/pacinoj/openflight_sessions/iwr6843/iwr6843_20260717_115206_270_013.l3dump,-0.0
11:52:27,9Iron,107.6,87.3,21.69899999999999,4.244999999999999,-3.813,6700.18,144.7,trackman_session_data_7_17_40shots.json,4.556,3.163,1.393,14.1,14.5,good,,107.1,86.1,1.24,5627.0,0.7,154.2,9-iron,session_20260717_114744_home.jsonl,11,22.08,22.08,0.0,lcmf_v1,accepted,103.1,ok,26,0.98,,/home/pacinoj/openflight_sessions/iwr6843/iwr6843_20260717_115226_374_014.l3dump,-0.0
11:54:04,7Iron,110.3,83.9,14.590999999999983,-0.8689999999999981,,4348.09,156.3,trackman_session_data_7_17_55shots.json,-1.119,0.488,-1.607,-10.9,-13.5,good,,110.2,84.5,1.3,3926.0,0.7,162.1,7-iron,session_20260717_115322_home.jsonl,1,15.78,15.78,0.0,lcmf_v1,accepted,108.0,ok,23,1.07,,/home/pacinoj/openflight_sessions/iwr6843/iwr6843_20260717_115403_200_001.l3dump,-0.0
11:55:00,7Iron,114.4,88.5,13.807999999999995,1.7300000000000006,,4986.209999999994,162.0,trackman_session_data_7_17_55shots.json,1.353,3.51,-2.156,1.3,1.0,good,,114.5,85.7,1.34,,,172.0,7-iron,session_20260717_115322_home.jsonl,3,,,0.0,lcmf_v1,rejected_missing_tdm_sign,108.9,reject,0,,,/home/pacinoj/openflight_sessions/iwr6843/iwr6843_20260717_115459_659_004.l3dump,0.0
11:55:21,7Iron,116.7,88.7,14.848999999999997,3.2810000000000006,-6.577,4990.059999999996,167.3,trackman_session_data_7_17_55shots.json,2.834,5.352,-2.517,2.0,1.3,good,,116.6,86.7,1.35,4311.0,0.7,179.4,7-iron,session_20260717_115322_home.jsonl,4,16.28,16.28,0.0,lcmf_v1,accepted,114.1,ok,22,1.26,,/home/pacinoj/openflight_sessions/iwr6843/iwr6843_20260717_115520_351_005.l3dump,-0.0
11:55:41,7Iron,117.8,89.9,16.127999999999997,4.732999999999999,-3.312,4986.939999999991,170.5,trackman_session_data_7_17_55shots.json,4.742,4.693,0.049,11.2,11.5,good,,117.7,86.2,1.36,4376.0,0.7,182.1,7-iron,session_20260717_115322_home.jsonl,5,16.37,16.37,0.0,lcmf_v1,accepted,114.6,ok,21,0.26,,/home/pacinoj/openflight_sessions/iwr6843/iwr6843_20260717_115540_973_006.l3dump,-0.0
11:55:59,7Iron,121.7,87.5,15.296999999999995,-1.1449999999999967,-6.681,4654.569999999993,178.0,trackman_session_data_7_17_55shots.json,-2.167,4.444,-6.611,-23.9,-27.3,good,,121.2,89.6,1.35,,,188.6,7-iron,session_20260717_115322_home.jsonl,6,,,0.0,lcmf_v1,rejected_missing_tdm_sign,113.2,reject,0,,,/home/pacinoj/openflight_sessions/iwr6843/iwr6843_20260717_115559_044_007.l3dump,0.0
11:56:26,7Iron,115.8,82.6,14.154999999999982,-0.8739999999999934,-6.323,4088.079999999997,164.2,trackman_session_data_7_17_55shots.json,-2.243,7.076,-9.319,-28.9,-37.4,good,,116.2,84.9,1.37,3775.0,0.7,177.6,7-iron,session_20260717_115322_home.jsonl,7,14.58,14.58,0.0,lcmf_v1,accepted,112.2,ok,23,1.15,,/home/pacinoj/openflight_sessions/iwr6843/iwr6843_20260717_115625_775_008.l3dump,0.0
11:56:51,7Iron,107.2,0.0,17.04999999999997,1.228000000000003,,3766.089999999993,155.1,trackman_session_data_7_17_55shots.json,0.8,3.749,-2.949,-3.4,-4.8,good,,106.9,86.2,1.24,4035.0,0.7,153.4,7-iron,session_20260717_115322_home.jsonl,8,16.58,16.58,0.0,lcmf_v1,accepted,104.3,ok,24,1.38,,/home/pacinoj/openflight_sessions/iwr6843/iwr6843_20260717_115650_587_009.l3dump,-0.0
11:57:29,7Iron,119.7,90.0,13.912999999999993,1.381,-4.767,4943.599999999992,173.0,trackman_session_data_7_17_55shots.json,1.634,0.311,1.323,7.5,8.3,good,,119.1,90.7,1.31,2319.0,0.7,183.1,7-iron,session_20260717_115322_home.jsonl,9,9.46,9.46,0.0,lcmf_v1,accepted,117.3,ok,20,7.28,,/home/pacinoj/openflight_sessions/iwr6843/iwr6843_20260717_115728_239_011.l3dump,-0.0
11:57:54,7Iron,118.9,86.5,13.188999999999988,-0.4299999999999973,,4211.609999999999,172.3,trackman_session_data_7_17_55shots.json,-1.807,3.822,-5.628,-17.6,-22.0,good,,118.5,84.4,1.4,3489.0,0.7,183.3,7-iron,session_20260717_115322_home.jsonl,10,13.41,13.41,0.0,lcmf_v1,accepted,116.6,ok,16,1.66,,/home/pacinoj/openflight_sessions/iwr6843/iwr6843_20260717_115753_889_012.l3dump,0.0
12:00:08,7Iron,113.7,83.3,11.667999999999969,-1.90699999999999,-7.965,3705.1899999999923,157.9,trackman_session_data_7_17_55shots.json,-2.915,4.147,-7.062,-21.0,-28.5,good,,114.1,88.5,1.29,,,169.8,7-iron,session_20260717_115322_home.jsonl,11,,,0.0,lcmf_v1,rejected_missing_tdm_sign,85.7,reject,0,,,/home/pacinoj/openflight_sessions/iwr6843/iwr6843_20260717_120007_601_015.l3dump,0.0
12:00:44,7Iron,110.2,86.5,15.07300000000001,3.3580000000000005,,5751.679999999997,151.6,trackman_session_data_7_17_55shots.json,3.503,2.717,0.786,19.4,22.2,good,,110.0,82.9,1.33,3762.0,0.7,161.4,7-iron,session_20260717_115322_home.jsonl,13,15.24,15.24,0.0,lcmf_v1,accepted,107.9,ok,24,0.66,,/home/pacinoj/openflight_sessions/iwr6843/iwr6843_20260717_120043_225_017.l3dump,0.01
12:01:06,7Iron,116.5,87.7,15.63299999999998,-1.6249999999999991,-2.588,4780.059999999995,168.8,trackman_session_data_7_17_55shots.json,-1.657,-1.493,-0.163,-9.1,-10.1,good,,116.1,85.8,1.35,4099.0,0.7,177.9,7-iron,session_20260717_115322_home.jsonl,14,15.65,15.65,0.0,lcmf_v1,accepted,112.4,low,28,1.75,,/home/pacinoj/openflight_sessions/iwr6843/iwr6843_20260717_120105_500_018.l3dump,0.0
12:03:04,5Iron,131.4,90.6,11.92599999999999,-1.0309999999999986,,3499.159999999993,201.8,trackman_session_data_7_17_55shots.json,-1.137,-0.249,-0.888,-16.0,-19.3,good,,131.3,94.1,1.4,3536.0,0.7,216.3,5-iron,session_20260717_115322_home.jsonl,15,12.43,12.43,0.0,lcmf_v1,accepted,128.5,ok,21,1.04,,/home/pacinoj/openflight_sessions/iwr6843/iwr6843_20260717_120303_171_023.l3dump,-0.01
12:03:44,5Iron,103.5,0.0,4.683000000000001,-1.278,,2201.2299999999973,34.5,trackman_session_data_7_17_55shots.json,-3.403,9.017,-12.421,-2.5,-7.2,skull,launch_angle<8,103.1,84.8,1.22,,,138.1,5-iron,session_20260717_115322_home.jsonl,17,1.17,1.17,0.0,lcmf_v1,accepted,102.3,ok,25,1.27,,/home/pacinoj/openflight_sessions/iwr6843/iwr6843_20260717_120343_217_025.l3dump,-0.01
12:04:31,5Iron,122.6,91.0,12.43999999999999,6.509999999999995,,4352.709999999998,178.3,trackman_session_data_7_17_55shots.json,7.257,2.298,4.958,38.3,44.7,good,,122.2,92.8,1.32,3110.0,0.7,193.3,5-iron,session_20260717_115322_home.jsonl,18,11.85,11.85,0.0,lcmf_v1,accepted,119.9,ok,13,3.66,,/home/pacinoj/openflight_sessions/iwr6843/iwr6843_20260717_120430_094_028.l3dump,-0.0
12:07:54,5Iron,124.9,90.4,12.62799999999997,2.395999999999999,,3721.5799999999867,188.3,trackman_session_data_7_17_55shots.json,2.491,1.744,0.747,10.3,11.7,good,,124.4,92.4,1.35,3032.0,0.7,198.6,5-iron,session_20260717_120737_home.jsonl,1,11.43,11.43,0.0,lcmf_v1,accepted,122.1,ok,16,2.87,,/home/pacinoj/openflight_sessions/iwr6843/iwr6843_20260717_120753_167_002.l3dump,-0.0
12:08:24,5Iron,131.7,92.0,11.412000000000003,-1.9909999999999997,-5.439,3566.090000000006,200.4,trackman_session_data_7_17_55shots.json,-2.461,0.841,-3.302,-22.5,-27.2,good,,131.1,93.1,1.41,3130.0,0.7,215.2,5-iron,session_20260717_120737_home.jsonl,2,11.23,11.23,0.0,lcmf_v1,accepted,128.8,ok,20,0.74,,/home/pacinoj/openflight_sessions/iwr6843/iwr6843_20260717_120823_650_004.l3dump,-0.0
12:08:50,5Iron,129.7,92.3,13.694999999999984,3.666,-4.875,4522.589999999996,194.0,trackman_session_data_7_17_55shots.json,4.323,0.339,3.984,25.8,28.3,good,,129.4,91.5,1.41,,,210.8,5-iron,session_20260717_120737_home.jsonl,3,,,0.0,lcmf_v1,rejected_missing_tdm_sign,124.9,reject,0,,,/home/pacinoj/openflight_sessions/iwr6843/iwr6843_20260717_120849_851_006.l3dump,0.01
12:09:11,5Iron,127.9,92.3,9.534000000000018,-2.024000000000004,-2.108,3079.0800000000063,185.9,trackman_session_data_7_17_55shots.json,-2.225,-1.084,-1.141,-21.2,-27.9,good,,127.9,92.3,1.39,2522.0,0.7,206.7,5-iron,session_20260717_120737_home.jsonl,4,9.56,9.56,0.0,lcmf_v1,accepted,125.1,ok,19,0.87,,/home/pacinoj/openflight_sessions/iwr6843/iwr6843_20260717_120910_820_007.l3dump,0.0
12:10:40,5Iron,107.3,0.0,11.300999999999949,-4.589999999999965,,1983.0099999999968,122.7,trackman_session_data_7_17_55shots.json,-5.093,-0.738,-4.355,-21.8,-32.9,good,,108.6,73.4,1.48,,,158.0,5-iron,session_20260717_120737_home.jsonl,6,,,0.0,lcmf_v1,rejected_missing_tdm_sign,102.8,reject,0,,,/home/pacinoj/openflight_sessions/iwr6843/iwr6843_20260717_121039_661_012.l3dump,-0.0
12:11:18,5Iron,131.8,91.9,8.87999999999998,-3.2119999999999886,-5.99,3106.419999999996,183.8,trackman_session_data_7_17_55shots.json,-4.166,3.16,-7.326,-38.6,-52.0,good,,131.9,91.9,1.43,1956.0,0.7,215.7,5-iron,session_20260717_120737_home.jsonl,8,7.53,7.53,0.0,lcmf_v1,accepted,128.1,ok,23,0.71,,/home/pacinoj/openflight_sessions/iwr6843/iwr6843_20260717_121117_373_015.l3dump,-0.0
12:12:23,SandWedge,82.0,78.0,29.326999999999998,-1.7739999999999996,-4.24,9889.480000000001,96.3,trackman_session_data_7_17_55shots.json,-2.931,0.493,-3.424,-5.4,-5.9,good,,82.3,55.4,1.49,5953.0,0.7,110.8,sw,session_20260717_120737_home.jsonl,10,29.39,29.39,0.0,lcmf_v1,accepted,75.2,ok,24,1.06,,/home/pacinoj/openflight_sessions/iwr6843/iwr6843_20260717_121222_280_019.l3dump,0.01
12:13:21,SandWedge,77.3,74.9,29.942000000000014,0.26400000000000007,-5.685,10214.470000000005,89.0,trackman_session_data_7_17_55shots.json,0.044,0.667,-0.622,-0.1,-0.2,good,,78.4,52.5,1.49,,,105.6,sw,session_20260717_120737_home.jsonl,12,,,0.0,lcmf_v1,rejected_missing_tdm_sign,66.3,reject,0,,,/home/pacinoj/openflight_sessions/iwr6843/iwr6843_20260717_121320_732_024.l3dump,0.01
12:13:52,SandWedge,71.4,74.9,30.744999999999997,-0.07500000000000008,,9931.319999999998,80.0,trackman_session_data_7_17_55shots.json,0.144,-0.506,0.65,0.3,0.4,good,,74.3,47.0,1.58,5498.0,0.7,100.2,sw,session_20260717_120737_home.jsonl,13,30.01,30.01,0.0,lcmf_v1,accepted,66.7,ok,28,0.28,,/home/pacinoj/openflight_sessions/iwr6843/iwr6843_20260717_121351_239_026.l3dump,-0.0
12:14:40,SandWedge,76.6,67.1,28.018999999999988,-3.468999999999998,-6.919,8024.839999999995,90.0,trackman_session_data_7_17_55shots.json,-5.889,2.553,-8.442,-11.0,-12.2,good,,77.1,51.0,1.51,5400.0,0.7,103.5,sw,session_20260717_120737_home.jsonl,15,28.53,28.53,0.0,lcmf_v1,accepted,67.3,ok,26,0.83,,/home/pacinoj/openflight_sessions/iwr6843/iwr6843_20260717_121439_150_030.l3dump,0.0
12:15:12,SandWedge,73.2,73.4,30.037999999999993,2.48,-7.475,10288.419999999998,82.7,trackman_session_data_7_17_55shots.json,2.131,3.099,-0.968,3.6,3.6,good,,75.4,48.0,1.57,4175,0.3,102.0,sw,session_20260717_120737_home.jsonl,16,,,0.0,lcmf_v1,rejected_missing_tdm_sign,61.5,reject,0,,,/home/pacinoj/openflight_sessions/iwr6843/iwr6843_20260717_121511_227_033.l3dump,0.0
12:16:02,SandWedge,77.3,73.1,28.917000000000012,-1.7720000000000002,-7.002,9412.32,89.9,trackman_session_data_7_17_55shots.json,-3.284,1.379,-4.662,-6.3,-7.1,good,,77.9,50.5,1.54,5612.0,0.7,104.9,sw,session_20260717_120737_home.jsonl,17,29.27,29.27,0.0,lcmf_v1,accepted,70.0,ok,24,0.65,,/home/pacinoj/openflight_sessions/iwr6843/iwr6843_20260717_121602_028_036.l3dump,0.0
12:16:17,SandWedge,78.6,77.6,29.544,-0.9839999999999992,-4.172,9397.159999999994,91.6,trackman_session_data_7_17_55shots.json,-1.943,0.914,-2.857,-4.1,-4.7,good,,79.2,55.9,1.42,5790.0,0.7,106.7,sw,session_20260717_120737_home.jsonl,18,29.68,29.68,0.0,lcmf_v1,accepted,69.6,low,24,0.33,,/home/pacinoj/openflight_sessions/iwr6843/iwr6843_20260717_121616_891_037.l3dump,0.01
12:16:45,SandWedge,76.7,0.0,29.72399999999999,-0.748000000000001,,8026.989999999997,89.8,trackman_session_data_7_17_55shots.json,-2.399,3.381,-5.78,-4.4,-4.9,good,,,,,,,,,,,,,,,,,,,,,,
12:18:18,Driver,140.4,105.8,19.501999999999974,-1.9069999999999987,3.359,3568.4400000000023,223.4,trackman_session_data_7_17_55shots.json,-2.155,-0.469,-1.686,-12.3,-12.8,good,,139.6,100.2,1.39,6978.0,0.7,235.8,driver,session_20260717_121802_home.jsonl,1,21.14,21.14,0.0,lcmf_v1,accepted,135.6,ok,20,0.92,,/home/pacinoj/openflight_sessions/iwr6843/iwr6843_20260717_121817_738_002.l3dump,-0.0
12:18:54,Driver,150.4,107.4,13.600000000000001,-5.430999999999998,2.814,1831.3099999999954,238.5,trackman_session_data_7_17_55shots.json,-6.064,0.801,-6.865,-58.6,-72.8,good,,151.8,100.6,1.51,11278.0,0.7,263.2,driver,session_20260717_121802_home.jsonl,2,30.1,30.1,0.0,lcmf_v1,accepted,55.3,ok,28,2.94,,/home/pacinoj/openflight_sessions/iwr6843/iwr6843_20260717_121853_553_005.l3dump,0.01
12:19:29,Driver,159.9,109.5,11.264999999999931,-2.7289999999999814,3.145,1896.4999999999893,261.1,trackman_session_data_7_17_55shots.json,-3.247,1.067,-4.314,-36.1,-44.1,good,,159.9,107.0,1.49,4157.0,0.7,287.9,driver,session_20260717_121802_home.jsonl,3,12.07,12.07,0.0,lcmf_v1,accepted,157.0,ok,16,1.8,,/home/pacinoj/openflight_sessions/iwr6843/iwr6843_20260717_121928_251_007.l3dump,0.0
12:20:19,Driver,160.8,109.5,10.865999999999948,-3.168999999999998,3.728,2672.7999999999915,268.8,trackman_session_data_7_17_55shots.json,-3.8,-0.349,-3.45,-22.2,-24.7,good,,161.2,107.4,1.5,4403.0,0.7,288.0,driver,session_20260717_121802_home.jsonl,4,12.58,12.58,0.0,lcmf_v1,accepted,157.4,ok,12,2.68,,/home/pacinoj/openflight_sessions/iwr6843/iwr6843_20260717_122018_436_011.l3dump,0.0
12:20:54,Driver,156.2,109.2,6.214999999999975,-6.1499999999999915,3.928,2652.469999999997,232.2,trackman_session_data_7_17_55shots.json,-7.778,0.515,-8.293,-48.2,-59.7,skull,launch_angle<8,156.1,110.5,1.41,2594.0,0.7,278.0,driver,session_20260717_121802_home.jsonl,5,8.28,8.28,0.0,lcmf_v1,accepted,153.4,ok,16,0.9,,/home/pacinoj/openflight_sessions/iwr6843/iwr6843_20260717_122053_344_014.l3dump,-0.01
12:21:44,Driver,152.4,110.0,9.191999999999986,-4.139000000000005,3.334,3533.559999999998,239.8,trackman_session_data_7_17_55shots.json,-5.527,0.059,-5.586,6.4,9.4,good,,154.1,105.7,1.46,9280.0,0.7,270.2,driver,session_20260717_121802_home.jsonl,6,24.91,24.91,0.0,lcmf_v1,accepted,56.1,ok,26,6.3,,/home/pacinoj/openflight_sessions/iwr6843/iwr6843_20260717_122143_307_017.l3dump,0.01
12:22:20,Driver,151.8,111.6,15.532999999999989,-3.252000000000002,2.046,3662.499999999992,243.1,trackman_session_data_7_17_55shots.json,-3.799,-0.32,-3.479,8.9,10.0,good,,150.8,107.5,1.4,5384.0,0.7,265.0,driver,session_20260717_121802_home.jsonl,7,15.81,15.81,0.0,lcmf_v1,accepted,147.1,ok,21,1.08,,/home/pacinoj/openflight_sessions/iwr6843/iwr6843_20260717_122219_263_019.l3dump,-0.01
12:22:57,Driver,156.9,109.4,13.584999999999974,-2.4269999999999956,3.435,2045.4299999999903,266.9,trackman_session_data_7_17_55shots.json,-3.013,2.399,-5.412,-26.8,-31.0,good,,158.2,104.8,1.51,11319.0,0.7,278.8,driver,session_20260717_121802_home.jsonl,8,29.09,29.09,0.0,lcmf_v1,accepted,57.3,low,24,1.26,,/home/pacinoj/openflight_sessions/iwr6843/iwr6843_20260717_122256_361_021.l3dump,-0.0
12:23:31,Driver,153.3,109.6,14.128999999999941,-2.952999999999989,2.338,2023.369999999985,260.1,trackman_session_data_7_17_55shots.json,-3.556,2.746,-6.302,-28.3,-32.7,good,,152.7,104.3,1.46,4935.0,0.7,269.9,driver,session_20260717_121802_home.jsonl,9,14.52,14.52,0.0,lcmf_v1,accepted,150.2,ok,13,1.13,,/home/pacinoj/openflight_sessions/iwr6843/iwr6843_20260717_122330_650_023.l3dump,0.0
12:24:15,Driver,158.2,109.3,11.635999999999974,-2.6240000000000014,2.815,2561.9899999999925,265.4,trackman_session_data_7_17_55shots.json,-3.121,0.099,-3.219,-8.5,-8.8,good,,158.0,105.4,1.5,4516.0,0.7,283.2,driver,session_20260717_121802_home.jsonl,10,13.08,13.08,0.0,lcmf_v1,accepted,156.2,ok,16,0.8,,/home/pacinoj/openflight_sessions/iwr6843/iwr6843_20260717_122414_762_025.l3dump,0.0
12:24:46,Driver,156.4,109.0,13.045999999999998,-1.782000000000001,3.534,2885.839999999999,262.0,trackman_session_data_7_17_55shots.json,-2.567,2.45,-5.016,2.2,3.0,good,,156.2,105.7,1.48,4944.0,0.7,278.5,driver,session_20260717_121802_home.jsonl,11,14.26,14.26,0.0,lcmf_v1,accepted,152.0,low,21,1.41,,/home/pacinoj/openflight_sessions/iwr6843/iwr6843_20260717_122445_215_026.l3dump,0.0
12:25:35,Driver,160.0,111.1,12.361,-3.435,4.557,2173.5699999999983,271.3,trackman_session_data_7_17_55shots.json,-4.226,1.844,-6.07,-24.5,-27.6,good,,160.1,106.0,1.51,4515.0,0.7,287.9,driver,session_20260717_121802_home.jsonl,12,12.93,12.93,0.0,lcmf_v1,accepted,157.0,ok,17,1.07,,/home/pacinoj/openflight_sessions/iwr6843/iwr6843_20260717_122534_138_029.l3dump,0.0
12:26:04,Driver,159.7,109.5,14.429999999999952,-1.0940000000000014,3.358,2760.3399999999897,271.8,trackman_session_data_7_17_55shots.json,-1.041,-1.417,0.376,-1.2,-1.0,good,,158.9,105.8,1.5,4992.0,0.7,284.8,driver,session_20260717_121802_home.jsonl,13,14.18,14.18,0.0,lcmf_v1,accepted,156.2,ok,16,2.99,,/home/pacinoj/openflight_sessions/iwr6843/iwr6843_20260717_122603_943_030.l3dump,-0.01
12:26:34,Driver,162.5,111.2,10.788999999999971,-4.407999999999997,3.629,2195.1299999999883,270.5,trackman_session_data_7_17_55shots.json,-5.147,0.073,-5.219,-36.5,-42.6,good,,163.0,111.5,1.46,3720.0,0.7,288.4,driver,session_20260717_121802_home.jsonl,14,10.82,10.82,0.0,lcmf_v1,accepted,158.5,low,13,1.14,,/home/pacinoj/openflight_sessions/iwr6843/iwr6843_20260717_122633_215_032.l3dump,-0.01
12:27:00,Driver,155.9,111.8,6.653999999999975,-4.795999999999999,4.479,2964.2799999999984,243.4,trackman_session_data_7_17_55shots.json,-6.569,0.168,-6.737,-21.2,-24.0,skull,launch_angle<8,158.2,106.5,1.49,11745.0,0.7,278.5,driver,session_20260717_121802_home.jsonl,15,30.09,30.09,0.0,lcmf_v1,accepted,57.4,ok,23,1.14,,/home/pacinoj/openflight_sessions/iwr6843/iwr6843_20260717_122659_214_034.l3dump,-0.0
