shot,status,reasons,n_tx,ops_club_mph,ops_last_club_mph,ops_ball_mph,club_radial_mph,expected_radial_mph,prior_ratio,club_path_proxy_deg,attack_proxy_deg,attack_high_proxy_deg,attack_low_proxy_deg,attack_physical_proxy_deg,h_delta_deg,v_delta_deg,v_high_delta_deg,v_low_delta_deg,v_strong_delta_deg,v_physical_delta_deg,v_bartlett_delta_deg,h_median_deg,v_median_deg,v_high_median_deg,v_low_median_deg,v_strong_median_deg,v_physical_median_deg,v_bartlett_median_deg,h_first_deg,h_last_deg,v_first_deg,v_last_deg,h_points,v_points,v_variant_points,h_coherence,range_inliers,candidate_count,range_rms_m,ridge_t0_ms,ridge_t1_ms,impact_t_ms,club_center_t_ms,ridge_range0_m,ridge_range1_m,ridge_range_delta_m,live_h_deg,live_v_deg
1,accepted,,2,78.100,82.275,110.175,19.294,37.024,0.521,,-7.965,-5.905,-7.556,-1.873,,-18.965,-14.060,-17.991,-25.995,-4.458,-21.131,,19.005,22.705,-11.845,8.655,3.555,10.305,,,29.705,4.305,0,41,64,,64,120,0.041,12.000,25.350,22.689,20.556,1.859,1.991,0.131,,20.125
2,accepted,,2,78.304,82.886,105.899,3.359,37.299,0.090,,-2.544,-1.423,1.273,3.069,,-6.056,-3.388,3.030,-10.557,7.307,0.403,,24.455,26.055,-3.545,24.205,-3.095,23.255,,,25.005,14.505,0,50,60,,60,130,0.034,6.000,19.350,19.580,14.247,1.820,1.893,0.072,,20.600
3,accepted,,2,79.729,78.813,110.583,7.896,35.466,0.223,,0.006,1.414,-1.493,-1.493,,0.015,3.366,-3.554,-4.796,-3.554,-14.641,,23.305,27.505,12.505,17.255,12.505,17.005,,,30.805,25.105,0,37,56,,56,135,0.033,6.000,19.350,18.099,17.032,1.856,1.964,0.108,,20.950
4,accepted,,2,79.017,80.646,106.102,6.126,36.291,0.169,,-1.496,-3.550,-9.959,-8.633,,-3.561,-8.453,-23.712,-24.397,-20.554,-14.315,,20.205,22.605,-3.995,13.405,3.255,14.405,,,20.205,23.905,0,47,70,,70,133,0.043,6.090,24.090,20.148,18.015,1.857,1.938,0.081,,20.554
5,accepted,,2,68.630,70.769,99.280,7.848,31.846,0.246,,-2.848,-3.984,-4.425,-1.674,,-6.780,-9.485,-10.535,-15.489,-3.986,-13.869,,25.655,25.655,-2.145,14.505,3.605,14.405,,,29.205,5.305,0,38,68,,68,114,0.040,12.000,25.350,23.532,20.865,1.878,1.955,0.077,,21.637
6,accepted,,2,78.915,75.351,110.786,6.216,33.908,0.183,,-0.185,-0.569,-4.354,-3.933,,-0.440,-1.355,-10.368,-12.810,-9.363,-9.396,,24.905,25.805,0.205,16.755,1.605,15.755,,,31.605,29.705,0,49,72,,72,140,0.045,7.080,25.350,23.811,19.011,1.896,1.862,-0.034,,21.890
7,accepted,,2,71.685,71.685,104.982,-1.365,32.258,-0.042,,-3.614,-1.844,-3.536,-1.976,,-8.604,-4.390,-8.419,-6.176,-4.704,3.124,,17.605,23.905,9.905,14.005,10.105,15.005,,,17.705,27.405,0,42,65,,65,112,0.039,6.180,19.350,19.169,18.102,1.813,1.858,0.045,,21.506
8,accepted,,2,79.322,78.915,106.204,8.543,35.512,0.241,,-2.407,-1.934,3.018,3.018,,-5.731,-4.604,7.185,-6.405,7.185,-11.965,,23.705,24.205,4.205,21.805,4.205,21.705,,,32.405,32.205,0,73,81,,81,203,0.041,0.000,19.350,16.172,9.772,1.847,1.941,0.094,,20.201
9,accepted,,2,80.035,77.489,106.102,3.526,34.870,0.101,,-2.288,-1.444,0.955,2.969,,-5.447,-3.437,2.273,-1.252,7.069,12.672,,21.605,25.605,2.505,18.705,3.405,17.405,,,16.305,15.105,0,40,59,,59,131,0.040,6.000,19.260,17.850,17.317,1.888,1.968,0.080,,18.880
10,accepted,,2,80.239,78.304,95.818,11.804,35.237,0.335,,0.321,2.531,-1.738,-1.194,,0.765,6.026,-4.138,-13.215,-2.842,-20.963,,23.605,23.905,-5.195,23.105,-4.795,22.805,,,23.005,22.305,0,53,65,,65,162,0.036,6.000,24.450,20.462,17.529,1.782,1.815,0.033,,17.099
