time_et,club,tm_ball_mph,tm_club_mph,tm_la_deg,tm_dir_deg,tm_attack_deg,tm_spin_rpm,tm_carry_yds,tm_file,tm_face_deg,tm_club_path_deg,tm_face_to_path_deg,tm_carry_side_yds,tm_total_side_yds,shot_type,shot_type_reason,of_ball_mph,of_club_speed_mph,of_smash,of_spin_rpm,of_spin_conf,of_carry_yds,of_club,of_file,of_shot_n,ti_la_deg,ti_la_raw_deg,ti_angle_corr_deg,ti_estimator,ti_status,ti_track_mph,ti_tracker_quality,ti_n_snapshots,ti_component_std_deg,ti_capture_error,ti_file,dt_s,aa_shot,aa_status,aa_reasons,aa_n_tx,aa_ops_club_mph,aa_ops_last_club_mph,aa_ops_ball_mph,aa_club_radial_mph,aa_expected_radial_mph,aa_prior_ratio,aa_club_path_proxy_deg,aa_attack_proxy_deg,aa_attack_high_proxy_deg,aa_attack_low_proxy_deg,aa_attack_physical_proxy_deg,aa_h_delta_deg,aa_v_delta_deg,aa_v_high_delta_deg,aa_v_low_delta_deg,aa_v_strong_delta_deg,aa_v_physical_delta_deg,aa_v_bartlett_delta_deg,aa_h_median_deg,aa_v_median_deg,aa_v_high_median_deg,aa_v_low_median_deg,aa_v_strong_median_deg,aa_v_physical_median_deg,aa_v_bartlett_median_deg,aa_h_first_deg,aa_h_last_deg,aa_v_first_deg,aa_v_last_deg,aa_h_points,aa_v_points,aa_v_variant_points,aa_h_coherence,aa_range_inliers,aa_candidate_count,aa_range_rms_m,aa_ridge_t0_ms,aa_ridge_t1_ms,aa_impact_t_ms,aa_club_center_t_ms,aa_ridge_range0_m,aa_ridge_range1_m,aa_ridge_range_delta_m,aa_live_h_deg,aa_live_v_deg
11:29:29,9Iron,113.8,83.2,19.072999999999993,-1.6479999999999981,-3.281,6029.209999999995,156.5,trackman_session_data_7_17_40shots.json,-3.447,5.396,-8.843,-32.5,-36.1,good,,113.1,78.1,1.45,5344.0,0.7,169.5,9-iron,session_20260717_112858_home.jsonl,1,20.12,20.12,0.0,lcmf_v1,accepted,109.7,ok,24,0.62,,/home/pacinoj/openflight_sessions/iwr6843/iwr6843_20260717_112928_947_001.l3dump,0.0,1,accepted,,2,78.100,82.275,110.175,19.294,37.024,0.521,,-7.965,-5.905,-7.556,-1.873,,-18.965,-14.060,-17.991,-25.995,-4.458,-21.131,,19.005,22.705,-11.845,8.655,3.555,10.305,,,29.705,4.305,0,41,64,,64,120,0.041,12.000,25.350,22.689,20.556,1.859,1.991,0.131,,20.125
11:29:47,9Iron,109.1,82.2,19.63100000000001,2.261999999999999,-6.586,5385.689999999996,152.7,trackman_session_data_7_17_40shots.json,0.968,8.458,-7.49,-9.1,-10.8,good,,108.9,78.3,1.39,,,157.0,9-iron,session_20260717_112858_home.jsonl,2,,,0.0,lcmf_v1,rejected_missing_tdm_sign,101.8,reject,0,,,/home/pacinoj/openflight_sessions/iwr6843/iwr6843_20260717_112946_449_002.l3dump,-0.01,2,accepted,,2,78.304,82.886,105.899,3.359,37.299,0.090,,-2.544,-1.423,1.273,3.069,,-6.056,-3.388,3.030,-10.557,7.307,0.403,,24.455,26.055,-3.545,24.205,-3.095,23.255,,,25.005,14.505,0,50,60,,60,130,0.034,6.000,19.350,19.580,14.247,1.820,1.893,0.072,,20.600
11:30:07,9Iron,114.1,86.0,19.155999999999995,1.5030000000000012,-3.867,5690.879999999996,159.8,trackman_session_data_7_17_40shots.json,0.454,5.851,-5.397,-13.9,-15.8,good,,113.6,79.7,1.42,5620.0,0.7,171.2,9-iron,session_20260717_112858_home.jsonl,3,20.95,20.95,0.0,lcmf_v1,accepted,110.3,ok,24,1.16,,/home/pacinoj/openflight_sessions/iwr6843/iwr6843_20260717_113006_286_003.l3dump,-0.0,3,accepted,,2,79.729,78.813,110.583,7.896,35.466,0.223,,0.006,1.414,-1.493,-1.493,,0.015,3.366,-3.554,-4.796,-3.554,-14.641,,23.305,27.505,12.505,17.255,12.505,17.005,,,30.805,25.105,0,37,56,,56,135,0.033,6.000,19.350,18.099,17.032,1.856,1.964,0.108,,20.950
11:30:30,9Iron,109.5,85.4,20.607999999999993,3.8570000000000015,-2.088,5747.219999999995,152.0,trackman_session_data_7_17_40shots.json,2.996,7.128,-4.132,0.5,-0.2,good,,109.1,79.0,1.38,5281.0,0.7,159.0,9-iron,session_20260717_112858_home.jsonl,4,20.55,20.55,0.0,lcmf_v1,accepted,106.2,ok,28,0.66,,/home/pacinoj/openflight_sessions/iwr6843/iwr6843_20260717_113029_308_004.l3dump,-0.0,4,accepted,,2,79.017,80.646,106.102,6.126,36.291,0.169,,-1.496,-3.550,-9.959,-8.633,,-3.561,-8.453,-23.712,-24.397,-20.554,-14.315,,20.205,22.605,-3.995,13.405,3.255,14.405,,,20.205,23.905,0,47,70,,70,133,0.043,6.090,24.090,20.148,18.015,1.857,1.938,0.081,,20.554
11:31:04,9Iron,102.5,76.4,20.957999999999984,1.7320000000000022,-6.205,4695.799999999994,143.8,trackman_session_data_7_17_40shots.json,0.804,6.577,-5.772,-6.4,-8.0,good,,102.4,68.6,1.49,5258.0,0.7,141.1,9-iron,session_20260717_112858_home.jsonl,5,21.64,21.64,0.0,lcmf_v1,accepted,98.6,ok,30,0.7,,/home/pacinoj/openflight_sessions/iwr6843/iwr6843_20260717_113103_793_005.l3dump,-0.0,5,accepted,,2,68.630,70.769,99.280,7.848,31.846,0.246,,-2.848,-3.984,-4.425,-1.674,,-6.780,-9.485,-10.535,-15.489,-3.986,-13.869,,25.655,25.655,-2.145,14.505,3.605,14.405,,,29.205,5.305,0,38,68,,68,114,0.040,12.000,25.350,23.532,20.865,1.878,1.955,0.077,,21.637
11:31:24,9Iron,114.0,84.8,20.714,2.5050000000000003,-3.194,6103.72,157.5,trackman_session_data_7_17_40shots.json,1.958,4.63,-2.672,-6.6,-7.5,good,,113.9,78.9,1.44,5925.0,0.7,172.3,9-iron,session_20260717_112858_home.jsonl,6,21.89,21.89,0.0,lcmf_v1,accepted,109.9,ok,23,2.02,,/home/pacinoj/openflight_sessions/iwr6843/iwr6843_20260717_113123_298_006.l3dump,0.0,6,accepted,,2,78.915,75.351,110.786,6.216,33.908,0.183,,-0.185,-0.569,-4.354,-3.933,,-0.440,-1.355,-10.368,-12.810,-9.363,-9.396,,24.905,25.805,0.205,16.755,1.605,15.755,,,31.605,29.705,0,49,72,,72,140,0.045,7.080,25.350,23.811,19.011,1.896,1.862,-0.034,,21.890
11:31:41,9Iron,108.4,85.1,19.871999999999993,2.9930000000000003,-3.38,6880.189999999996,145.8,trackman_session_data_7_17_40shots.json,2.219,5.463,-3.244,3.8,3.6,good,,108.1,71.7,1.51,5510.0,0.7,156.6,9-iron,session_20260717_112858_home.jsonl,7,21.51,21.51,0.0,lcmf_v1,accepted,104.6,ok,27,0.88,,/home/pacinoj/openflight_sessions/iwr6843/iwr6843_20260717_113140_333_007.l3dump,-0.0,7,accepted,,2,71.685,71.685,104.982,-1.365,32.258,-0.042,,-3.614,-1.844,-3.536,-1.976,,-8.604,-4.390,-8.419,-6.176,-4.704,3.124,,17.605,23.905,9.905,14.005,10.105,15.005,,,17.705,27.405,0,42,65,,65,112,0.039,6.180,19.350,19.169,18.102,1.813,1.858,0.045,,21.506
11:32:04,9Iron,108.9,0.0,19.922999999999977,0.2080000000000075,,5256.600000000003,151.9,trackman_session_data_7_17_40shots.json,-1.375,7.652,-9.027,-22.5,-26.0,good,,109.1,79.3,1.38,5180.0,0.7,159.0,9-iron,session_20260717_112858_home.jsonl,8,20.2,20.2,0.0,lcmf_v1,accepted,106.5,low,27,0.7,,/home/pacinoj/openflight_sessions/iwr6843/iwr6843_20260717_113203_465_008.l3dump,-0.01,8,accepted,,2,79.322,78.915,106.204,8.543,35.512,0.241,,-2.407,-1.934,3.018,3.018,,-5.731,-4.604,7.185,-6.405,7.185,-11.965,,23.705,24.205,4.205,21.805,4.205,21.705,,,32.405,32.205,0,73,81,,81,203,0.041,0.000,19.350,16.172,9.772,1.847,1.941,0.094,,20.201
11:32:23,9Iron,109.3,86.6,18.06699999999999,0.7710000000000037,-2.545,5483.089999999998,150.6,trackman_session_data_7_17_40shots.json,-0.758,6.623,-7.38,-23.0,-27.5,good,,108.9,80.0,1.36,4780.0,0.7,157.8,9-iron,session_20260717_112858_home.jsonl,9,18.88,18.88,0.0,lcmf_v1,accepted,107.8,low,26,1.11,,/home/pacinoj/openflight_sessions/iwr6843/iwr6843_20260717_113222_651_009.l3dump,-0.01,9,accepted,,2,80.035,77.489,106.102,3.526,34.870,0.101,,-2.288,-1.444,0.955,2.969,,-5.447,-3.437,2.273,-1.252,7.069,12.672,,21.605,25.605,2.505,18.705,3.405,17.405,,,16.305,15.105,0,40,59,,59,131,0.040,6.000,19.260,17.850,17.317,1.888,1.968,0.080,,18.880
11:32:44,9Iron,98.1,0.0,18.641999999999992,-1.9319999999999922,,3647.439999999997,124.6,trackman_session_data_7_17_40shots.json,-3.41,7.035,-10.445,-31.1,-45.8,good,,98.4,80.2,1.23,3852.0,0.7,130.5,9-iron,session_20260717_112858_home.jsonl,10,17.1,17.1,0.0,lcmf_v1,accepted,94.5,ok,27,0.89,,/home/pacinoj/openflight_sessions/iwr6843/iwr6843_20260717_113243_742_010.l3dump,-0.01,10,accepted,,2,80.239,78.304,95.818,11.804,35.237,0.335,,0.321,2.531,-1.738,-1.194,,0.765,6.026,-4.138,-13.215,-2.842,-20.963,,23.605,23.905,-5.195,23.105,-4.795,22.805,,,23.005,22.305,0,53,65,,65,162,0.036,6.000,24.450,20.462,17.529,1.782,1.815,0.033,,17.099
11:38:43,9Iron,104.3,83.1,21.446999999999985,1.492,-3.691,6152.79,141.5,trackman_session_data_7_17_40shots.json,1.008,3.259,-2.251,2.0,1.9,good,,104.0,82.6,1.26,6134.0,0.7,146.6,9-iron,session_20260717_113510_trackman.jsonl,1,24.45,24.45,0.0,lcmf_v1,accepted,100.0,ok,27,8.24,,/home/pacinoj/openflight_sessions/iwr6843/iwr6843_20260717_113843_003_001.l3dump,-0.0,1,accepted,,2,82.581,84.821,100.604,13.820,38.169,0.362,,-1.866,-1.400,-0.490,1.090,,-4.444,-3.334,-1.166,-14.008,2.596,-3.902,,29.505,29.905,0.605,28.005,1.055,24.755,,,39.705,13.905,0,67,84,,84,188,0.039,0.000,19.350,17.026,7.693,1.795,1.857,0.061,,24.448
11:39:05,9Iron,114.3,84.2,20.456,1.9109999999999998,-3.837,6302.339999999997,157.2,trackman_session_data_7_17_40shots.json,1.121,4.952,-3.831,-5.3,-6.0,good,,113.5,79.3,1.43,,,168.9,9-iron,session_20260717_113510_trackman.jsonl,2,,,0.0,lcmf_v1,insufficient_channel_snapshots,103.3,low,0,,,/home/pacinoj/openflight_sessions/iwr6843/iwr6843_20260717_113904_950_002.l3dump,0.0,2,accepted,,2,79.322,74.434,110.583,8.541,33.496,0.255,,-0.552,-0.705,1.314,-0.275,,-1.315,-1.678,3.128,4.362,-0.654,7.053,,28.105,28.405,-8.995,13.405,2.605,12.205,,,33.305,23.905,0,44,71,,71,119,0.042,12.000,25.350,24.057,20.324,1.858,1.978,0.120,,20.000
11:39:24,9Iron,112.0,84.3,21.337000000000007,2.5650000000000004,-5.941,6574.6900000000005,152.1,trackman_session_data_7_17_40shots.json,1.824,5.521,-3.697,2.4,2.1,good,,111.7,84.2,1.33,6213.0,0.7,167.1,9-iron,session_20260717_113510_trackman.jsonl,3,23.22,23.22,0.0,lcmf_v1,accepted,107.2,ok,27,0.36,,/home/pacinoj/openflight_sessions/iwr6843/iwr6843_20260717_113923_910_003.l3dump,0.01,3,accepted,,2,84.210,84.108,108.444,17.739,37.849,0.469,,-7.664,-6.356,-5.626,-0.664,,-18.248,-15.134,-13.394,-9.573,-1.580,-10.415,,24.005,28.455,-8.795,9.705,-8.495,11.455,,,34.405,11.305,0,40,82,,82,153,0.050,12.000,30.540,26.588,21.788,1.816,2.001,0.185,,23.217
11:41:08,9Iron,115.5,86.2,19.476999999999993,0.951000000000002,-5.752,5712.839999999997,162.2,trackman_session_data_7_17_40shots.json,-0.221,6.322,-6.542,-14.3,-15.9,good,,115.4,80.4,1.43,4779.0,0.7,174.8,9-iron,session_20260717_114039_trackman.jsonl,1,17.96,17.96,0.0,lcmf_v1,accepted,112.2,ok,20,1.35,,/home/pacinoj/openflight_sessions/iwr6843/iwr6843_20260717_114107_880_002.l3dump,-0.01,1,accepted,,2,80.442,75.555,112.721,9.219,34.000,0.271,,-5.486,-3.840,0.475,2.001,,-13.062,-9.142,1.131,-7.851,4.765,-6.376,,31.105,30.905,-3.545,23.655,6.155,22.355,,,35.905,31.605,0,36,60,,60,124,0.040,0.000,13.350,13.891,10.691,1.774,1.820,0.045,,17.956
11:41:36,9Iron,105.7,81.0,17.945000000000014,-0.43600000000000244,-7.108,5015.250000000002,147.5,trackman_session_data_7_17_40shots.json,-1.555,4.972,-6.527,-11.9,-14.1,good,,105.5,80.7,1.31,4755.0,0.7,148.6,9-iron,session_20260717_114039_trackman.jsonl,2,19.32,19.32,0.0,lcmf_v1,accepted,102.7,ok,24,0.46,,/home/pacinoj/openflight_sessions/iwr6843/iwr6843_20260717_114135_097_003.l3dump,0.0,2,accepted,,2,80.748,85.024,102.640,4.192,38.261,0.110,,-3.613,-3.298,-0.696,-0.231,,-8.602,-7.851,-1.658,-20.142,-0.549,-16.740,,30.005,29.005,-9.295,19.555,-7.195,13.605,,,32.505,29.505,0,47,88,,88,169,0.042,6.000,30.180,26.251,16.918,1.853,1.859,0.006,,19.317
11:42:11,9Iron,113.3,84.0,20.174999999999986,2.241000000000002,-4.848,6377.489999999995,155.5,trackman_session_data_7_17_40shots.json,1.785,4.007,-2.222,-0.0,-0.4,good,,112.6,78.1,1.44,4894.0,0.7,167.8,9-iron,session_20260717_114039_trackman.jsonl,3,18.71,18.71,0.0,lcmf_v1,accepted,110.2,low,24,0.77,,/home/pacinoj/openflight_sessions/iwr6843/iwr6843_20260717_114210_520_004.l3dump,-0.0,3,accepted,,2,78.100,74.842,109.870,-10.165,33.679,-0.302,,-1.600,-3.018,-0.231,0.174,,-3.809,-7.185,-0.550,-19.387,0.415,-33.728,,25.405,21.605,-13.995,14.205,-1.695,9.805,,,19.905,6.605,0,29,60,,60,127,0.040,6.000,19.350,19.791,17.124,1.865,1.827,-0.038,,18.714
11:42:31,9Iron,114.5,85.8,21.15399999999999,3.951000000000003,-4.134,6226.8399999999965,157.6,trackman_session_data_7_17_40shots.json,3.522,5.674,-2.151,0.7,0.1,good,,113.8,80.2,1.42,6085.0,0.7,172.4,9-iron,session_20260717_114039_trackman.jsonl,4,22.42,22.42,0.0,lcmf_v1,accepted,109.7,ok,23,1.3,,/home/pacinoj/openflight_sessions/iwr6843/iwr6843_20260717_114230_732_005.l3dump,-0.0,4,accepted,,2,80.239,77.082,110.684,1.998,34.687,0.058,,-1.725,-2.440,3.824,2.520,,-4.107,-5.811,9.105,11.723,6.000,14.957,,29.255,29.405,-14.295,27.305,-12.895,28.405,,,31.405,30.405,0,60,75,,75,149,0.044,6.000,24.450,20.497,16.230,1.856,1.857,0.001,,22.416
11:42:56,9Iron,113.9,84.7,18.210999999999988,-1.5029999999999963,-6.552,5653.619999999994,159.8,trackman_session_data_7_17_40shots.json,-2.412,2.588,-5.0,-21.0,-23.2,good,,113.3,86.2,1.31,,,166.2,9-iron,session_20260717_114039_trackman.jsonl,5,,,0.0,lcmf_v1,rejected_missing_tdm_sign,108.2,reject,0,,,/home/pacinoj/openflight_sessions/iwr6843/iwr6843_20260717_114255_061_006.l3dump,0.0,5,accepted,,2,86.246,85.126,110.786,24.666,38.307,0.644,,2.398,0.082,2.637,0.367,,5.710,0.196,6.278,-5.096,0.874,-6.787,,19.805,22.705,-10.195,11.105,-7.795,12.205,,,33.105,32.105,0,31,63,,63,111,0.041,12.000,25.350,21.918,20.851,1.900,2.040,0.139,,16.800
11:43:14,9Iron,112.6,85.8,20.345,2.8299999999999996,-4.606,6124.849999999999,155.5,trackman_session_data_7_17_40shots.json,2.116,5.696,-3.581,-1.4,-2.0,good,,112.1,80.5,1.39,5642.0,0.7,167.3,9-iron,session_20260717_114039_trackman.jsonl,6,21.26,21.26,0.0,lcmf_v1,accepted,108.0,ok,24,0.61,,/home/pacinoj/openflight_sessions/iwr6843/iwr6843_20260717_114313_071_007.l3dump,0.01,6,accepted,,2,80.544,84.413,109.055,46.330,37.986,1.220,,7.551,4.235,2.927,1.916,,17.978,10.084,6.969,7.443,4.562,4.159,,13.405,26.855,-2.845,-1.645,-2.345,-1.695,,,-1.995,40.105,0,29,64,,64,118,0.046,12.090,25.350,25.728,23.595,1.705,1.916,0.211,,21.264
11:43:36,9Iron,112.0,86.2,22.276999999999997,4.97,-6.053,6526.129999999996,151.7,trackman_session_data_7_17_40shots.json,4.784,5.734,-0.95,11.8,11.9,good,,111.4,85.9,1.3,5970.0,0.7,166.0,9-iron,session_20260717_114039_trackman.jsonl,7,22.46,22.46,0.0,lcmf_v1,accepted,106.4,ok,25,0.34,,/home/pacinoj/openflight_sessions/iwr6843/iwr6843_20260717_114335_703_008.l3dump,-0.0,7,accepted,,2,85.941,87.468,108.241,10.288,39.361,0.261,,-3.409,-2.521,1.658,4.545,,-8.116,-6.002,3.948,-4.651,10.822,-6.959,,32.355,32.405,4.805,10.405,6.605,12.105,,,35.905,33.905,0,42,83,,83,183,0.038,0.000,19.260,18.073,11.673,1.780,1.798,0.018,,22.464
11:44:00,9Iron,103.1,0.0,8.145999999999997,16.487999999999996,,8943.659999999998,88.0,trackman_session_data_7_17_40shots.json,23.026,2.231,20.795,44.6,74.4,shank,launch_direction>=8,103.3,84.5,1.22,1313.0,0.7,137.5,9-iron,session_20260717_114039_trackman.jsonl,8,6.62,6.62,0.0,lcmf_v1,accepted,101.6,ok,20,1.41,,/home/pacinoj/openflight_sessions/iwr6843/iwr6843_20260717_114359_847_009.l3dump,0.0,8,accepted,,2,84.515,85.432,102.029,3.943,38.444,0.103,,0.510,-0.978,0.168,1.307,,1.213,-2.329,0.401,26.877,3.113,24.945,,29.405,30.155,-12.495,9.905,1.905,19.655,,,24.505,25.505,0,55,88,,88,175,0.041,0.000,19.350,19.527,11.260,1.856,1.951,0.096,,6.616
11:44:41,9Iron,107.9,85.8,21.63999999999999,2.5429999999999997,-3.652,6063.250000000005,147.8,trackman_session_data_7_17_40shots.json,2.346,3.302,-0.955,1.6,1.3,good,,107.2,84.6,1.27,5648.0,0.7,154.5,9-iron,session_20260717_114039_trackman.jsonl,9,22.13,22.13,0.0,lcmf_v1,accepted,102.9,ok,24,0.92,,/home/pacinoj/openflight_sessions/iwr6843/iwr6843_20260717_114440_907_012.l3dump,-0.01,9,accepted,,2,84.617,84.617,104.066,10.473,38.078,0.275,,-3.600,-2.933,-0.953,0.775,,-8.572,-6.983,-2.268,1.253,1.846,2.827,,32.705,31.405,-19.745,15.455,5.905,26.455,,,35.605,16.305,0,57,84,,84,177,0.040,0.270,19.350,17.014,12.214,1.764,1.936,0.171,,22.129
11:45:04,9Iron,110.9,86.1,20.869999999999987,1.6970000000000005,-4.317,6054.480000000001,153.0,trackman_session_data_7_17_40shots.json,1.541,2.321,-0.78,2.6,2.5,good,,110.4,85.1,1.3,5376.0,0.7,162.6,9-iron,session_20260717_114039_trackman.jsonl,10,20.66,20.66,0.0,lcmf_v1,accepted,106.6,ok,24,0.47,,/home/pacinoj/openflight_sessions/iwr6843/iwr6843_20260717_114503_274_013.l3dump,-0.0,10,accepted,,2,85.126,86.755,107.426,5.562,39.040,0.142,,-0.845,-1.543,-0.154,-2.930,,-2.011,-3.673,-0.366,-13.508,-6.976,-11.544,,25.905,25.805,-9.895,14.205,-0.995,14.505,,,32.105,18.805,0,50,81,,81,153,0.045,6.000,24.990,21.035,17.835,1.861,1.976,0.115,,20.658
11:45:23,9Iron,109.7,86.1,21.05299999999999,3.7519999999999984,-5.741,6744.27,147.9,trackman_session_data_7_17_40shots.json,3.968,2.947,1.021,12.7,13.0,good,,109.2,85.5,1.28,,,155.2,9-iron,session_20260717_114039_trackman.jsonl,11,,,0.0,lcmf_v1,rejected_missing_tdm_sign,103.5,reject,0,,,/home/pacinoj/openflight_sessions/iwr6843/iwr6843_20260717_114522_201_014.l3dump,-0.0,11,accepted,,2,85.533,87.875,106.611,7.455,39.544,0.189,,1.619,-0.009,-3.745,-5.155,,3.855,-0.021,-8.916,3.541,-12.274,5.789,,29.505,29.505,-11.195,9.405,4.005,11.905,,,12.105,27.305,0,35,61,,61,121,0.042,6.000,19.350,18.373,15.173,1.893,1.983,0.090,,16.900
11:45:44,9Iron,111.8,86.9,21.702,1.9219999999999997,-4.953,6292.529999999998,153.0,trackman_session_data_7_17_40shots.json,1.851,2.205,-0.354,2.1,1.9,good,,111.2,86.8,1.28,5964.0,0.7,165.5,9-iron,session_20260717_114039_trackman.jsonl,12,22.48,22.48,0.0,lcmf_v1,accepted,104.9,low,23,1.09,,/home/pacinoj/openflight_sessions/iwr6843/iwr6843_20260717_114543_832_015.l3dump,0.0,12,accepted,,2,86.755,88.894,108.037,10.375,40.002,0.259,,-7.283,-3.711,-1.970,-0.829,,-17.340,-8.836,-4.689,-24.820,-1.974,-26.429,,28.405,31.405,-8.395,9.505,-6.195,10.705,,,34.905,23.105,0,28,63,,63,116,0.040,12.000,25.350,25.740,19.873,1.814,1.990,0.176,,22.479
11:46:04,9Iron,106.9,0.0,20.416,3.7459999999999987,,5299.3,149.6,trackman_session_data_7_17_40shots.json,3.52,4.648,-1.129,4.3,4.0,good,,106.5,71.9,1.48,4799.0,0.7,151.4,9-iron,session_20260717_114039_trackman.jsonl,13,19.31,19.31,0.0,lcmf_v1,accepted,103.5,ok,22,0.97,,/home/pacinoj/openflight_sessions/iwr6843/iwr6843_20260717_114603_238_016.l3dump,0.0,13,accepted,,2,71.889,71.380,103.658,8.606,32.121,0.268,,-1.542,-0.916,-3.085,-5.715,,-3.672,-2.180,-7.346,-12.006,-13.608,-13.461,,30.355,29.905,-6.495,10.705,5.955,11.855,,,33.505,30.405,0,34,68,,68,130,0.048,12.180,30.270,26.274,24.141,1.865,1.963,0.097,,19.312
11:46:21,9Iron,105.8,87.1,20.733000000000004,8.063000000000004,-4.846,6179.51,143.7,trackman_session_data_7_17_40shots.json,9.157,3.874,5.284,32.7,34.8,shank,launch_direction>=8,105.7,71.1,1.49,,,150.1,9-iron,session_20260717_114039_trackman.jsonl,14,,,0.0,lcmf_v1,rejected_missing_tdm_sign,98.3,reject,0,,,/home/pacinoj/openflight_sessions/iwr6843/iwr6843_20260717_114620_627_017.l3dump,-0.01,14,accepted,,2,71.074,75.962,102.437,5.724,34.183,0.167,,-9.192,-4.925,-3.436,2.298,,-21.885,-11.726,-8.180,-21.725,5.473,-24.071,,32.805,32.805,5.905,23.705,7.005,24.155,,,35.405,7.305,0,60,92,,92,195,0.041,0.180,19.350,16.392,12.125,1.762,1.856,0.094,,23.200
11:46:42,9Iron,113.4,86.9,20.308,0.904,-6.651,6780.659999999996,153.9,trackman_session_data_7_17_40shots.json,0.507,2.447,-1.94,2.0,2.0,good,,112.9,85.9,1.31,5628.0,0.7,169.4,9-iron,session_20260717_114039_trackman.jsonl,15,21.09,21.09,0.0,lcmf_v1,accepted,108.4,ok,29,1.18,,/home/pacinoj/openflight_sessions/iwr6843/iwr6843_20260717_114641_193_018.l3dump,0.0,15,accepted,,2,85.941,86.552,109.870,22.815,38.948,0.586,,6.430,4.082,3.270,3.270,,15.311,9.718,7.786,18.546,7.786,22.470,,20.405,28.905,-7.295,2.555,-7.295,11.405,,,13.505,25.205,0,27,62,,62,100,0.055,12.000,25.350,24.548,21.881,1.753,1.995,0.242,,21.088
11:48:08,9Iron,118.0,86.0,18.680999999999994,-1.6199999999999997,-5.499,5855.699999999992,165.8,trackman_session_data_7_17_40shots.json,-2.805,3.622,-6.427,-22.2,-23.9,good,,117.3,87.2,1.35,4983.0,0.7,179.9,9-iron,session_20260717_114744_home.jsonl,1,18.36,18.36,0.0,lcmf_v1,accepted,114.1,ok,25,0.87,,/home/pacinoj/openflight_sessions/iwr6843/iwr6843_20260717_114807_350_001.l3dump,-0.0,1,accepted,,2,87.163,86.246,114.554,87.801,38.811,2.262,,5.929,8.000,0.860,4.113,,14.117,19.693,2.047,11.107,9.794,13.314,,-1.695,28.205,-3.145,-2.695,-2.695,-2.395,,,-3.095,3.805,0,17,54,,54,118,0.029,6.000,19.350,18.348,16.748,1.387,1.866,0.479,,18.357
11:48:25,9Iron,115.5,86.7,20.624999999999986,3.051,-6.021,6163.419999999997,159.8,trackman_session_data_7_17_40shots.json,2.968,3.408,-0.44,4.4,4.3,good,,115.2,82.1,1.4,5294.0,0.7,174.9,9-iron,session_20260717_114744_home.jsonl,2,19.65,19.65,0.0,lcmf_v1,accepted,111.0,ok,24,0.69,,/home/pacinoj/openflight_sessions/iwr6843/iwr6843_20260717_114824_439_002.l3dump,0.0,2,accepted,,2,82.071,77.693,112.314,74.888,34.962,2.142,,8.000,6.890,0.069,3.494,,19.700,16.406,0.164,20.097,8.318,5.540,,-0.095,21.655,-6.495,-3.095,-3.795,-3.545,,,-5.495,10.605,0,17,56,,56,126,0.035,7.260,25.350,21.892,19.225,1.343,1.944,0.601,,19.650
11:48:46,9Iron,117.5,87.6,20.003999999999994,-0.8409999999999979,-5.554,6294.489999999999,162.2,trackman_session_data_7_17_40shots.json,-2.266,5.251,-7.517,-20.1,-21.5,good,,116.5,80.8,1.44,5162.0,0.7,178.2,9-iron,session_20260717_114744_home.jsonl,3,19.03,19.03,0.0,lcmf_v1,accepted,113.6,ok,25,0.72,,/home/pacinoj/openflight_sessions/iwr6843/iwr6843_20260717_114845_092_003.l3dump,0.0,3,accepted,,2,80.849,83.599,113.739,3.761,37.619,0.100,,-2.079,-1.515,-5.883,-6.123,,-4.949,-3.607,-14.007,-5.890,-14.578,-7.531,,22.905,24.255,0.005,13.355,3.505,14.255,,,27.505,25.005,0,46,72,,72,126,0.038,12.000,25.350,23.176,20.509,1.858,1.867,0.010,,19.029
11:49:07,9Iron,117.7,84.7,18.554999999999993,-0.08399999999999794,-5.749,6121.549999999998,163.7,trackman_session_data_7_17_40shots.json,-1.722,6.983,-8.705,-20.2,-22.0,good,,117.0,79.6,1.47,5694.0,0.7,180.1,9-iron,session_20260717_114744_home.jsonl,4,20.65,20.65,0.0,lcmf_v1,accepted,113.6,ok,27,0.66,,/home/pacinoj/openflight_sessions/iwr6843/iwr6843_20260717_114906_734_004.l3dump,-0.0,4,accepted,,2,79.628,83.293,114.045,7.923,37.482,0.211,,-7.793,-7.820,-8.337,-4.138,,-18.555,-18.620,-19.849,-21.417,-9.853,-26.231,,25.705,23.605,-10.345,13.605,0.355,9.205,,,35.505,42.005,0,33,68,,68,116,0.038,6.000,19.350,16.732,15.665,1.845,1.976,0.131,,20.650
11:49:30,9Iron,117.4,87.0,18.57899999999998,-0.021999999999995662,-4.258,5815.890000000001,164.7,trackman_session_data_7_17_40shots.json,-1.313,5.417,-6.73,-20.3,-22.4,good,,116.5,88.4,1.32,,,174.2,9-iron,session_20260717_114744_home.jsonl,5,,,0.0,lcmf_v1,rejected_missing_tdm_sign,111.2,reject,0,,,/home/pacinoj/openflight_sessions/iwr6843/iwr6843_20260717_114929_221_005.l3dump,0.0,5,accepted,,2,88.385,86.552,114.045,23.083,38.948,0.593,,-2.168,-2.244,-0.411,-0.929,,-5.161,-5.343,-0.978,-20.839,-2.211,-21.505,,28.205,28.405,-8.395,8.605,-4.895,14.205,,,32.405,3.905,0,43,69,,69,135,0.048,12.000,25.350,21.754,20.154,1.858,2.070,0.212,,16.100
11:50:28,9Iron,94.9,0.0,2.860999999999996,18.46099999999999,,3879.1099999999988,22.3,trackman_session_data_7_17_40shots.json,21.084,5.134,15.95,8.1,21.7,shank,launch_direction>=8,92.9,71.1,1.31,569.0,0.7,117.6,9-iron,session_20260717_114744_home.jsonl,6,3.6,3.6,0.0,lcmf_v1,accepted,92.1,ok,32,2.89,,/home/pacinoj/openflight_sessions/iwr6843/iwr6843_20260717_115027_091_007.l3dump,0.0,6,accepted,,2,71.074,71.482,92.152,7.002,32.167,0.218,,-3.671,-3.155,-2.945,-3.712,,-8.739,-7.512,-7.011,-13.213,-8.839,-8.280,,25.005,25.205,-4.195,14.505,-0.695,16.405,,,31.005,25.205,0,39,65,,65,103,0.050,12.000,24.810,20.841,20.308,1.829,1.865,0.036,,3.596
11:51:01,9Iron,113.1,85.1,19.787000000000003,1.0259999999999996,-5.883,5882.489999999999,157.6,trackman_session_data_7_17_40shots.json,0.718,2.36,-1.643,-5.7,-6.4,good,,112.7,80.4,1.4,5459.0,0.7,168.8,9-iron,session_20260717_114744_home.jsonl,7,20.56,20.56,0.0,lcmf_v1,accepted,108.3,ok,28,0.76,,/home/pacinoj/openflight_sessions/iwr6843/iwr6843_20260717_115100_415_009.l3dump,-0.0,7,accepted,,2,80.442,85.126,109.768,1.467,38.307,0.038,,-3.055,-3.124,-0.206,4.346,,-7.274,-7.439,-0.490,-24.750,10.348,-16.905,,23.405,23.455,-4.645,19.355,6.205,19.405,,,24.205,23.505,0,69,88,,88,171,0.045,0.270,19.350,18.134,12.267,1.850,1.763,-0.087,,20.560
11:51:20,9Iron,100.8,87.0,19.459999999999997,5.113999999999997,-4.726,7064.3299999999945,132.6,trackman_session_data_7_17_40shots.json,5.588,3.699,1.889,19.1,20.5,good,,100.6,70.7,1.42,4434.0,0.7,135.0,9-iron,session_20260717_114744_home.jsonl,8,18.95,18.95,0.0,lcmf_v1,accepted,97.0,ok,28,0.97,,/home/pacinoj/openflight_sessions/iwr6843/iwr6843_20260717_115119_123_010.l3dump,0.0,8,accepted,,2,70.667,74.638,97.753,17.941,33.587,0.534,,-5.549,1.062,-1.351,-1.255,,-13.211,2.528,-3.217,-21.890,-2.987,-18.480,,29.305,29.605,0.805,12.905,1.405,7.105,,,31.805,16.705,0,22,57,,57,138,0.039,12.000,25.350,24.312,23.779,1.855,1.989,0.134,,18.950
11:52:07,9Iron,110.1,85.0,18.555999999999994,0.23400000000000085,-2.223,5600.620000000006,153.3,trackman_session_data_7_17_40shots.json,-1.003,4.844,-5.847,-15.9,-18.3,good,,109.8,80.0,1.37,4187.0,0.7,159.4,9-iron,session_20260717_114744_home.jsonl,10,16.73,16.73,0.0,lcmf_v1,accepted,106.0,ok,24,1.0,,/home/pacinoj/openflight_sessions/iwr6843/iwr6843_20260717_115206_270_013.l3dump,-0.0,10,accepted,,2,80.035,75.045,107.222,4.871,33.770,0.144,,-2.416,-3.152,-1.312,0.472,,-5.752,-7.504,-3.124,-17.329,1.124,-20.831,,21.605,22.505,1.605,19.705,8.955,20.005,,,32.405,19.805,0,47,58,,58,110,0.036,6.900,24.450,20.467,18.867,1.842,1.793,-0.049,,16.729
11:52:27,9Iron,107.6,87.3,21.69899999999999,4.244999999999999,-3.813,6700.18,144.7,trackman_session_data_7_17_40shots.json,4.556,3.163,1.393,14.1,14.5,good,,107.1,86.1,1.24,5627.0,0.7,154.2,9-iron,session_20260717_114744_home.jsonl,11,22.08,22.08,0.0,lcmf_v1,accepted,103.1,ok,26,0.98,,/home/pacinoj/openflight_sessions/iwr6843/iwr6843_20260717_115226_374_014.l3dump,-0.0,11,accepted,,2,86.144,87.468,103.964,7.459,39.361,0.189,,-0.373,-0.267,-2.744,-2.559,,-0.888,-0.636,-6.532,-6.531,-6.092,3.943,,21.805,23.505,-5.145,20.955,-5.045,21.255,,,21.805,37.105,0,71,84,,84,193,0.044,0.000,19.350,17.814,10.614,1.766,1.816,0.051,,22.077
11:54:04,7Iron,110.3,83.9,14.590999999999983,-0.8689999999999981,,4348.09,156.3,trackman_session_data_7_17_55shots.json,-1.119,0.488,-1.607,-10.9,-13.5,good,,110.2,84.5,1.3,3926.0,0.7,162.1,7-iron,session_20260717_115322_home.jsonl,1,15.78,15.78,0.0,lcmf_v1,accepted,108.0,ok,23,1.07,,/home/pacinoj/openflight_sessions/iwr6843/iwr6843_20260717_115403_200_001.l3dump,-0.0,1,accepted,,2,84.515,87.366,107.731,23.858,39.315,0.607,,-9.037,-3.646,-3.112,0.323,,-21.516,-8.680,-7.409,-21.788,0.769,-9.064,,21.705,29.605,3.505,19.805,6.105,8.305,,,32.705,4.405,0,35,63,,63,143,0.042,12.000,25.350,21.472,20.405,1.851,2.038,0.187,,15.783
11:54:23,7Iron,106.6,90.8,9.333000000000002,12.920999999999992,-2.788,9511.489999999998,100.6,trackman_session_data_7_17_55shots.json,19.035,2.502,16.533,48.8,79.6,shank,launch_direction>=8,107.0,86.8,1.23,1838.0,0.7,150.5,7-iron,session_20260717_115322_home.jsonl,2,8.51,8.51,0.0,lcmf_v1,accepted,104.9,ok,19,1.15,,/home/pacinoj/openflight_sessions/iwr6843/iwr6843_20260717_115422_850_002.l3dump,0.0,2,accepted,,2,86.755,88.894,105.491,9.932,40.002,0.248,,-2.372,-0.929,-2.566,-0.989,,-5.647,-2.212,-6.110,-9.923,-2.355,2.362,,22.205,26.105,3.405,15.605,4.905,17.605,,,28.405,31.005,0,49,73,,73,140,0.040,6.000,24.360,20.430,16.697,1.852,1.969,0.118,,8.511
11:55:00,7Iron,114.4,88.5,13.807999999999995,1.7300000000000006,,4986.209999999994,162.0,trackman_session_data_7_17_55shots.json,1.353,3.51,-2.156,1.3,1.0,good,,114.5,85.7,1.34,,,172.0,7-iron,session_20260717_115322_home.jsonl,3,,,0.0,lcmf_v1,rejected_missing_tdm_sign,108.9,reject,0,,,/home/pacinoj/openflight_sessions/iwr6843/iwr6843_20260717_115459_659_004.l3dump,0.0,3,accepted,,2,85.737,83.395,112.110,5.434,37.528,0.145,,1.011,-0.465,-4.244,-4.039,,2.408,-1.107,-10.105,-6.977,-9.617,-7.496,,22.305,26.605,8.405,15.755,9.705,15.705,,,31.405,31.505,0,35,58,,58,118,0.043,12.000,24.810,20.810,20.277,1.876,1.976,0.100,,15.600
11:55:21,7Iron,116.7,88.7,14.848999999999997,3.2810000000000006,-6.577,4990.059999999996,167.3,trackman_session_data_7_17_55shots.json,2.834,5.352,-2.517,2.0,1.3,good,,116.6,86.7,1.35,4311.0,0.7,179.4,7-iron,session_20260717_115322_home.jsonl,4,16.28,16.28,0.0,lcmf_v1,accepted,114.1,ok,22,1.26,,/home/pacinoj/openflight_sessions/iwr6843/iwr6843_20260717_115520_351_005.l3dump,-0.0,4,accepted,,2,86.654,91.439,114.146,18.836,41.148,0.458,,-2.015,-0.978,5.622,4.975,,-4.797,-2.328,13.386,-9.363,11.845,2.024,,24.705,25.605,1.505,23.705,2.605,18.705,,,25.605,19.005,0,47,65,,65,146,0.046,6.000,19.350,17.173,16.640,1.841,2.002,0.161,,16.284
11:55:41,7Iron,117.8,89.9,16.127999999999997,4.732999999999999,-3.312,4986.939999999991,170.5,trackman_session_data_7_17_55shots.json,4.742,4.693,0.049,11.2,11.5,good,,117.7,86.2,1.36,4376.0,0.7,182.1,7-iron,session_20260717_115322_home.jsonl,5,16.37,16.37,0.0,lcmf_v1,accepted,114.6,ok,21,0.26,,/home/pacinoj/openflight_sessions/iwr6843/iwr6843_20260717_115540_973_006.l3dump,-0.0,5,accepted,,2,86.246,90.727,115.165,-3.258,40.827,-0.080,,-5.678,-5.611,-5.347,-3.597,,-13.520,-13.360,-12.731,-9.581,-8.565,-19.490,,14.105,15.255,-8.645,11.705,-5.645,10.205,,,26.005,20.805,0,30,52,,52,131,0.022,12.000,25.350,21.462,20.395,1.941,1.919,-0.022,,16.372
11:55:59,7Iron,121.7,87.5,15.296999999999995,-1.1449999999999967,-6.681,4654.569999999993,178.0,trackman_session_data_7_17_55shots.json,-2.167,4.444,-6.611,-23.9,-27.3,good,,121.2,89.6,1.35,,,188.6,7-iron,session_20260717_115322_home.jsonl,6,,,0.0,lcmf_v1,rejected_missing_tdm_sign,113.2,reject,0,,,/home/pacinoj/openflight_sessions/iwr6843/iwr6843_20260717_115559_044_007.l3dump,0.0,6,accepted,,2,89.606,85.941,118.932,0.960,38.673,0.025,,0.370,-0.332,-0.431,-0.538,,0.881,-0.789,-1.027,1.883,-1.280,3.796,,21.605,22.305,-7.195,15.505,-1.095,18.105,,,27.505,27.005,0,41,51,,51,93,0.042,12.000,19.350,19.990,19.457,1.886,1.941,0.054,,14.300
11:56:26,7Iron,115.8,82.6,14.154999999999982,-0.8739999999999934,-6.323,4088.079999999997,164.2,trackman_session_data_7_17_55shots.json,-2.243,7.076,-9.319,-28.9,-37.4,good,,116.2,84.9,1.37,3775.0,0.7,177.6,7-iron,session_20260717_115322_home.jsonl,7,14.58,14.58,0.0,lcmf_v1,accepted,112.2,ok,23,1.15,,/home/pacinoj/openflight_sessions/iwr6843/iwr6843_20260717_115625_775_008.l3dump,0.0,7,accepted,,2,84.923,85.635,113.943,5.977,38.536,0.155,,-4.865,-4.770,-10.087,-8.330,,-11.583,-11.357,-24.017,-27.581,-19.834,-21.888,,20.905,16.855,-5.295,11.255,-4.245,13.805,,,22.405,13.005,0,29,40,,40,92,0.026,13.170,25.350,25.656,25.123,1.900,1.904,0.004,,14.580
11:56:51,7Iron,107.2,0.0,17.04999999999997,1.228000000000003,,3766.089999999993,155.1,trackman_session_data_7_17_55shots.json,0.8,3.749,-2.949,-3.4,-4.8,good,,106.9,86.2,1.24,4035.0,0.7,153.4,7-iron,session_20260717_115322_home.jsonl,8,16.58,16.58,0.0,lcmf_v1,accepted,104.3,ok,24,1.38,,/home/pacinoj/openflight_sessions/iwr6843/iwr6843_20260717_115650_587_009.l3dump,-0.0,8,accepted,,2,86.246,87.061,104.371,5.153,39.177,0.132,,1.153,-1.770,-1.717,-1.717,,2.746,-4.215,-4.089,-21.707,-4.089,-17.538,,24.005,24.905,-1.395,21.205,-1.395,21.205,,,21.605,24.005,0,55,84,,84,190,0.037,0.630,24.810,20.832,12.565,1.763,1.813,0.050,,16.576
11:57:29,7Iron,119.7,90.0,13.912999999999993,1.381,-4.767,4943.599999999992,173.0,trackman_session_data_7_17_55shots.json,1.634,0.311,1.323,7.5,8.3,good,,119.1,90.7,1.31,2319.0,0.7,183.1,7-iron,session_20260717_115322_home.jsonl,9,9.46,9.46,0.0,lcmf_v1,accepted,117.3,ok,20,7.28,,/home/pacinoj/openflight_sessions/iwr6843/iwr6843_20260717_115728_239_011.l3dump,-0.0,9,accepted,,2,90.727,90.217,117.405,2.459,40.598,0.061,,-3.168,-2.159,0.837,2.343,,-7.544,-5.140,1.993,-12.050,5.579,10.829,,23.405,23.955,-1.195,18.405,0.305,19.455,,,31.605,33.005,0,47,66,,66,130,0.040,6.000,19.350,16.328,15.795,1.892,1.829,-0.062,,9.461
11:57:54,7Iron,118.9,86.5,13.188999999999988,-0.4299999999999973,,4211.609999999999,172.3,trackman_session_data_7_17_55shots.json,-1.807,3.822,-5.628,-17.6,-22.0,good,,118.5,84.4,1.4,3489.0,0.7,183.3,7-iron,session_20260717_115322_home.jsonl,10,13.41,13.41,0.0,lcmf_v1,accepted,116.6,ok,16,1.66,,/home/pacinoj/openflight_sessions/iwr6843/iwr6843_20260717_115753_889_012.l3dump,0.0,10,accepted,,2,84.413,86.450,116.387,7.821,38.902,0.201,,-2.324,-1.705,-5.900,-5.515,,-5.534,-4.060,-14.048,-17.912,-13.131,-19.833,,15.505,16.155,-2.595,13.505,1.855,14.255,,,19.405,26.505,0,40,58,,58,124,0.042,12.000,25.170,21.170,20.637,1.856,1.862,0.007,,13.410
12:00:08,7Iron,113.7,83.3,11.667999999999969,-1.90699999999999,-7.965,3705.1899999999923,157.9,trackman_session_data_7_17_55shots.json,-2.915,4.147,-7.062,-21.0,-28.5,good,,114.1,88.5,1.29,,,169.8,7-iron,session_20260717_115322_home.jsonl,11,,,0.0,lcmf_v1,rejected_missing_tdm_sign,85.7,reject,0,,,/home/pacinoj/openflight_sessions/iwr6843/iwr6843_20260717_120007_601_015.l3dump,0.0,11,accepted,,2,88.486,86.450,111.906,8.809,38.902,0.226,,-0.719,-1.111,-3.651,-1.530,,-1.713,-2.646,-8.694,-8.140,-3.644,-7.509,,21.905,21.905,-2.595,15.105,5.005,14.405,,,23.805,25.305,0,37,69,,69,134,0.045,12.000,25.350,23.647,23.114,1.867,1.860,-0.007,,13.900
12:00:28,7Iron,107.0,0.0,6.6529999999999925,19.26599999999999,,8794.91,82.6,trackman_session_data_7_17_55shots.json,24.49,6.211,18.278,44.3,72.8,shank,launch_direction>=8,107.6,85.6,1.26,,,153.6,7-iron,session_20260717_115322_home.jsonl,12,,,0.0,lcmf_v1,rejected_missing_tdm_sign,103.8,reject,0,,,/home/pacinoj/openflight_sessions/iwr6843/iwr6843_20260717_120027_859_016.l3dump,-0.0,12,accepted,,2,85.635,88.181,105.084,9.892,39.681,0.249,,-1.312,-0.802,-3.391,-1.739,,-3.124,-1.910,-8.074,-5.590,-4.141,-2.446,,23.205,23.305,1.305,22.105,5.105,22.005,,,21.805,28.205,0,59,69,,69,135,0.032,0.450,19.350,16.125,12.392,1.810,1.945,0.135,,16.000
12:00:44,7Iron,110.2,86.5,15.07300000000001,3.3580000000000005,,5751.679999999997,151.6,trackman_session_data_7_17_55shots.json,3.503,2.717,0.786,19.4,22.2,good,,110.0,82.9,1.33,3762.0,0.7,161.4,7-iron,session_20260717_115322_home.jsonl,13,15.24,15.24,0.0,lcmf_v1,accepted,107.9,ok,24,0.66,,/home/pacinoj/openflight_sessions/iwr6843/iwr6843_20260717_120043_225_017.l3dump,0.01,13,accepted,,2,82.886,87.468,107.630,-1.296,39.361,-0.033,,-0.865,-3.268,-3.633,-3.013,,-2.060,-7.780,-8.649,-11.789,-7.174,-7.205,,23.805,24.555,-1.345,19.605,-1.245,20.805,,,26.705,26.505,0,44,70,,70,130,0.046,12.000,25.350,22.116,19.983,1.984,1.873,-0.111,,15.236
12:01:06,7Iron,116.5,87.7,15.63299999999998,-1.6249999999999991,-2.588,4780.059999999995,168.8,trackman_session_data_7_17_55shots.json,-1.657,-1.493,-0.163,-9.1,-10.1,good,,116.1,85.8,1.35,4099.0,0.7,177.9,7-iron,session_20260717_115322_home.jsonl,14,15.65,15.65,0.0,lcmf_v1,accepted,112.4,low,28,1.75,,/home/pacinoj/openflight_sessions/iwr6843/iwr6843_20260717_120105_500_018.l3dump,0.0,14,accepted,,2,85.839,89.708,113.739,4.926,40.369,0.122,,-1.902,0.359,-7.309,-6.738,,-4.529,0.854,-17.404,-19.950,-16.043,3.510,,24.605,26.905,-3.545,20.555,-2.895,19.755,,,29.405,24.605,0,37,64,,64,116,0.042,12.000,25.350,24.328,23.261,1.894,1.937,0.043,,15.653
12:03:04,5Iron,131.4,90.6,11.92599999999999,-1.0309999999999986,,3499.159999999993,201.8,trackman_session_data_7_17_55shots.json,-1.137,-0.249,-0.888,-16.0,-19.3,good,,131.3,94.1,1.4,3536.0,0.7,216.3,5-iron,session_20260717_115322_home.jsonl,15,12.43,12.43,0.0,lcmf_v1,accepted,128.5,ok,21,1.04,,/home/pacinoj/openflight_sessions/iwr6843/iwr6843_20260717_120303_171_023.l3dump,-0.01,15,accepted,,2,94.087,91.643,129.318,25.274,41.239,0.613,,-0.707,-0.095,-1.963,1.210,,-1.683,-0.226,-4.675,-12.309,2.881,-6.577,,27.205,27.205,1.755,26.505,3.855,25.805,,,25.905,8.705,0,49,58,,58,110,0.043,12.000,25.350,23.865,23.332,1.726,1.945,0.219,,12.435
12:03:26,5Iron,114.9,90.9,2.6459999999999955,10.544999999999996,,8468.38,60.8,trackman_session_data_7_17_55shots.json,14.828,2.346,12.482,20.4,37.9,shank,launch_direction>=8,116.6,91.3,1.28,624.0,0.7,175.2,5-iron,session_20260717_115322_home.jsonl,16,3.21,3.21,0.0,lcmf_v1,accepted,114.7,ok,26,4.0,,/home/pacinoj/openflight_sessions/iwr6843/iwr6843_20260717_120325_842_024.l3dump,0.0,16,accepted,,2,91.338,90.014,115.776,23.937,40.506,0.591,,-6.020,-3.879,-10.865,-3.317,,-14.332,-9.236,-25.868,-14.469,-7.897,-18.534,,17.905,18.105,0.705,13.405,5.605,8.105,,,32.505,32.805,0,41,57,,57,128,0.041,12.000,25.350,22.271,20.138,1.894,1.954,0.061,,3.211
12:03:44,5Iron,103.5,0.0,4.683000000000001,-1.278,,2201.2299999999973,34.5,trackman_session_data_7_17_55shots.json,-3.403,9.017,-12.421,-2.5,-7.2,skull,launch_angle<8,103.1,84.8,1.22,,,138.1,5-iron,session_20260717_115322_home.jsonl,17,1.17,1.17,0.0,lcmf_v1,accepted,102.3,ok,25,1.27,,/home/pacinoj/openflight_sessions/iwr6843/iwr6843_20260717_120343_217_025.l3dump,-0.01,17,accepted,,2,84.821,87.061,102.742,7.195,39.177,0.184,,-0.261,0.023,3.590,3.590,,-0.623,0.056,8.548,-2.467,8.548,18.773,,23.105,27.455,-5.995,24.855,-5.995,20.905,,,20.605,20.205,0,41,58,,58,114,0.032,6.000,19.350,16.920,13.720,1.901,1.947,0.046,,1.171
12:04:31,5Iron,122.6,91.0,12.43999999999999,6.509999999999995,,4352.709999999998,178.3,trackman_session_data_7_17_55shots.json,7.257,2.298,4.958,38.3,44.7,good,,122.2,92.8,1.32,3110.0,0.7,193.3,5-iron,session_20260717_115322_home.jsonl,18,11.85,11.85,0.0,lcmf_v1,accepted,119.9,ok,13,3.66,,/home/pacinoj/openflight_sessions/iwr6843/iwr6843_20260717_120430_094_028.l3dump,-0.0,18,accepted,,2,92.763,92.763,120.256,24.571,41.743,0.589,,2.701,2.993,1.051,0.931,,6.430,7.126,2.503,-2.980,2.216,-5.891,,28.905,29.805,1.455,27.055,2.605,26.655,,,28.105,43.005,0,54,64,,64,121,0.044,6.000,19.350,16.591,16.058,1.816,2.037,0.222,,11.855
12:04:54,5Iron,79.8,0.0,4.967000000000003,14.657999999999989,,5734.5899999999965,14.8,trackman_session_data_7_17_55shots.json,,,,4.1,15.4,shank,launch_direction>=8,79.0,52.5,1.5,,,101.4,5-iron,session_20260717_115322_home.jsonl,19,,,0.0,lcmf_v1,rejected_missing_tdm_sign,125.9,reject,0,,,/home/pacinoj/openflight_sessions/iwr6843/iwr6843_20260717_120453_936_029.l3dump,-0.0,19,accepted,,2,52.542,56.819,74.842,0.278,25.568,0.011,,-4.117,-4.473,-8.051,-5.278,,-9.802,-10.651,-19.170,-8.806,-12.566,2.789,,21.055,21.605,-3.795,20.905,1.305,21.505,,,19.305,27.605,0,50,58,,58,113,0.034,6.000,19.170,15.219,14.152,1.916,1.989,0.073,,28.800
12:05:28,5Iron,120.4,90.9,17.143999999999973,8.672999999999993,-2.968,5242.699999999993,172.5,trackman_session_data_7_17_55shots.json,10.384,0.993,9.391,50.5,54.6,shank,launch_direction>=8,119.7,81.5,1.47,,,189.0,5-iron,session_20260717_115322_home.jsonl,20,,,0.0,lcmf_v1,rejected_missing_tdm_sign,115.0,reject,0,,,/home/pacinoj/openflight_sessions/iwr6843/iwr6843_20260717_120527_255_031.l3dump,0.0,20,accepted,,2,81.460,78.711,117.099,-2.157,35.420,-0.061,,-4.157,-5.733,-6.799,-1.083,,-9.898,-13.649,-16.188,-16.606,-2.577,-1.414,,22.905,23.755,4.805,22.255,9.655,22.755,,,27.405,22.205,0,32,40,,40,103,0.023,12.000,24.450,20.467,19.400,1.875,1.930,0.055,,17.300
12:07:54,5Iron,124.9,90.4,12.62799999999997,2.395999999999999,,3721.5799999999867,188.3,trackman_session_data_7_17_55shots.json,2.491,1.744,0.747,10.3,11.7,good,,124.4,92.4,1.35,3032.0,0.7,198.6,5-iron,session_20260717_120737_home.jsonl,1,11.43,11.43,0.0,lcmf_v1,accepted,122.1,ok,16,2.87,,/home/pacinoj/openflight_sessions/iwr6843/iwr6843_20260717_120753_167_002.l3dump,-0.0,1,accepted,,2,92.356,93.985,122.496,5.853,42.293,0.138,,-3.145,-0.239,0.866,0.866,,-7.488,-0.569,2.062,-9.013,2.062,14.352,,25.105,25.105,0.355,23.705,0.355,23.205,,,22.105,12.505,0,42,60,,60,118,0.041,0.810,18.270,14.336,12.736,1.764,1.905,0.140,,11.430
12:08:24,5Iron,131.7,92.0,11.412000000000003,-1.9909999999999997,-5.439,3566.090000000006,200.4,trackman_session_data_7_17_55shots.json,-2.461,0.841,-3.302,-22.5,-27.2,good,,131.1,93.1,1.41,3130.0,0.7,215.2,5-iron,session_20260717_120737_home.jsonl,2,11.23,11.23,0.0,lcmf_v1,accepted,128.8,ok,20,0.74,,/home/pacinoj/openflight_sessions/iwr6843/iwr6843_20260717_120823_650_004.l3dump,-0.0,2,accepted,,2,93.069,91.439,129.217,8.503,41.148,0.207,,-0.392,1.847,-5.667,-4.382,,-0.935,4.397,-13.492,-1.575,-10.432,-3.088,,26.105,26.505,-3.795,25.105,-3.595,24.805,,,26.305,28.605,0,43,55,,55,110,0.041,6.000,18.630,14.650,14.117,1.806,1.804,-0.002,,11.232
12:08:50,5Iron,129.7,92.3,13.694999999999984,3.666,-4.875,4522.589999999996,194.0,trackman_session_data_7_17_55shots.json,4.323,0.339,3.984,25.8,28.3,good,,129.4,91.5,1.41,,,210.8,5-iron,session_20260717_120737_home.jsonl,3,,,0.0,lcmf_v1,rejected_missing_tdm_sign,124.9,reject,0,,,/home/pacinoj/openflight_sessions/iwr6843/iwr6843_20260717_120849_851_006.l3dump,0.01,3,accepted,,2,91.541,95.309,127.282,6.353,42.889,0.148,,0.150,-2.000,-3.039,-2.202,,0.356,-4.761,-7.235,-1.287,-5.243,-2.402,,23.105,24.355,1.055,15.305,1.255,14.405,,,23.505,29.405,0,39,66,,66,114,0.045,12.000,25.350,25.026,23.426,1.821,1.953,0.132,,13.500
12:09:11,5Iron,127.9,92.3,9.534000000000018,-2.024000000000004,-2.108,3079.0800000000063,185.9,trackman_session_data_7_17_55shots.json,-2.225,-1.084,-1.141,-21.2,-27.9,good,,127.9,92.3,1.39,2522.0,0.7,206.7,5-iron,session_20260717_120737_home.jsonl,4,9.56,9.56,0.0,lcmf_v1,accepted,125.1,ok,19,0.87,,/home/pacinoj/openflight_sessions/iwr6843/iwr6843_20260717_120910_820_007.l3dump,0.0,4,accepted,,2,92.254,92.254,126.264,61.533,41.514,1.482,,-10.492,-9.982,-5.692,1.107,,-24.980,-23.766,-13.553,-30.043,2.636,-44.270,,28.705,19.105,-1.995,15.905,8.805,16.005,,,40.005,18.305,0,25,45,,45,91,0.040,12.000,19.260,19.946,19.413,1.812,2.033,0.221,,9.558
12:09:38,5Iron,96.3,0.0,10.544999999999991,19.238999999999987,,8369.71,87.5,trackman_session_data_7_17_55shots.json,25.829,-0.963,26.792,47.6,78.8,shank,launch_direction>=8,95.9,77.9,1.23,2521.0,0.7,128.3,5-iron,session_20260717_120737_home.jsonl,5,12.18,12.18,0.0,lcmf_v1,accepted,91.7,ok,18,1.84,,/home/pacinoj/openflight_sessions/iwr6843/iwr6843_20260717_120937_977_009.l3dump,0.01,5,accepted,,2,77.897,79.220,93.883,12.581,35.649,0.353,,-5.829,-1.570,-1.344,1.653,,-13.878,-3.738,-3.200,-16.376,3.935,-18.284,,24.905,26.905,-0.345,20.605,0.605,18.655,,,26.405,28.205,0,64,104,,104,196,0.040,0.000,25.350,21.949,11.549,1.817,1.995,0.178,,12.185
12:10:40,5Iron,107.3,0.0,11.300999999999949,-4.589999999999965,,1983.0099999999968,122.7,trackman_session_data_7_17_55shots.json,-5.093,-0.738,-4.355,-21.8,-32.9,good,,108.6,73.4,1.48,,,158.0,5-iron,session_20260717_120737_home.jsonl,6,,,0.0,lcmf_v1,rejected_missing_tdm_sign,102.8,reject,0,,,/home/pacinoj/openflight_sessions/iwr6843/iwr6843_20260717_121039_661_012.l3dump,-0.0,6,accepted,,2,73.416,77.897,105.593,13.889,35.053,0.396,,-1.929,-4.287,-8.901,-7.611,,-4.593,-10.206,-21.194,-32.535,-18.121,-33.520,,23.205,22.855,-0.395,20.405,2.205,18.905,,,22.205,28.405,0,33,46,,46,99,0.032,7.260,24.180,20.240,19.173,1.769,1.848,0.079,,20.500
12:10:56,5Iron,106.5,0.0,17.96899999999999,15.58899999999999,,7337.689999999997,131.2,trackman_session_data_7_17_55shots.json,18.854,2.917,15.937,71.4,86.2,shank,launch_direction>=8,105.2,83.5,1.26,2325.0,0.7,147.4,5-iron,session_20260717_120737_home.jsonl,7,10.53,10.53,0.0,lcmf_v1,accepted,102.2,ok,22,7.06,,/home/pacinoj/openflight_sessions/iwr6843/iwr6843_20260717_121055_162_013.l3dump,0.0,7,accepted,,2,83.497,81.664,103.353,7.618,36.749,0.207,,2.841,3.339,-5.106,-4.433,,6.764,7.950,-12.157,-3.164,-10.556,-5.382,,24.255,26.505,0.705,17.005,0.905,16.005,,,26.505,28.705,0,48,69,,69,136,0.045,6.630,25.260,21.291,18.624,1.889,1.856,-0.033,,10.529
12:11:18,5Iron,131.8,91.9,8.87999999999998,-3.2119999999999886,-5.99,3106.419999999996,183.8,trackman_session_data_7_17_55shots.json,-4.166,3.16,-7.326,-38.6,-52.0,good,,131.9,91.9,1.43,1956.0,0.7,215.7,5-iron,session_20260717_120737_home.jsonl,8,7.53,7.53,0.0,lcmf_v1,accepted,128.1,ok,23,0.71,,/home/pacinoj/openflight_sessions/iwr6843/iwr6843_20260717_121117_373_015.l3dump,-0.0,8,accepted,,2,91.948,93.374,130.439,0.889,42.018,0.021,,0.481,-0.948,-3.822,-4.065,,1.145,-2.258,-9.100,0.777,-9.678,13.324,,24.655,25.305,-7.745,23.355,-5.045,23.955,,,21.805,21.105,0,46,62,,62,126,0.043,6.000,19.350,17.990,17.457,1.909,1.869,-0.040,,7.529
12:12:05,SandWedge,64.6,0.0,25.881999999999998,13.019,,9531.269999999997,67.2,trackman_session_data_7_17_55shots.json,18.648,2.535,16.113,23.1,30.0,shank,launch_direction>=8,67.0,50.7,1.32,3296,0.8,90.1,sw,session_20260717_120737_home.jsonl,9,,,0.0,lcmf_v1,rejected_missing_tdm_sign,157.9,reject,0,,,/home/pacinoj/openflight_sessions/iwr6843/iwr6843_20260717_121204_092_018.l3dump,0.0,9,accepted,,2,50.709,50.709,62.114,12.936,22.819,0.567,,-3.688,-3.231,-3.009,-0.461,,-8.780,-7.694,-7.164,-13.915,-1.097,-10.187,,22.905,24.455,-0.795,19.905,3.805,18.355,,,32.805,27.605,0,61,80,,80,170,0.039,0.000,19.350,17.967,-8.433,1.854,1.907,0.053,,33.400
12:12:23,SandWedge,82.0,78.0,29.326999999999998,-1.7739999999999996,-4.24,9889.480000000001,96.3,trackman_session_data_7_17_55shots.json,-2.931,0.493,-3.424,-5.4,-5.9,good,,82.3,55.4,1.49,5953.0,0.7,110.8,sw,session_20260717_120737_home.jsonl,10,29.39,29.39,0.0,lcmf_v1,accepted,75.2,ok,24,1.06,,/home/pacinoj/openflight_sessions/iwr6843/iwr6843_20260717_121222_280_019.l3dump,0.01,10,accepted,,2,55.393,58.652,78.100,63.314,26.393,2.399,,-13.624,-0.788,1.131,3.547,,-32.438,-1.877,2.692,9.428,8.445,6.643,,30.105,32.105,-2.345,2.955,-1.045,3.005,,,34.605,8.605,0,18,44,,44,69,0.046,12.720,25.260,24.676,24.676,1.575,2.031,0.456,,29.394
12:12:58,SandWedge,79.2,0.0,1.5149999999999944,16.413999999999994,,6232.609999999993,10.7,trackman_session_data_7_17_55shots.json,23.23,0.373,22.858,3.3,13.7,shank,launch_direction>=8,79.0,53.5,1.48,,,96.7,sw,session_20260717_120737_home.jsonl,11,0.86,0.86,0.0,lcmf_v1,accepted,78.0,ok,32,3.27,,/home/pacinoj/openflight_sessions/iwr6843/iwr6843_20260717_121257_460_022.l3dump,0.0,11,accepted,,2,53.458,54.884,78.711,9.533,24.698,0.386,,-1.569,-1.964,-3.920,-2.799,,-3.736,-4.677,-9.332,-20.907,-6.664,-27.655,,23.305,23.305,-2.995,19.155,-0.345,16.355,,,34.905,20.605,0,38,60,,60,122,0.037,6.000,19.350,17.895,17.895,1.885,1.865,-0.020,,0.857
12:13:21,SandWedge,77.3,74.9,29.942000000000014,0.26400000000000007,-5.685,10214.470000000005,89.0,trackman_session_data_7_17_55shots.json,0.044,0.667,-0.622,-0.1,-0.2,good,,78.4,52.5,1.49,,,105.6,sw,session_20260717_120737_home.jsonl,12,,,0.0,lcmf_v1,rejected_missing_tdm_sign,66.3,reject,0,,,/home/pacinoj/openflight_sessions/iwr6843/iwr6843_20260717_121320_732_024.l3dump,0.01,12,accepted,,2,52.542,52.237,73.518,12.199,23.506,0.519,,-5.170,-3.991,-1.647,-0.420,,-12.310,-9.501,-3.922,-4.615,-1.000,1.552,,27.605,27.505,-0.795,25.205,0.955,25.905,,,26.205,27.605,0,37,52,,52,75,0.046,13.350,25.350,25.335,25.335,1.811,1.855,0.044,,33.800
12:13:52,SandWedge,71.4,74.9,30.744999999999997,-0.07500000000000008,,9931.319999999998,80.0,trackman_session_data_7_17_55shots.json,0.144,-0.506,0.65,0.3,0.4,good,,74.3,47.0,1.58,5498.0,0.7,100.2,sw,session_20260717_120737_home.jsonl,13,30.01,30.01,0.0,lcmf_v1,accepted,66.7,ok,28,0.28,,/home/pacinoj/openflight_sessions/iwr6843/iwr6843_20260717_121351_239_026.l3dump,-0.0,13,accepted,,2,47.043,49.996,69.954,6.768,22.498,0.301,,0.090,0.216,-3.479,-4.410,,0.215,0.514,-8.284,-10.833,-10.500,-18.099,,22.205,23.705,-5.395,20.255,-5.345,20.255,,,29.605,28.005,0,57,82,,82,149,0.034,0.090,19.350,15.820,12.087,1.767,1.824,0.056,,30.011
12:14:15,SandWedge,63.2,0.0,26.976,17.467000000000006,,10174.17,64.8,trackman_session_data_7_17_55shots.json,25.894,2.751,23.143,27.9,36.1,shank,launch_direction>=8,76.3,48.7,1.57,,,102.4,sw,session_20260717_120737_home.jsonl,14,,,0.0,lcmf_v1,rejected_missing_tdm_sign,86.8,reject,0,,,/home/pacinoj/openflight_sessions/iwr6843/iwr6843_20260717_121414_496_028.l3dump,0.01,14,accepted,,2,48.673,51.931,71.278,12.479,23.369,0.534,,1.514,1.271,-5.234,-4.456,,3.605,3.025,-12.462,-3.177,-10.610,-6.696,,25.355,25.905,-0.395,25.105,1.905,23.805,,,23.405,25.205,0,72,95,,95,153,0.045,6.360,25.350,22.063,18.330,1.767,1.856,0.090,,34.500
12:14:40,SandWedge,76.6,67.1,28.018999999999988,-3.468999999999998,-6.919,8024.839999999995,90.0,trackman_session_data_7_17_55shots.json,-5.889,2.553,-8.442,-11.0,-12.2,good,,77.1,51.0,1.51,5400.0,0.7,103.5,sw,session_20260717_120737_home.jsonl,15,28.53,28.53,0.0,lcmf_v1,accepted,67.3,ok,26,0.83,,/home/pacinoj/openflight_sessions/iwr6843/iwr6843_20260717_121439_150_030.l3dump,0.0,15,accepted,,2,51.015,50.098,73.009,60.082,22.544,2.665,,-12.431,3.451,3.817,3.817,,-29.597,8.216,9.089,13.035,9.089,13.473,,18.005,21.905,-4.045,-3.595,-4.045,-3.945,,,38.505,16.705,0,11,56,,56,96,0.036,12.000,25.350,23.582,23.582,1.528,1.988,0.460,,28.527
12:15:12,SandWedge,73.2,73.4,30.037999999999993,2.48,-7.475,10288.419999999998,82.7,trackman_session_data_7_17_55shots.json,2.131,3.099,-0.968,3.6,3.6,good,,75.4,48.0,1.57,4175,0.3,102.0,sw,session_20260717_120737_home.jsonl,16,,,0.0,lcmf_v1,rejected_missing_tdm_sign,61.5,reject,0,,,/home/pacinoj/openflight_sessions/iwr6843/iwr6843_20260717_121511_227_033.l3dump,0.0,16,accepted,,2,47.960,50.811,70.667,6.534,22.865,0.286,,0.112,-0.245,-2.784,-4.177,,0.266,-0.583,-6.630,-11.289,-9.946,-0.644,,21.705,22.805,-5.895,18.505,-5.495,17.705,,,20.405,18.205,0,50,63,,63,134,0.027,0.720,19.350,16.986,12.719,1.774,1.861,0.086,,32.700
12:16:02,SandWedge,77.3,73.1,28.917000000000012,-1.7720000000000002,-7.002,9412.32,89.9,trackman_session_data_7_17_55shots.json,-3.284,1.379,-4.662,-6.3,-7.1,good,,77.9,50.5,1.54,5612.0,0.7,104.9,sw,session_20260717_120737_home.jsonl,17,29.27,29.27,0.0,lcmf_v1,accepted,70.0,ok,24,0.65,,/home/pacinoj/openflight_sessions/iwr6843/iwr6843_20260717_121602_028_036.l3dump,0.0,17,accepted,,2,50.505,53.764,73.722,15.847,24.194,0.655,,4.924,4.351,-0.103,-3.576,,11.724,10.361,-0.244,-0.341,-8.514,6.536,,24.705,25.205,2.955,22.805,8.255,22.305,,,22.505,29.505,0,63,76,,76,167,0.041,6.000,24.450,20.539,16.806,1.767,1.894,0.128,,29.272
12:16:17,SandWedge,78.6,77.6,29.544,-0.9839999999999992,-4.172,9397.159999999994,91.6,trackman_session_data_7_17_55shots.json,-1.943,0.914,-2.857,-4.1,-4.7,good,,79.2,55.9,1.42,5790.0,0.7,106.7,sw,session_20260717_120737_home.jsonl,18,29.68,29.68,0.0,lcmf_v1,accepted,69.6,low,24,0.33,,/home/pacinoj/openflight_sessions/iwr6843/iwr6843_20260717_121616_891_037.l3dump,0.01,18,accepted,,2,55.902,60.484,74.944,8.035,27.218,0.295,,-2.325,-1.429,-4.032,-2.615,,-5.536,-3.402,-9.599,-17.237,-6.225,-17.033,,26.005,26.105,-3.495,22.405,-2.795,21.705,,,22.605,25.905,0,85,117,,117,182,0.044,0.000,25.350,22.693,-0.507,1.754,1.936,0.182,,29.678
12:18:18,Driver,140.4,105.8,19.501999999999974,-1.9069999999999987,3.359,3568.4400000000023,223.4,trackman_session_data_7_17_55shots.json,-2.155,-0.469,-1.686,-12.3,-12.8,good,,139.6,100.2,1.39,6978.0,0.7,235.8,driver,session_20260717_121802_home.jsonl,1,21.14,21.14,0.0,lcmf_v1,accepted,135.6,ok,20,0.92,,/home/pacinoj/openflight_sessions/iwr6843/iwr6843_20260717_121817_738_002.l3dump,-0.0,1,accepted,,2,100.196,100.298,136.650,106.357,45.134,2.356,,7.097,-1.664,-1.085,-0.667,,16.897,-3.963,-2.584,3.236,-1.588,17.585,,2.005,18.205,-5.595,-4.695,-4.695,-3.895,,,-1.095,9.305,0,31,65,,65,154,0.036,1.170,19.350,17.404,13.137,0.957,1.790,0.834,,21.140
12:18:54,Driver,150.4,107.4,13.600000000000001,-5.430999999999998,2.814,1831.3099999999954,238.5,trackman_session_data_7_17_55shots.json,-6.064,0.801,-6.865,-58.6,-72.8,good,,151.8,100.6,1.51,11278.0,0.7,263.2,driver,session_20260717_121802_home.jsonl,2,30.1,30.1,0.0,lcmf_v1,accepted,55.3,ok,28,2.94,,/home/pacinoj/openflight_sessions/iwr6843/iwr6843_20260717_121853_553_005.l3dump,0.01,2,accepted,,2,100.604,102.029,148.156,17.121,45.913,0.373,,-6.296,-4.483,-1.447,2.205,,-14.990,-10.673,-3.446,-19.063,5.251,-17.311,,28.205,29.305,-2.895,24.605,2.205,26.505,,,30.305,10.705,0,49,63,,63,118,0.044,12.000,25.350,22.784,21.184,1.809,1.981,0.171,,30.102
12:19:29,Driver,159.9,109.5,11.264999999999931,-2.7289999999999814,3.145,1896.4999999999893,261.1,trackman_session_data_7_17_55shots.json,-3.247,1.067,-4.314,-36.1,-44.1,good,,159.9,107.0,1.49,4157.0,0.7,287.9,driver,session_20260717_121802_home.jsonl,3,12.07,12.07,0.0,lcmf_v1,accepted,157.0,ok,16,1.8,,/home/pacinoj/openflight_sessions/iwr6843/iwr6843_20260717_121928_251_007.l3dump,0.0,3,accepted,,2,107.019,110.481,157.931,84.952,49.716,1.709,,4.487,0.075,2.328,3.573,,10.684,0.179,5.542,22.929,8.507,20.546,,10.205,16.505,-10.995,2.505,-0.445,1.805,,,2.505,10.705,0,23,46,,46,107,0.040,12.450,25.350,25.489,24.422,1.434,2.029,0.595,,12.074
12:20:19,Driver,160.8,109.5,10.865999999999948,-3.168999999999998,3.728,2672.7999999999915,268.8,trackman_session_data_7_17_55shots.json,-3.8,-0.349,-3.45,-22.2,-24.7,good,,161.2,107.4,1.5,4403.0,0.7,288.0,driver,session_20260717_121802_home.jsonl,4,12.58,12.58,0.0,lcmf_v1,accepted,157.4,ok,12,2.68,,/home/pacinoj/openflight_sessions/iwr6843/iwr6843_20260717_122018_436_011.l3dump,0.0,4,accepted,,2,107.426,109.768,159.255,58.471,49.396,1.184,,0.297,8.000,8.000,5.984,,0.707,19.518,20.356,19.637,14.247,25.542,,14.705,17.005,-10.895,8.305,0.405,0.405,,,11.405,14.705,0,15,49,,49,135,0.038,12.000,24.810,20.885,18.752,1.538,1.906,0.367,,12.584
12:20:54,Driver,156.2,109.2,6.214999999999975,-6.1499999999999915,3.928,2652.469999999997,232.2,trackman_session_data_7_17_55shots.json,-7.778,0.515,-8.293,-48.2,-59.7,skull,launch_angle<8,156.1,110.5,1.41,2594.0,0.7,278.0,driver,session_20260717_121802_home.jsonl,5,8.28,8.28,0.0,lcmf_v1,accepted,153.4,ok,16,0.9,,/home/pacinoj/openflight_sessions/iwr6843/iwr6843_20260717_122053_344_014.l3dump,-0.01,5,accepted,,2,110.481,110.481,154.571,13.410,49.716,0.270,,0.633,0.216,3.703,3.703,,1.508,0.514,8.818,1.669,8.818,1.124,,27.805,28.205,1.605,27.805,1.605,26.905,,,24.005,27.605,0,59,65,,65,140,0.035,6.000,19.350,16.104,14.104,1.717,1.855,0.138,,8.283
12:21:44,Driver,152.4,110.0,9.191999999999986,-4.139000000000005,3.334,3533.559999999998,239.8,trackman_session_data_7_17_55shots.json,-5.527,0.059,-5.586,6.4,9.4,good,,154.1,105.7,1.46,9280.0,0.7,270.2,driver,session_20260717_121802_home.jsonl,6,24.91,24.91,0.0,lcmf_v1,accepted,56.1,ok,26,6.3,,/home/pacinoj/openflight_sessions/iwr6843/iwr6843_20260717_122143_307_017.l3dump,0.01,6,accepted,,2,105.695,103.353,150.905,25.108,46.509,0.540,,-10.256,-4.204,-6.059,-1.019,,-24.418,-10.009,-14.427,-32.312,-2.426,-20.188,,22.755,29.355,2.955,19.955,5.405,8.155,,,35.405,8.705,0,40,62,,62,140,0.042,12.000,25.350,25.314,22.647,1.829,1.992,0.163,,24.906
12:22:20,Driver,151.8,111.6,15.532999999999989,-3.252000000000002,2.046,3662.499999999992,243.1,trackman_session_data_7_17_55shots.json,-3.799,-0.32,-3.479,8.9,10.0,good,,150.8,107.5,1.4,5384.0,0.7,265.0,driver,session_20260717_121802_home.jsonl,7,15.81,15.81,0.0,lcmf_v1,accepted,147.1,ok,21,1.08,,/home/pacinoj/openflight_sessions/iwr6843/iwr6843_20260717_122219_263_019.l3dump,-0.01,7,accepted,,2,107.528,104.575,148.462,26.988,47.059,0.573,,1.644,1.061,-1.858,-1.858,,3.913,2.525,-4.423,-5.388,-4.423,-1.963,,30.705,30.955,3.755,30.305,3.755,29.605,,,30.605,41.705,0,55,62,,62,145,0.043,6.000,19.350,16.417,14.284,1.760,1.947,0.186,,15.806
12:22:57,Driver,156.9,109.4,13.584999999999974,-2.4269999999999956,3.435,2045.4299999999903,266.9,trackman_session_data_7_17_55shots.json,-3.013,2.399,-5.412,-26.8,-31.0,good,,158.2,104.8,1.51,11319.0,0.7,278.8,driver,session_20260717_121802_home.jsonl,8,29.09,29.09,0.0,lcmf_v1,accepted,57.3,low,24,1.26,,/home/pacinoj/openflight_sessions/iwr6843/iwr6843_20260717_122256_361_021.l3dump,-0.0,8,accepted,,2,104.778,109.462,154.673,7.230,49.258,0.147,,-1.577,0.435,0.517,0.519,,-3.755,1.035,1.231,-5.176,1.237,-2.468,,26.505,27.105,4.905,24.805,5.905,25.005,,,27.105,22.105,0,56,71,,71,159,0.039,6.000,19.350,17.315,14.115,1.803,1.909,0.106,,29.087
12:23:31,Driver,153.3,109.6,14.128999999999941,-2.952999999999989,2.338,2023.369999999985,260.1,trackman_session_data_7_17_55shots.json,-3.556,2.746,-6.302,-28.3,-32.7,good,,152.7,104.3,1.46,4935.0,0.7,269.9,driver,session_20260717_121802_home.jsonl,9,14.52,14.52,0.0,lcmf_v1,accepted,150.2,ok,13,1.13,,/home/pacinoj/openflight_sessions/iwr6843/iwr6843_20260717_122330_650_023.l3dump,0.0,9,accepted,,2,104.269,102.946,150.498,110.781,46.326,2.391,,8.000,-0.129,-0.113,-0.632,,22.904,-0.307,-0.270,19.502,-1.506,19.814,,12.705,17.605,-5.295,-0.795,-3.895,-1.195,,,0.605,16.705,0,35,63,,63,150,0.046,12.090,25.350,22.955,21.888,1.199,1.883,0.684,,14.519
12:24:15,Driver,158.2,109.3,11.635999999999974,-2.6240000000000014,2.815,2561.9899999999925,265.4,trackman_session_data_7_17_55shots.json,-3.121,0.099,-3.219,-8.5,-8.8,good,,158.0,105.4,1.5,4516.0,0.7,283.2,driver,session_20260717_121802_home.jsonl,10,13.08,13.08,0.0,lcmf_v1,accepted,156.2,ok,16,0.8,,/home/pacinoj/openflight_sessions/iwr6843/iwr6843_20260717_122414_762_025.l3dump,0.0,10,accepted,,2,105.389,110.379,155.997,113.689,49.671,2.289,,8.000,-5.419,-3.078,0.634,,19.363,-12.902,-7.329,11.463,1.510,12.606,,6.605,25.805,-3.695,-0.495,-1.195,-0.795,,,-0.495,9.405,0,29,63,,63,151,0.040,12.000,25.350,23.269,21.136,1.149,1.784,0.635,,13.077
12:24:46,Driver,156.4,109.0,13.045999999999998,-1.782000000000001,3.534,2885.839999999999,262.0,trackman_session_data_7_17_55shots.json,-2.567,2.45,-5.016,2.2,3.0,good,,156.2,105.7,1.48,4944.0,0.7,278.5,driver,session_20260717_121802_home.jsonl,11,14.26,14.26,0.0,lcmf_v1,accepted,152.0,low,21,1.41,,/home/pacinoj/openflight_sessions/iwr6843/iwr6843_20260717_122445_215_026.l3dump,0.0,11,accepted,,2,105.695,110.583,154.062,118.363,49.762,2.379,,8.000,0.431,2.128,0.653,,35.113,1.027,5.066,25.710,1.555,28.985,,4.405,24.105,-3.345,1.305,-1.445,1.555,,,-1.795,30.105,0,43,60,,60,151,0.038,12.000,25.260,23.556,21.956,1.157,1.898,0.741,,14.261
12:25:35,Driver,160.0,111.1,12.361,-3.435,4.557,2173.5699999999983,271.3,trackman_session_data_7_17_55shots.json,-4.226,1.844,-6.07,-24.5,-27.6,good,,160.1,106.0,1.51,4515.0,0.7,287.9,driver,session_20260717_121802_home.jsonl,12,12.93,12.93,0.0,lcmf_v1,accepted,157.0,ok,17,1.07,,/home/pacinoj/openflight_sessions/iwr6843/iwr6843_20260717_122534_138_029.l3dump,0.0,12,accepted,,2,106.000,110.684,158.033,-1.521,49.808,-0.031,,-2.212,-3.931,-9.696,-9.696,,-5.267,-9.359,-23.085,-9.995,-23.085,-9.012,,24.405,26.305,8.505,22.205,8.505,22.255,,,31.405,27.705,0,42,58,,58,160,0.031,6.000,24.090,20.092,16.359,1.828,1.858,0.031,,12.934
12:26:04,Driver,159.7,109.5,14.429999999999952,-1.0940000000000014,3.358,2760.3399999999897,271.8,trackman_session_data_7_17_55shots.json,-1.041,-1.417,0.376,-1.2,-1.0,good,,158.9,105.8,1.5,4992.0,0.7,284.8,driver,session_20260717_121802_home.jsonl,13,14.18,14.18,0.0,lcmf_v1,accepted,156.2,ok,16,2.99,,/home/pacinoj/openflight_sessions/iwr6843/iwr6843_20260717_122603_943_030.l3dump,-0.01,13,accepted,,2,105.797,110.073,156.710,114.489,49.533,2.311,,5.585,-5.781,-2.516,-0.944,,13.297,-13.764,-5.990,9.125,-2.248,8.186,,3.005,14.305,-4.795,-0.495,-2.295,-1.345,,,-2.295,10.605,0,29,62,,62,155,0.037,6.000,19.350,15.921,14.321,1.062,1.718,0.656,,14.175
12:26:34,Driver,162.5,111.2,10.788999999999971,-4.407999999999997,3.629,2195.1299999999883,270.5,trackman_session_data_7_17_55shots.json,-5.147,0.073,-5.219,-36.5,-42.6,good,,163.0,111.5,1.46,3720.0,0.7,288.4,driver,session_20260717_121802_home.jsonl,14,10.82,10.82,0.0,lcmf_v1,accepted,158.5,low,13,1.14,,/home/pacinoj/openflight_sessions/iwr6843/iwr6843_20260717_122633_215_032.l3dump,-0.01,14,accepted,,2,111.499,114.248,161.190,117.358,51.412,2.283,,-0.890,1.327,3.723,-1.545,,-2.118,3.158,8.864,-0.098,-3.679,-1.629,,2.405,3.605,-19.095,0.705,0.405,0.855,,,1.905,4.005,0,44,58,,58,143,0.037,12.000,25.170,21.240,19.640,0.916,1.621,0.705,,10.815
12:27:00,Driver,155.9,111.8,6.653999999999975,-4.795999999999999,4.479,2964.2799999999984,243.4,trackman_session_data_7_17_55shots.json,-6.569,0.168,-6.737,-21.2,-24.0,skull,launch_angle<8,158.2,106.5,1.49,11745.0,0.7,278.5,driver,session_20260717_121802_home.jsonl,15,30.09,30.09,0.0,lcmf_v1,accepted,57.4,ok,23,1.14,,/home/pacinoj/openflight_sessions/iwr6843/iwr6843_20260717_122659_214_034.l3dump,-0.0,15,accepted,,2,106.510,104.066,154.571,118.848,46.830,2.538,,0.276,3.202,2.486,0.262,,0.656,7.623,5.919,2.443,0.623,0.194,,1.705,3.905,-19.095,0.705,0.305,-0.095,,,7.305,3.905,0,43,61,,61,147,0.040,6.000,19.350,19.789,17.122,0.875,1.537,0.662,,30.088
