tm_sequence,club,capture_profile,truth_deg,radar_deg,radar_confidence,radar_status,camera_deg,camera_tier,camera_status,camera_support,camera_parameter_mad_deg,camera_window_mad_deg,camera_speed_error_mph,selected_deg,selected_source,selected_status
1,9Iron,dense_iq8,-0.9009999999999982,-2.9967977708884166,0.8600945695976288,hlcmf_v0_accepted,-0.18290076212838358,high,accepted,27,0.020856591916327716,0.08567444398653379,8.24981049274696,-0.18290076212838358,camera_assisted_experimental,camera_assisted_high
2,9Iron,dense_iq8,5.678999999999998,2.841282407234595,0.8790141526742474,hlcmf_v0_accepted,8.627036300454535,high,accepted,27,0.045704138414805584,0.525885482537916,11.107986139365039,8.627036300454535,camera_assisted_experimental,camera_assisted_high
3,9Iron,dense_iq8,9.034999999999997,11.936106022729419,0.6645793952673279,hlcmf_v0_accepted,13.744105659302676,high,accepted,27,0.3514193183654015,0.8666634829343707,5.968582539978868,13.744105659302676,camera_assisted_experimental,camera_assisted_high
4,9Iron,dense_iq8,-0.9540000000000001,-3.014811715395209,0.8519123588915863,hlcmf_v0_accepted,0.11621453439249763,high,accepted,27,0.17287231483845744,0.36266175650226273,11.792706900743596,0.11621453439249763,camera_assisted_experimental,camera_assisted_high
5,9Iron,dense_iq8,-2.596,-10.1744233981421,0.7333327635381766,hlcmf_v0_accepted,-2.0869477064261446,high,accepted,27,0.05213418800678937,0.38335140397211376,9.29633426310005,-2.0869477064261446,camera_assisted_experimental,camera_assisted_high
6,9Iron,dense_iq8,4.269,1.6397136578511673,0.9214832275390659,hlcmf_v0_accepted,6.628679793942638,high,accepted,27,0.10645093630608926,0.9072178266805508,10.9606361359603,6.628679793942638,camera_assisted_experimental,camera_assisted_high
7,9Iron,dense_iq8,2.2750000000000017,2.5701079711468666,0.9185208300301211,hlcmf_v0_accepted,4.201337394176591,high,accepted,26,0.1542044608430615,0.5501918660694969,10.065585608481186,4.201337394176591,camera_assisted_experimental,camera_assisted_high
8,9Iron,dense_iq8,3.904000000000001,3.65164927596449,0.9106825044912624,hlcmf_v0_accepted,6.836259377681813,high,accepted,27,0.18268604244093467,0.6796635990176156,12.788717924134886,6.836259377681813,camera_assisted_experimental,camera_assisted_high
9,9Iron,dense_iq8,-1.1899999999999882,-3.569803346028225,0.8227653857569279,hlcmf_v0_accepted,-0.09702888243288044,high,accepted,27,0.04181891636989121,0.09517742905943294,11.462353846248533,-0.09702888243288044,camera_assisted_experimental,camera_assisted_high
10,9Iron,dense_iq8,23.772,16.249254509514387,0.28857930744268107,hlcmf_v0_accepted,,withheld,rejected_unstable_consensus,24,0.009765413257923683,4.773759796066955,14.325681140728179,16.249254509514387,radar,camera_withheld_fallback_iwr
11,9Iron,dense_iq8,0.46800000000000014,1.7254754743588463,0.9034558413696977,hlcmf_v0_accepted,1.529702390714931,high,accepted,26,0.2807747486137231,1.4171764850420132,8.985339848299951,1.529702390714931,camera_assisted_experimental,camera_assisted_high
13,9Iron,dense_iq8,-0.3720000000000001,-6.548277828169521,0.8742942220662762,hlcmf_v0_accepted,0.16264836767737734,high,accepted,15,0.06703893573680375,0.4048328643582977,5.458129827488563,0.16264836767737734,camera_assisted_experimental,camera_assisted_high
14,9Iron,dense_iq8,2.9379999999999997,0.678604361708343,0.922800873636487,hlcmf_v0_accepted,4.323778652927842,high,accepted,21,0.030031363270154543,0.7063984318444625,10.232729091954354,4.323778652927842,camera_assisted_experimental,camera_assisted_high
15,9Iron,dense_iq8,-0.965999999999999,-1.4629622421242943,0.9303503899598452,hlcmf_v0_accepted,-0.5945473554648117,high,accepted,27,0.06736995249548272,0.20307038759257523,7.707683818806359,-0.5945473554648117,camera_assisted_experimental,camera_assisted_high
16,9Iron,dense_iq8,4.222000000000001,4.348228783739771,0.9097970919624191,hlcmf_v0_accepted,4.859522074661726,high,accepted,20,0.1112787143375158,0.717404374255608,7.9890600365694695,4.859522074661726,camera_assisted_experimental,camera_assisted_high
17,9Iron,dense_iq8,2.4450000000000016,1.0455456646872787,0.9317069804892508,hlcmf_v0_accepted,3.0367155406601256,high,accepted,26,0.026681904346361307,0.5805000026597469,6.134530155240228,3.0367155406601256,camera_assisted_experimental,camera_assisted_high
18,9Iron,dense_iq8,-2.7810000000000006,-7.237131474238169,0.8805092604617839,hlcmf_v0_accepted,-2.8331805572630344,high,accepted,15,0.11101660410250247,0.4861227384725453,2.265802449649456,-2.8331805572630344,camera_assisted_experimental,camera_assisted_high
19,9Iron,dense_iq8,1.2840000000000005,-1.0803687053044675,0.9494879544196088,hlcmf_v0_accepted,2.079696239942649,high,accepted,21,0.07891522087214753,0.2867926472522129,9.175280916941247,2.079696239942649,camera_assisted_experimental,camera_assisted_high
20,9Iron,dense_iq8,-1.7059999999999977,-4.618917256281992,0.9321068138540053,hlcmf_v0_accepted,-1.7745533742005364,high,accepted,27,0.25799859587766605,0.5877790270396872,7.431660481153699,-1.7745533742005364,camera_assisted_experimental,camera_assisted_high
21,9Iron,dense_iq8,2.0909999999999997,2.7760753478714797,0.8976679131615495,hlcmf_v0_accepted,,withheld,rejected_unstable_consensus,7,0.11419208123334101,2.544458843400122,9.409153357809899,2.7760753478714797,radar,camera_withheld_fallback_iwr
22,9Iron,dense_iq8,-1.0409999999999977,-3.467155267079547,0.837359003677129,hlcmf_v0_accepted,-0.41588957657836545,high,accepted,25,0.05856747317690747,0.06777475452918225,5.930085747884107,-0.41588957657836545,camera_assisted_experimental,camera_assisted_high
23,9Iron,dense_iq8,-2.647000000000001,-5.601165077527371,0.8698252207015537,hlcmf_v0_accepted,-2.3724274356233934,high,accepted,26,0.0018243489981983885,0.09798158248679556,9.038333183575872,-2.3724274356233934,camera_assisted_experimental,camera_assisted_high
24,9Iron,dense_iq8,5.447000000000001,2.403583663924608,0.7673732507918077,hlcmf_v0_accepted,6.311779338920161,high,accepted,21,0.0468547753655173,0.5790606471663864,10.065776578058902,6.311779338920161,camera_assisted_experimental,camera_assisted_high
25,9Iron,dense_iq8,0.8150000000000001,0.0019790394560737804,0.8688427769884255,hlcmf_v0_accepted,1.2130714270212337,high,accepted,18,0.02536211005566713,0.4757834301260573,6.623971363117363,1.2130714270212337,camera_assisted_experimental,camera_assisted_high
26,9Iron,dense_iq8,2.508,0.4239587748193249,0.8776835872159799,hlcmf_v0_accepted,2.7207070108539995,high,accepted,27,0.024284086784831516,0.285434006457308,5.22147167771584,2.7207070108539995,camera_assisted_experimental,camera_assisted_high
27,9Iron,dense_iq8,3.651,4.452455491726453,0.9279573299504119,hlcmf_v0_accepted,,withheld,rejected_unstable_consensus,2,1.4135461178416477,6.850718144897101,2.66952177467099,4.452455491726453,radar,camera_withheld_fallback_iwr
28,9Iron,dense_iq8,0.6829999999999999,-15.512513951078365,0.6263291015174223,hlcmf_v0_accepted,,withheld,rejected_unstable_consensus,14,1.2638320979842064,1.5565203253343611,1.3014104144179939,-15.512513951078365,radar,camera_withheld_fallback_iwr
29,9Iron,dense_iq8,3.5029999999999992,0.9017804441716964,0.8970470134172606,hlcmf_v0_accepted,3.487413984056701,high,accepted,27,0.10409121700365631,0.7099120489923791,6.4165014103770375,3.487413984056701,camera_assisted_experimental,camera_assisted_high
30,9Iron,dense_iq8,-0.2869999999999992,-3.4887690220692074,0.8874013629658214,hlcmf_v0_accepted,0.16094409900929918,high,accepted,27,0.0770295149910396,0.3089662533380704,5.141642936957737,0.16094409900929918,camera_assisted_experimental,camera_assisted_high
31,9Iron,dense_iq8,-1.975,-8.040283146898387,0.8118866200138194,hlcmf_v0_accepted,-1.464420311855804,high,accepted,19,0.10193870084987111,0.2178330505868189,6.7864082030851165,-1.464420311855804,camera_assisted_experimental,camera_assisted_high
32,9Iron,dense_iq8,2.692000000000001,1.0850646902839731,0.8678189574190656,hlcmf_v0_accepted,3.6339778498837063,high,accepted,27,0.14743068217151745,0.43690706790430056,8.751313663641241,3.6339778498837063,camera_assisted_experimental,camera_assisted_high
33,9Iron,dense_iq8,8.571999999999997,10.940358271937335,0.39900288774854953,hlcmf_v0_accepted,9.265238176097142,high,accepted,27,0.12956887232158465,1.1542144640160643,6.5906510573781105,9.265238176097142,camera_assisted_experimental,camera_assisted_high
34,9Iron,dense_iq8,2.443,0.16878632342015965,0.8820438036323223,hlcmf_v0_accepted,3.0992623928228085,high,accepted,24,0.09761318801839991,0.331667022570727,7.983435016262746,3.0992623928228085,camera_assisted_experimental,camera_assisted_high
35,9Iron,dense_iq8,-3.6969999999999983,-4.41035758161368,0.8048149793151982,hlcmf_v0_accepted,-3.0397978156605348,high,accepted,21,0.05952717363129523,0.38455364327731445,5.847015962690762,-3.0397978156605348,camera_assisted_experimental,camera_assisted_high
36,9Iron,dense_iq8,0.37599999999999956,-2.4505596872550997,0.8942565365877027,hlcmf_v0_accepted,0.5757308127990655,high,accepted,24,0.05884114971090071,0.25939146325046636,4.6094346724751745,0.5757308127990655,camera_assisted_experimental,camera_assisted_high
37,9Iron,dense_iq8,0.7980000000000013,-2.0454927406259134,0.9108214832002376,hlcmf_v0_accepted,1.358772680554324,high,accepted,19,0.03999110405655415,0.4222589396792955,5.606671355015791,1.358772680554324,camera_assisted_experimental,camera_assisted_high
38,9Iron,dense_iq8,0.15000000000000255,-2.4667333591433365,0.8755736634739858,hlcmf_v0_accepted,0.6041735942244202,high,accepted,27,0.13038191179575165,1.25442345395021,3.395789544228137,0.6041735942244202,camera_assisted_experimental,camera_assisted_high
39,9Iron,dense_iq8,-4.236999999999999,-6.718139044528195,0.8527147894514848,hlcmf_v0_accepted,-3.9137549206501916,high,accepted,24,0.06680013879012847,0.2200411062503349,6.524887938594887,-3.9137549206501916,camera_assisted_experimental,camera_assisted_high
40,9Iron,dense_iq8,1.5270000000000015,-0.47907010114810517,0.9265729036276431,hlcmf_v0_accepted,2.175721419450241,high,accepted,27,0.043236185086755086,0.35895769182312165,6.437970780685646,2.175721419450241,camera_assisted_experimental,camera_assisted_high
41,9Iron,dense_iq8,-2.4189999999999854,-6.995352575183516,0.9470373701633231,hlcmf_v0_accepted,-1.9256671316625784,high,accepted,24,0.02987286290479574,0.26974297656786916,4.058148073274268,-1.9256671316625784,camera_assisted_experimental,camera_assisted_high
42,9Iron,dense_iq8,-0.3469999999999999,-1.9962937405816348,0.7555069516429124,hlcmf_v0_accepted,0.3564282888607977,high,accepted,9,0.13168119208560825,0.4008026827783766,7.267245558136835,0.3564282888607977,camera_assisted_experimental,camera_assisted_high
43,9Iron,wide_iq16,-1.0529999999999968,-3.4822113699480473,0.8498352086650668,hlcmf_v0_accepted,-0.523558856814816,high,accepted,20,0.07024592777960947,0.14883467718189536,5.659611344628189,-0.523558856814816,camera_assisted_experimental,camera_assisted_high
44,9Iron,wide_iq16,0.4990000000000001,-1.6093759490368786,0.920579043512568,hlcmf_v0_accepted,1.0633811430955973,high,accepted,21,0.1062570605353983,0.5010257129118258,6.577957011194258,1.0633811430955973,camera_assisted_experimental,camera_assisted_high
46,9Iron,wide_iq16,-1.8519999999999992,-1.8774580778556438,0.8846670537446666,hlcmf_v0_accepted,-1.486212264027671,high,accepted,27,0.03447408408788988,0.113077277588161,6.981116890820289,-1.486212264027671,camera_assisted_experimental,camera_assisted_high
47,9Iron,wide_iq16,1.4870000000000003,1.8527808304964164,0.907737682296579,hlcmf_v0_accepted,1.928787833876072,high,accepted,18,0.009685519114540853,0.30685429201689374,6.292749245653312,1.928787833876072,camera_assisted_experimental,camera_assisted_high
48,9Iron,wide_iq16,-2.560999999999999,-5.412594212908656,0.9013410379407301,hlcmf_v0_accepted,-2.337359693910031,high,accepted,23,0.03665658547427597,1.2517284991372009,8.303647431114882,-2.337359693910031,camera_assisted_experimental,camera_assisted_high
49,9Iron,wide_iq16,-0.5240000000000008,-1.908242653725549,0.8628195296549097,hlcmf_v0_accepted,-0.1578696522679195,high,accepted,26,0.13853999180142296,0.08730188529798966,4.37948445419029,-0.1578696522679195,camera_assisted_experimental,camera_assisted_high
50,9Iron,wide_iq16,-0.8639999999999991,-3.450167265722687,0.902402876778569,hlcmf_v0_accepted,-0.24734268008384674,high,accepted,27,0.024964557743032856,0.15624110717877215,8.34175570383232,-0.24734268008384674,camera_assisted_experimental,camera_assisted_high
51,9Iron,wide_iq16,0.2789999999999982,-2.1972992217823477,0.8225264486312205,hlcmf_v0_accepted,0.695914992194588,high,accepted,25,0.00986510454399081,0.15216874287023074,8.38243081890954,0.695914992194588,camera_assisted_experimental,camera_assisted_high
52,9Iron,wide_iq16,1.5450000000000006,-2.0736022009736605,0.920507931958298,hlcmf_v0_accepted,1.9270427343391532,high,accepted,19,0.12265323566208508,0.6296097420124909,7.974898278751127,1.9270427343391532,camera_assisted_experimental,camera_assisted_high
53,9Iron,wide_iq16,1.754000000000001,-0.27215662810127633,0.9214449280890095,hlcmf_v0_accepted,1.9036946998216706,high,accepted,22,0.06599290029271287,0.3535406409768882,5.111212383635845,1.9036946998216706,camera_assisted_experimental,camera_assisted_high
54,9Iron,wide_iq16,2.8979999999999997,1.9160949955697544,0.9112240772515217,hlcmf_v0_accepted,3.409850696845325,high,accepted,23,0.017641121347793387,0.758913641516699,5.819283630842875,3.409850696845325,camera_assisted_experimental,camera_assisted_high
55,9Iron,wide_iq16,1.1819999999999986,-2.46125573682839,0.9073546005374677,hlcmf_v0_accepted,1.5300731525608455,high,accepted,23,0.15351358743939159,0.8409327229414885,5.7698811046222005,1.5300731525608455,camera_assisted_experimental,camera_assisted_high
56,9Iron,wide_iq16,-1.158999999999999,-5.74823635088024,0.8604368509578437,hlcmf_v0_accepted,-0.6411771498123358,high,accepted,27,0.048130704376404765,0.19333041158361652,6.245460642579829,-0.6411771498123358,camera_assisted_experimental,camera_assisted_high
57,9Iron,wide_iq16,0.22900000000000081,-1.3318554020162356,0.8952314218407941,hlcmf_v0_accepted,0.6156427141642098,high,accepted,25,0.09336774542782678,0.23669678185845555,5.142939320589477,0.6156427141642098,camera_assisted_experimental,camera_assisted_high
58,9Iron,wide_iq16,3.095000000000001,-1.2828358629717869,0.8440763365070562,hlcmf_v0_accepted,3.232193897943489,high,accepted,20,0.004607899152603068,0.6039670671364661,4.702241535498985,3.232193897943489,camera_assisted_experimental,camera_assisted_high
60,9Iron,wide_iq16,3.7070000000000007,1.2195096579416296,0.897941076596075,hlcmf_v0_accepted,4.441884251969412,high,accepted,25,0.22096150728322073,0.6100987352909897,7.021217739639582,4.441884251969412,camera_assisted_experimental,camera_assisted_high
62,9Iron,wide_iq16,0.21099999999999958,-5.251898220534997,0.8815085259560148,hlcmf_v0_accepted,0.8746068683088168,high,accepted,20,0.1378426292348962,0.6400460624645632,9.141623679925644,0.8746068683088168,camera_assisted_experimental,camera_assisted_high
63,9Iron,wide_iq16,-0.5169999999999985,0.9294367727245325,0.8784483998388174,hlcmf_v0_accepted,0.2923645332487439,experimental,accepted,6,0.018252610379548173,0.38925008642962666,19.074484308647506,0.2923645332487439,camera_assisted_experimental,camera_assisted_experimental_agreement
64,9Iron,wide_iq16,0.1809999999999994,-3.5864774284223655,0.9327784434497398,hlcmf_v0_accepted,0.6178146854431077,high,accepted,16,0.03258636335004894,0.2540068257454209,8.587913765905483,0.6178146854431077,camera_assisted_experimental,camera_assisted_high
65,9Iron,wide_iq16,2.858999999999999,0.40177329030684983,0.8992185995499654,hlcmf_v0_accepted,3.3293509629443747,high,accepted,27,0.04328319765556898,0.6893450140734529,7.457173423205177,3.3293509629443747,camera_assisted_experimental,camera_assisted_high
66,9Iron,wide_iq16,0.5170000000000009,-0.8300197850183801,0.9061104686273772,hlcmf_v0_accepted,-2.9593619575409207,high,accepted,11,0.10851312467070784,1.211247773057977,2.868585448184035,-2.9593619575409207,camera_assisted_experimental,camera_assisted_high
67,9Iron,wide_iq16,-0.9309999999999982,-1.9698879456082283,0.9271188400567464,hlcmf_v0_accepted,-0.406791983026892,high,accepted,19,0.15203667405387478,0.4455651844463091,10.402435570487171,-0.406791983026892,camera_assisted_experimental,camera_assisted_high
68,9Iron,wide_iq16,1.2139999999999995,0.7428716381714556,0.9205344868598264,hlcmf_v0_accepted,1.598289972223256,high,accepted,18,0.02901621638491747,0.38657045668664125,6.062902913718219,1.598289972223256,camera_assisted_experimental,camera_assisted_high
69,9Iron,wide_iq16,-4.886999999999991,-8.915081971650693,0.9106002369359018,hlcmf_v0_accepted,-4.518841431617432,high,accepted,10,0.07408123640615827,0.10518172478123233,5.266366617061607,-4.518841431617432,camera_assisted_experimental,camera_assisted_high
70,9Iron,wide_iq16,0.8130000000000012,0.6813303211320701,0.8988408796945127,hlcmf_v0_accepted,,withheld,rejected_unstable_consensus,22,1.8028479555740802,2.0827810150020696,2.142490313853166,0.6813303211320701,radar,camera_withheld_fallback_iwr
71,9Iron,wide_iq16,1.116,1.7336210691454927,0.9000603407569724,hlcmf_v0_accepted,1.9702808481445402,high,accepted,15,0.13522858662682324,0.5222273608311099,5.471154532275634,1.9702808481445402,camera_assisted_experimental,camera_assisted_high
72,9Iron,wide_iq16,0.08900000000000066,0.4023559811557091,0.9048703303849656,hlcmf_v0_accepted,0.8694209337247685,high,accepted,9,0.05581081724625392,0.06306513992021223,8.30408383384595,0.8694209337247685,camera_assisted_experimental,camera_assisted_high
73,9Iron,wide_iq16,0.3530000000000008,-1.8658222694037352,0.901238961057237,hlcmf_v0_accepted,1.1206986388335167,high,accepted,23,0.09404117806263912,0.4472394640325774,6.231636567345689,1.1206986388335167,camera_assisted_experimental,camera_assisted_high
74,9Iron,wide_iq16,-0.6259999999999974,-1.8544758532597674,0.8771033049719921,hlcmf_v0_accepted,0.30002814897181906,high,accepted,21,0.05626026851706456,0.3101803738256592,9.268007453118699,0.30002814897181906,camera_assisted_experimental,camera_assisted_high
75,9Iron,wide_iq16,6.256,4.942507689968764,0.8152940219029481,hlcmf_v0_accepted,7.926824945983199,experimental,accepted,4,0.058059062465488864,1.287012046062486,12.72978520438594,7.926824945983199,camera_assisted_experimental,camera_assisted_experimental_agreement
76,9Iron,wide_iq16,-3.3009999999999806,-7.296132028370099,0.8842785541902441,hlcmf_v0_accepted,-2.534994482176188,high,accepted,25,0.07656452853467499,0.18765374102034116,7.339559765521159,-2.534994482176188,camera_assisted_experimental,camera_assisted_high
77,9Iron,wide_iq16,1.253000000000002,-2.3296111177188874,0.8892768342393975,hlcmf_v0_accepted,2.126676431782016,high,accepted,27,0.0747168958186819,0.5616711788625963,6.328599897412815,2.126676431782016,camera_assisted_experimental,camera_assisted_high
78,9Iron,wide_iq16,1.0550000000000002,-2.4619137275153418,0.868949357481876,hlcmf_v0_accepted,,withheld,rejected_unstable_consensus,17,0.24938296441933971,1.7284528648637263,7.149191950257901,-2.4619137275153418,radar,camera_withheld_fallback_iwr
79,9Iron,wide_iq16,-0.11599999999999763,-1.473473647885495,0.8234236388651232,hlcmf_v0_accepted,,withheld,rejected_unstable_consensus,4,0.7191005531629457,10.136056477874476,1.718105730936017,-1.473473647885495,radar,camera_withheld_fallback_iwr
80,9Iron,wide_iq16,-0.5729999999999991,-3.8525889151566566,0.8923905513017303,hlcmf_v0_accepted,0.22332093367552375,high,accepted,18,0.08589217057766518,0.28939709461813834,7.932108027112498,0.22332093367552375,camera_assisted_experimental,camera_assisted_high
81,9Iron,wide_iq16,-0.47099999999999975,0.3692247010096154,0.9209711700392137,hlcmf_v0_accepted,0.9277036136466279,high,accepted,15,0.09286170956926298,0.764091226838616,12.490639965188947,0.9277036136466279,camera_assisted_experimental,camera_assisted_high
82,9Iron,wide_iq16,-4.477,-4.4926641206716615,0.7932545050115031,hlcmf_v0_accepted,-3.6053525330502794,high,accepted,24,0.14757737367625623,0.4535531400425725,5.97962614466018,-3.6053525330502794,camera_assisted_experimental,camera_assisted_high
83,9Iron,wide_iq16,-1.8139999999999932,-4.049102142209891,0.9244345342955951,hlcmf_v0_accepted,,withheld,rejected_unstable_consensus,25,1.4987008704696905,1.2273251094684952,-0.25192149363614647,-4.049102142209891,radar,camera_withheld_fallback_iwr
84,9Iron,wide_iq16,0.33300000000000085,-3.1498616696110218,0.8013014331748441,hlcmf_v0_accepted,-0.5397982269020787,experimental,accepted,6,0.7604357718489894,1.328915951821287,3.009806765945889,-0.5397982269020787,camera_assisted_experimental,camera_assisted_experimental_agreement
85,9Iron,wide_iq16,0.5749999999999997,0.39938149672779877,0.9211364007391638,hlcmf_v0_accepted,1.5634034972077586,high,accepted,19,0.0701814922048527,0.4079569312791591,9.26856395961461,1.5634034972077586,camera_assisted_experimental,camera_assisted_high
86,9Iron,wide_iq16,-0.37200000000000194,-1.7948742418268653,0.9254593916352919,hlcmf_v0_accepted,0.248188729533382,high,accepted,21,0.12383109630891909,0.22153430025724674,6.8100643030817025,0.248188729533382,camera_assisted_experimental,camera_assisted_high
87,7Iron,wide_iq16,2.9359999999999995,1.8930876425329257,0.7308559380744424,hlcmf_v0_accepted,,withheld,rejected_unstable_consensus,3,0.24430675368617472,5.270055779242256,5.150841887829458,1.8930876425329257,radar,camera_withheld_fallback_iwr
88,7Iron,wide_iq16,3.608000000000002,5.990175494073776,0.7637034812503949,hlcmf_v0_accepted,4.183778693890588,high,accepted,18,0.02405246157456986,1.1784920427807322,6.1598875752072075,4.183778693890588,camera_assisted_experimental,camera_assisted_high
89,7Iron,wide_iq16,-4.979999999999999,-3.2936685822125975,0.8100520428508389,hlcmf_v0_accepted,,withheld,rejected_unstable_consensus,8,0.41868170358085877,3.1738178944016795,5.061482415059359,-3.2936685822125975,radar,camera_withheld_fallback_iwr
90,7Iron,wide_iq16,1.0740000000000003,-3.0129446504787936,0.8927565389321501,hlcmf_v0_accepted,1.5242633808759365,high,accepted,21,0.16318027146633085,0.3276591094177945,4.120393640425064,1.5242633808759365,camera_assisted_experimental,camera_assisted_high
91,7Iron,wide_iq16,-0.6159999999999993,-5.40294516371273,0.7989288848196556,hlcmf_v0_accepted,-0.12704188415744966,high,accepted,27,0.009382787441808205,0.41161931201743585,3.9881857776352376,-0.12704188415744966,camera_assisted_experimental,camera_assisted_high
92,7Iron,wide_iq16,2.474,2.067100264884196,0.8766807939484651,hlcmf_v0_accepted,3.5156489416360728,high,accepted,23,0.2880786281994574,0.8394854217233672,6.847578517321935,3.5156489416360728,camera_assisted_experimental,camera_assisted_high
93,7Iron,wide_iq16,1.0779999999999996,-1.0068020287900654,0.8507633121813093,hlcmf_v0_accepted,2.767377752879497,high,accepted,13,0.12781455744260484,1.3499364871229318,7.765981019254184,2.767377752879497,camera_assisted_experimental,camera_assisted_high
94,7Iron,wide_iq16,-0.00499999999999702,-6.786398189027784,0.8323339638972476,hlcmf_v0_accepted,0.5238271030858073,high,accepted,22,0.16503570624524855,0.1589607454994777,4.751991945110525,0.5238271030858073,camera_assisted_experimental,camera_assisted_high
95,7Iron,wide_iq16,2.2170000000000267,-2.2263819509715037,0.8701148600372441,hlcmf_v0_accepted,3.3072488697172275,high,accepted,27,0.14960216389999914,0.7339342731215197,4.2875731288927454,3.3072488697172275,camera_assisted_experimental,camera_assisted_high
96,7Iron,wide_iq16,1.430000000000003,-2.2202447353486963,0.8826541419648024,hlcmf_v0_accepted,,withheld,rejected_unstable_consensus,23,1.8676576059561398,1.4249866618888234,-0.3778426810158493,-2.2202447353486963,radar,camera_withheld_fallback_iwr
97,7Iron,wide_iq16,0.48999999999999844,-3.176263937660943,0.8898193295545508,hlcmf_v0_accepted,0.7828490517447904,high,accepted,24,0.2550941445291812,0.34572727154547067,4.444009461399901,0.7828490517447904,camera_assisted_experimental,camera_assisted_high
98,7Iron,wide_iq16,-0.44799999999999623,-1.9340060303897924,0.7750835797870435,hlcmf_v0_accepted,0.07569604883525471,high,accepted,22,0.16524006044647876,0.21141085767868617,3.6301038181939163,0.07569604883525471,camera_assisted_experimental,camera_assisted_high
99,7Iron,wide_iq16,-0.65,0.4057238847383426,0.7802447333590861,hlcmf_v0_accepted,-0.16974344081265258,high,accepted,27,0.07621402388801357,0.1456607772429379,2.5663092686889115,-0.16974344081265258,camera_assisted_experimental,camera_assisted_high
100,7Iron,wide_iq16,-0.14600000000000019,-3.8825849589745753,0.8896845586575249,hlcmf_v0_accepted,0.5745154590415353,high,accepted,22,0.050541460983765774,0.2770332063351759,6.39460067035364,0.5745154590415353,camera_assisted_experimental,camera_assisted_high
101,7Iron,wide_iq16,-4.393999999999997,-6.551318615103659,0.7732327741266869,hlcmf_v0_accepted,,withheld,rejected_no_stable_path,0,,,,-6.551318615103659,radar,camera_withheld_fallback_iwr
102,7Iron,wide_iq16,3.037999999999997,-0.09302607901354333,0.6287267630337097,hlcmf_v0_accepted,3.90738079445984,high,accepted,27,0.34469695416385093,1.221682231531787,6.358055868439806,3.90738079445984,camera_assisted_experimental,camera_assisted_high
103,7Iron,wide_iq16,5.347999999999999,5.22533635413464,0.7501179658859872,hlcmf_v0_accepted,7.056726557656944,high,accepted,10,0.08608438531194906,0.8657854657185169,10.927244535495426,7.056726557656944,camera_assisted_experimental,camera_assisted_high
104,7Iron,wide_iq16,-3.2689999999999975,-9.2714405640693,0.8504363928929641,hlcmf_v0_accepted,-2.8334548496069942,experimental,accepted,6,0.16507861413515457,1.2197689816129298,4.087485423983999,-2.8334548496069942,camera_assisted_experimental,camera_assisted_experimental_disagreement
