tm_sequence,club,variant,tm_launch_angle_deg,estimate_deg,four4_deg,two8_deg,status,channels_used,n_frames,n_snapshots,track_rms_bins,track_inliers,iq8_min_scale,iq8_max_scale,ops_ball_speed_mph,iwr_dump_path
43,9Iron,iq16_53,20.186999999999983,19.95397054901042,19.95397054901042,37.4600277900222,accepted,channel_four4_path_tdm_deg,11,43,0.21887100769606438,136,16,128,107.42595787719728,/Users/john.pacino/openflight_sessions/iwr6843/iwr6843_20260809_111926_148_001.l3dump
43,9Iron,iq8_53,20.186999999999983,19.624889825905676,19.624889825905676,-1.289093272751331,accepted,channel_four4_path_tdm_deg,11,41,0.21902833498684504,135,16,128,107.42595787719728,/Users/john.pacino/openflight_sessions/iwr6843/iwr6843_20260809_111926_148_001.l3dump
43,9Iron,iq16_32,20.186999999999983,16.507073736442806,16.507073736442806,38.11572257577202,accepted,channel_four4_path_tdm_deg,7,25,0.24780606599798072,79,16,128,107.42595787719728,/Users/john.pacino/openflight_sessions/iwr6843/iwr6843_20260809_111926_148_001.l3dump
43,9Iron,iq8_32,20.186999999999983,18.381716589167524,18.381716589167524,38.692118382671815,accepted,channel_four4_path_tdm_deg,6,22,0.2488460337931674,77,16,128,107.42595787719728,/Users/john.pacino/openflight_sessions/iwr6843/iwr6843_20260809_111926_148_001.l3dump
44,9Iron,iq16_53,19.703999999999997,18.14119800869748,18.14119800869748,-1.7159665165431965,accepted,channel_four4_path_tdm_deg,12,44,0.16194261748482272,76,16,256,105.08397016992188,/Users/john.pacino/openflight_sessions/iwr6843/iwr6843_20260809_111948_007_002.l3dump
44,9Iron,iq8_53,19.703999999999997,17.95264846372708,17.95264846372708,-1.5170082262261833,accepted,channel_four4_path_tdm_deg,12,41,0.16190999013565086,76,16,256,105.08397016992188,/Users/john.pacino/openflight_sessions/iwr6843/iwr6843_20260809_111948_007_002.l3dump
44,9Iron,iq16_32,19.703999999999997,17.00031826348064,17.00031826348064,-2.137047487777393,accepted,channel_four4_path_tdm_deg,6,24,0.16724255117364556,46,16,256,105.08397016992188,/Users/john.pacino/openflight_sessions/iwr6843/iwr6843_20260809_111948_007_002.l3dump
44,9Iron,iq8_32,19.703999999999997,17.302987357558198,17.302987357558198,-2.227958211700637,accepted,channel_four4_path_tdm_deg,6,23,0.16595543305755212,45,16,256,105.08397016992188,/Users/john.pacino/openflight_sessions/iwr6843/iwr6843_20260809_111948_007_002.l3dump
46,9Iron,iq16_53,19.142999999999997,30.87221776843049,19.343237215151944,30.87221776843049,accepted,channel_two8_deg,10,40,0.2882723177177936,87,16,256,112.10993329174806,/Users/john.pacino/openflight_sessions/iwr6843/iwr6843_20260809_112107_663_004.l3dump
46,9Iron,iq8_53,19.142999999999997,30.736195408996387,18.833732132610294,30.736195408996387,accepted,channel_two8_deg,10,39,0.3058863601749963,85,16,256,112.10993329174806,/Users/john.pacino/openflight_sessions/iwr6843/iwr6843_20260809_112107_663_004.l3dump
46,9Iron,iq16_32,19.142999999999997,31.017905317842697,20.612435186179287,31.017905317842697,accepted,channel_two8_deg,6,21,0.17042138995145806,33,16,256,112.10993329174806,/Users/john.pacino/openflight_sessions/iwr6843/iwr6843_20260809_112107_663_004.l3dump
46,9Iron,iq8_32,19.142999999999997,19.455821177582376,19.455821177582376,30.818167109642893,accepted,channel_four4_path_tdm_deg,6,21,0.16800107382702711,32,16,256,112.10993329174806,/Users/john.pacino/openflight_sessions/iwr6843/iwr6843_20260809_112107_663_004.l3dump
47,9Iron,iq16_53,20.176000000000002,20.10907849540405,20.10907849540405,-1.4902938804576107,accepted,channel_four4_path_tdm_deg,11,41,0.33294466636992276,62,32,128,104.88031906494142,/Users/john.pacino/openflight_sessions/iwr6843/iwr6843_20260809_112222_669_005.l3dump
47,9Iron,iq8_53,20.176000000000002,20.194119722381743,20.194119722381743,-1.5032615752521383,accepted,channel_four4_path_tdm_deg,11,41,0.3489873543848187,64,32,128,104.88031906494142,/Users/john.pacino/openflight_sessions/iwr6843/iwr6843_20260809_112222_669_005.l3dump
47,9Iron,iq16_32,20.176000000000002,,,,rejected_track_quality,,0,0,0.38585729973137745,39,32,128,104.88031906494142,/Users/john.pacino/openflight_sessions/iwr6843/iwr6843_20260809_112222_669_005.l3dump
47,9Iron,iq8_32,20.176000000000002,,,,rejected_track_quality,,0,0,0.3862240058640643,39,32,128,104.88031906494142,/Users/john.pacino/openflight_sessions/iwr6843/iwr6843_20260809_112222_669_005.l3dump
48,9Iron,iq16_53,18.461999999999996,18.0206064494147,17.897549575870965,18.14366332295843,accepted,channel_two8_deg;channel_four4_path_tdm_deg,13,48,0.18550338979192807,61,32,128,96.83610041821291,/Users/john.pacino/openflight_sessions/iwr6843/iwr6843_20260809_112302_270_006.l3dump
48,9Iron,iq8_53,18.461999999999996,17.70690906588802,17.089923888421207,18.323894243354836,accepted,channel_two8_deg;channel_four4_path_tdm_deg,13,48,0.19783548659692177,62,32,128,96.83610041821291,/Users/john.pacino/openflight_sessions/iwr6843/iwr6843_20260809_112302_270_006.l3dump
48,9Iron,iq16_32,18.461999999999996,17.080922556290545,15.56392900652644,18.597916106054655,accepted,channel_two8_deg;channel_four4_path_tdm_deg,10,30,0.17756073025990984,45,32,128,96.83610041821291,/Users/john.pacino/openflight_sessions/iwr6843/iwr6843_20260809_112302_270_006.l3dump
48,9Iron,iq8_32,18.461999999999996,17.124138216597753,15.405489314306868,18.842787118888637,accepted,channel_two8_deg;channel_four4_path_tdm_deg,10,30,0.1952360657367921,46,32,128,96.83610041821291,/Users/john.pacino/openflight_sessions/iwr6843/iwr6843_20260809_112302_270_006.l3dump
49,9Iron,iq16_53,18.522000000000006,35.36154122541425,16.606144271783062,35.36154122541425,accepted,channel_two8_deg,11,38,0.28079480352050556,103,16,128,107.01865566723635,/Users/john.pacino/openflight_sessions/iwr6843/iwr6843_20260809_112320_901_007.l3dump
49,9Iron,iq8_53,18.522000000000006,35.44201648605339,16.120181330205064,35.44201648605339,accepted,channel_two8_deg,10,36,0.2798045396055814,104,16,128,107.01865566723635,/Users/john.pacino/openflight_sessions/iwr6843/iwr6843_20260809_112320_901_007.l3dump
49,9Iron,iq16_32,18.522000000000006,18.880299123961986,18.880299123961986,36.184087912469735,accepted,channel_four4_path_tdm_deg,7,25,0.31884368868112,56,16,128,107.01865566723635,/Users/john.pacino/openflight_sessions/iwr6843/iwr6843_20260809_112320_901_007.l3dump
49,9Iron,iq8_32,18.522000000000006,18.52530079172346,18.52530079172346,36.00505816132189,accepted,channel_four4_path_tdm_deg,7,25,0.30671708228642064,54,16,128,107.01865566723635,/Users/john.pacino/openflight_sessions/iwr6843/iwr6843_20260809_112320_901_007.l3dump
50,9Iron,iq16_53,20.358999999999995,35.38059403727929,18.45415494607547,35.38059403727929,accepted,channel_two8_deg,11,40,0.2993268427718498,71,16,256,107.52778342968752,/Users/john.pacino/openflight_sessions/iwr6843/iwr6843_20260809_112345_386_008.l3dump
50,9Iron,iq8_53,20.358999999999995,18.651540927686966,18.651540927686966,35.40494173582042,accepted,channel_four4_path_tdm_deg,11,40,0.2974270904097966,69,16,256,107.52778342968752,/Users/john.pacino/openflight_sessions/iwr6843/iwr6843_20260809_112345_386_008.l3dump
50,9Iron,iq16_32,20.358999999999995,35.44230640943479,18.465532331085257,35.44230640943479,accepted,channel_two8_deg,7,24,0.30132304668669235,43,16,256,107.52778342968752,/Users/john.pacino/openflight_sessions/iwr6843/iwr6843_20260809_112345_386_008.l3dump
50,9Iron,iq8_32,20.358999999999995,18.682615125825762,18.682615125825762,35.61693899870646,accepted,channel_four4_path_tdm_deg,7,24,0.27678536816996685,41,16,256,107.52778342968752,/Users/john.pacino/openflight_sessions/iwr6843/iwr6843_20260809_112345_386_008.l3dump
51,9Iron,iq16_53,17.565000000000023,17.502343206309433,17.502343206309433,-1.7735111723703205,accepted,channel_four4_path_tdm_deg,8,29,0.3195098087759599,62,16,128,105.59309793237306,/Users/john.pacino/openflight_sessions/iwr6843/iwr6843_20260809_112410_572_009.l3dump
51,9Iron,iq8_53,17.565000000000023,17.56750580866903,17.56750580866903,-1.8441524462697634,accepted,channel_four4_path_tdm_deg,8,29,0.34841321419731125,62,16,128,105.59309793237306,/Users/john.pacino/openflight_sessions/iwr6843/iwr6843_20260809_112410_572_009.l3dump
51,9Iron,iq16_32,17.565000000000023,,,,rejected_track_quality,,0,0,0.3343616942620731,44,16,128,105.59309793237306,/Users/john.pacino/openflight_sessions/iwr6843/iwr6843_20260809_112410_572_009.l3dump
51,9Iron,iq8_32,17.565000000000023,,,,rejected_track_quality,,0,0,0.2996447043701248,43,16,128,105.59309793237306,/Users/john.pacino/openflight_sessions/iwr6843/iwr6843_20260809_112410_572_009.l3dump
52,9Iron,iq16_53,19.44699999999999,19.8552062618582,19.8552062618582,-1.5022845008129997,accepted,channel_four4_path_tdm_deg,10,38,0.23964558497620206,69,16,256,106.81500456225587,/Users/john.pacino/openflight_sessions/iwr6843/iwr6843_20260809_112436_236_010.l3dump
52,9Iron,iq8_53,19.44699999999999,20.069454928264086,20.069454928264086,-1.5012827905299952,accepted,channel_four4_path_tdm_deg,10,38,0.23909697667695293,69,16,256,106.81500456225587,/Users/john.pacino/openflight_sessions/iwr6843/iwr6843_20260809_112436_236_010.l3dump
52,9Iron,iq16_32,19.44699999999999,21.1544982811004,21.1544982811004,-2.3792874330031797,accepted,channel_four4_path_tdm_deg,5,18,0.24821161770840977,42,16,256,106.81500456225587,/Users/john.pacino/openflight_sessions/iwr6843/iwr6843_20260809_112436_236_010.l3dump
52,9Iron,iq8_32,19.44699999999999,22.207386397280025,22.207386397280025,-2.3417431000604907,accepted,channel_four4_path_tdm_deg,5,18,0.2500343571541338,42,16,256,106.81500456225587,/Users/john.pacino/openflight_sessions/iwr6843/iwr6843_20260809_112436_236_010.l3dump
53,9Iron,iq16_53,19.762999999999995,37.70205859817081,18.627826062634266,37.70205859817081,accepted,channel_two8_deg,10,35,0.214155086746795,60,16,128,107.42595787719728,/Users/john.pacino/openflight_sessions/iwr6843/iwr6843_20260809_112506_986_011.l3dump
53,9Iron,iq8_53,19.762999999999995,37.67889377863537,20.183699842040703,37.67889377863537,accepted,channel_two8_deg,10,34,0.21783107062491275,59,16,128,107.42595787719728,/Users/john.pacino/openflight_sessions/iwr6843/iwr6843_20260809_112506_986_011.l3dump
53,9Iron,iq16_32,19.762999999999995,,,,rejected_track_quality,,0,0,0.20727020391351955,31,16,128,107.42595787719728,/Users/john.pacino/openflight_sessions/iwr6843/iwr6843_20260809_112506_986_011.l3dump
53,9Iron,iq8_32,19.762999999999995,,,,rejected_track_quality,,0,0,0.21385332873133558,29,16,128,107.42595787719728,/Users/john.pacino/openflight_sessions/iwr6843/iwr6843_20260809_112506_986_011.l3dump
54,9Iron,iq16_53,20.082999999999995,19.14920700246351,19.14920700246351,-2.072923043918231,accepted,channel_four4_path_tdm_deg,9,33,0.33473327503141936,56,16,128,102.33468025268556,/Users/john.pacino/openflight_sessions/iwr6843/iwr6843_20260809_112532_956_012.l3dump
54,9Iron,iq8_53,20.082999999999995,19.33817134139539,19.33817134139539,-1.9385707319986598,accepted,channel_four4_path_tdm_deg,9,33,0.3327519652284894,57,16,128,102.33468025268556,/Users/john.pacino/openflight_sessions/iwr6843/iwr6843_20260809_112532_956_012.l3dump
54,9Iron,iq16_32,20.082999999999995,,,,rejected_track_quality,,0,0,0.4212267372118153,37,16,128,102.33468025268556,/Users/john.pacino/openflight_sessions/iwr6843/iwr6843_20260809_112532_956_012.l3dump
54,9Iron,iq8_32,20.082999999999995,,,,rejected_track_quality,,0,0,0.3961990829523014,35,16,128,102.33468025268556,/Users/john.pacino/openflight_sessions/iwr6843/iwr6843_20260809_112532_956_012.l3dump
55,9Iron,iq16_53,17.520999999999997,16.747491717393338,16.370228156894374,17.1247552778923,accepted,channel_two8_deg;channel_four4_path_tdm_deg,11,40,0.19951785787308346,76,16,128,98.26165815307618,/Users/john.pacino/openflight_sessions/iwr6843/iwr6843_20260809_112617_860_013.l3dump
55,9Iron,iq8_53,17.520999999999997,18.30802115523541,19.161941650348734,17.454100660122084,accepted,channel_two8_deg;channel_four4_path_tdm_deg,11,39,0.19869515973606622,75,16,128,98.26165815307618,/Users/john.pacino/openflight_sessions/iwr6843/iwr6843_20260809_112617_860_013.l3dump
55,9Iron,iq16_32,17.520999999999997,16.534792447884655,15.820268372372421,17.24931652339689,accepted,channel_two8_deg;channel_four4_path_tdm_deg,7,22,0.21240131751051666,45,16,128,98.26165815307618,/Users/john.pacino/openflight_sessions/iwr6843/iwr6843_20260809_112617_860_013.l3dump
55,9Iron,iq8_32,17.520999999999997,17.279300915390152,17.27676281450256,17.281839016277743,accepted,channel_two8_deg;channel_four4_path_tdm_deg,6,21,0.21041014520199655,44,16,128,98.26165815307618,/Users/john.pacino/openflight_sessions/iwr6843/iwr6843_20260809_112617_860_013.l3dump
56,9Iron,iq16_53,18.683999999999983,15.840297470585028,15.840297470585028,34.592946098531556,accepted,channel_four4_path_tdm_deg,11,39,0.2721714013247682,70,32,128,108.03691119213869,/Users/john.pacino/openflight_sessions/iwr6843/iwr6843_20260809_112642_160_014.l3dump
56,9Iron,iq8_53,18.683999999999983,15.680911279518746,15.680911279518746,34.56196577888256,accepted,channel_four4_path_tdm_deg,11,38,0.2779455647817242,72,32,128,108.03691119213869,/Users/john.pacino/openflight_sessions/iwr6843/iwr6843_20260809_112642_160_014.l3dump
56,9Iron,iq16_32,18.683999999999983,15.798863040019189,15.798863040019189,-1.932233203804236,accepted,channel_four4_path_tdm_deg,6,24,0.1925471355743235,29,32,128,108.03691119213869,/Users/john.pacino/openflight_sessions/iwr6843/iwr6843_20260809_112642_160_014.l3dump
56,9Iron,iq8_32,18.683999999999983,15.765031162881995,15.765031162881995,-1.939452473105422,accepted,channel_four4_path_tdm_deg,6,24,0.19603614297849528,29,32,128,108.03691119213869,/Users/john.pacino/openflight_sessions/iwr6843/iwr6843_20260809_112642_160_014.l3dump
57,9Iron,iq16_53,17.842999999999986,30.343077029923638,17.134768714950326,30.343077029923638,accepted,channel_two8_deg,12,41,0.2840151932826225,78,32,256,110.48072445190431,/Users/john.pacino/openflight_sessions/iwr6843/iwr6843_20260809_112706_058_015.l3dump
57,9Iron,iq8_53,17.842999999999986,30.87035521523717,16.97736085158435,30.87035521523717,accepted,channel_two8_deg,11,39,0.28453324397547236,78,32,256,110.48072445190431,/Users/john.pacino/openflight_sessions/iwr6843/iwr6843_20260809_112706_058_015.l3dump
57,9Iron,iq16_32,17.842999999999986,,,,rejected_track_quality,,0,0,0.29778729410118715,41,32,256,110.48072445190431,/Users/john.pacino/openflight_sessions/iwr6843/iwr6843_20260809_112706_058_015.l3dump
57,9Iron,iq8_32,17.842999999999986,,,,rejected_track_quality,,0,0,0.30285515023654325,39,32,256,110.48072445190431,/Users/john.pacino/openflight_sessions/iwr6843/iwr6843_20260809_112706_058_015.l3dump
58,9Iron,iq16_53,19.710000000000008,16.672106370113834,13.545885503343408,19.79832723688426,accepted,channel_two8_deg;channel_four4_path_tdm_deg,9,35,0.31577945422054,54,32,128,98.36348370556642,/Users/john.pacino/openflight_sessions/iwr6843/iwr6843_20260809_112920_053_016.l3dump
58,9Iron,iq8_53,19.710000000000008,17.599606721394874,15.37282586146552,19.826387581324227,accepted,channel_two8_deg;channel_four4_path_tdm_deg,9,35,0.28461525936697823,52,32,128,98.36348370556642,/Users/john.pacino/openflight_sessions/iwr6843/iwr6843_20260809_112920_053_016.l3dump
58,9Iron,iq16_32,19.710000000000008,17.14307404302909,14.167144696290128,20.119003389768057,accepted,channel_two8_deg;channel_four4_path_tdm_deg,5,20,0.3123496015573103,32,32,128,98.36348370556642,/Users/john.pacino/openflight_sessions/iwr6843/iwr6843_20260809_112920_053_016.l3dump
58,9Iron,iq8_32,19.710000000000008,,,,rejected_track_quality,,0,0,0.4482144174954371,33,32,128,98.36348370556642,/Users/john.pacino/openflight_sessions/iwr6843/iwr6843_20260809_112920_053_016.l3dump
60,9Iron,iq16_53,21.039999999999996,20.636900102313138,20.636900102313138,-3.905239016704025,accepted,channel_four4_path_tdm_deg,11,41,0.325915392557794,62,16,256,102.53833135766602,/Users/john.pacino/openflight_sessions/iwr6843/iwr6843_20260809_113046_536_018.l3dump
60,9Iron,iq8_53,21.039999999999996,21.023147860656618,21.023147860656618,-3.99609640817569,accepted,channel_four4_path_tdm_deg,11,40,0.32523188997780933,62,16,256,102.53833135766602,/Users/john.pacino/openflight_sessions/iwr6843/iwr6843_20260809_113046_536_018.l3dump
60,9Iron,iq16_32,21.039999999999996,20.222150462166923,19.98568391197857,20.45861701235528,accepted,channel_two8_deg;channel_four4_path_tdm_deg,8,24,0.2899081926843188,39,16,256,102.53833135766602,/Users/john.pacino/openflight_sessions/iwr6843/iwr6843_20260809_113046_536_018.l3dump
60,9Iron,iq8_32,21.039999999999996,19.819991274695305,19.59867536573549,20.04130718365512,accepted,channel_two8_deg;channel_four4_path_tdm_deg,8,23,0.29153982045108046,39,16,256,102.53833135766602,/Users/john.pacino/openflight_sessions/iwr6843/iwr6843_20260809_113046_536_018.l3dump
62,9Iron,iq16_53,17.558999999999997,15.236304296038938,15.236304296038938,32.64636221114688,accepted,channel_four4_path_tdm_deg,11,34,0.2003597116950163,71,32,128,109.05516671704103,/Users/john.pacino/openflight_sessions/iwr6843/iwr6843_20260809_113146_980_020.l3dump
62,9Iron,iq8_53,17.558999999999997,15.083265415584192,15.083265415584192,32.87844407491989,accepted,channel_four4_path_tdm_deg,10,33,0.20157420794547334,69,32,128,109.05516671704103,/Users/john.pacino/openflight_sessions/iwr6843/iwr6843_20260809_113146_980_020.l3dump
62,9Iron,iq16_32,17.558999999999997,,,,rejected_track_quality,,0,0,0.18076795979305113,22,32,128,109.05516671704103,/Users/john.pacino/openflight_sessions/iwr6843/iwr6843_20260809_113146_980_020.l3dump
62,9Iron,iq8_32,17.558999999999997,,,,rejected_track_quality,,0,0,0.18084843758924146,22,32,128,109.05516671704103,/Users/john.pacino/openflight_sessions/iwr6843/iwr6843_20260809_113146_980_020.l3dump
63,9Iron,iq16_53,21.94699999999997,19.96035640052528,19.96035640052528,-1.4585758841667325,accepted,channel_four4_path_tdm_deg,11,40,0.28366002704564713,75,32,256,106.9168301147461,/Users/john.pacino/openflight_sessions/iwr6843/iwr6843_20260809_113208_656_021.l3dump
63,9Iron,iq8_53,21.94699999999997,19.86917130984104,19.86917130984104,-1.4416339010039463,accepted,channel_four4_path_tdm_deg,11,38,0.28342589844718197,77,32,256,106.9168301147461,/Users/john.pacino/openflight_sessions/iwr6843/iwr6843_20260809_113208_656_021.l3dump
63,9Iron,iq16_32,21.94699999999997,,,,rejected_track_quality,,0,0,0.3738474383291964,25,32,256,106.9168301147461,/Users/john.pacino/openflight_sessions/iwr6843/iwr6843_20260809_113208_656_021.l3dump
63,9Iron,iq8_32,21.94699999999997,,,,rejected_track_quality,,0,0,0.35175034953964945,23,32,256,106.9168301147461,/Users/john.pacino/openflight_sessions/iwr6843/iwr6843_20260809_113208_656_021.l3dump
64,9Iron,iq16_53,20.032000000000004,17.974577242276727,17.974577242276727,-1.6822628924743785,accepted,channel_four4_path_tdm_deg,12,44,0.3054903375276877,86,16,128,102.84380801513673,/Users/john.pacino/openflight_sessions/iwr6843/iwr6843_20260809_113449_571_001.l3dump
64,9Iron,iq8_53,20.032000000000004,18.986270710471604,18.986270710471604,-1.6619618615025844,accepted,channel_four4_path_tdm_deg,12,43,0.3019895497426743,88,16,128,102.84380801513673,/Users/john.pacino/openflight_sessions/iwr6843/iwr6843_20260809_113449_571_001.l3dump
64,9Iron,iq16_32,20.032000000000004,16.885752778891145,16.885752778891145,-2.1012103548060557,accepted,channel_four4_path_tdm_deg,6,23,0.16880144256863164,33,16,128,102.84380801513673,/Users/john.pacino/openflight_sessions/iwr6843/iwr6843_20260809_113449_571_001.l3dump
64,9Iron,iq8_32,20.032000000000004,15.354183136516035,15.354183136516035,-2.086236948407592,accepted,channel_four4_path_tdm_deg,6,23,0.16999591602407899,36,16,128,102.84380801513673,/Users/john.pacino/openflight_sessions/iwr6843/iwr6843_20260809_113449_571_001.l3dump
65,9Iron,iq16_53,21.833999999999996,21.85723574990678,21.85723574990678,-2.781878851325386,accepted,channel_four4_path_tdm_deg,12,43,0.2555466007751165,55,32,128,103.65841243505861,/Users/john.pacino/openflight_sessions/iwr6843/iwr6843_20260809_113516_751_002.l3dump
65,9Iron,iq8_53,21.833999999999996,22.432057564753563,22.432057564753563,-2.510425362280388,accepted,channel_four4_path_tdm_deg,12,43,0.2585202941284594,54,32,128,103.65841243505861,/Users/john.pacino/openflight_sessions/iwr6843/iwr6843_20260809_113516_751_002.l3dump
65,9Iron,iq16_32,21.833999999999996,,,,rejected_track_quality,,0,0,0.28464504900943227,27,32,128,103.65841243505861,/Users/john.pacino/openflight_sessions/iwr6843/iwr6843_20260809_113516_751_002.l3dump
65,9Iron,iq8_32,21.833999999999996,,,,rejected_track_quality,,0,0,0.2843155536763227,27,32,128,103.65841243505861,/Users/john.pacino/openflight_sessions/iwr6843/iwr6843_20260809_113516_751_002.l3dump
66,9Iron,iq16_53,21.64999999999998,21.58128931191545,21.58128931191545,-1.4431904423057067,accepted,channel_four4_path_tdm_deg,11,41,0.22654010957567783,76,32,128,107.12048121972657,/Users/john.pacino/openflight_sessions/iwr6843/iwr6843_20260809_113546_514_003.l3dump
66,9Iron,iq8_53,21.64999999999998,19.510440901913583,19.510440901913583,-1.4441994234067916,accepted,channel_four4_path_tdm_deg,11,41,0.2251915214022168,76,32,128,107.12048121972657,/Users/john.pacino/openflight_sessions/iwr6843/iwr6843_20260809_113546_514_003.l3dump
66,9Iron,iq16_32,21.64999999999998,41.096633806095404,17.693323923045696,41.096633806095404,accepted,channel_two8_deg,7,26,0.19144156021154585,34,32,128,107.12048121972657,/Users/john.pacino/openflight_sessions/iwr6843/iwr6843_20260809_113546_514_003.l3dump
66,9Iron,iq8_32,21.64999999999998,17.434032865116546,17.434032865116546,41.16443479220072,accepted,channel_four4_path_tdm_deg,7,26,0.19062616518468897,33,32,128,107.12048121972657,/Users/john.pacino/openflight_sessions/iwr6843/iwr6843_20260809_113546_514_003.l3dump
67,9Iron,iq16_53,20.68699999999998,19.464776282106143,19.464776282106143,38.86412996140147,accepted,channel_four4_path_tdm_deg,12,42,0.2923510263970998,76,16,256,107.32413232470704,/Users/john.pacino/openflight_sessions/iwr6843/iwr6843_20260809_113633_392_004.l3dump
67,9Iron,iq8_53,20.68699999999998,19.094237053404232,19.094237053404232,38.31949881598833,accepted,channel_four4_path_tdm_deg,12,42,0.28128580381606755,75,16,256,107.32413232470704,/Users/john.pacino/openflight_sessions/iwr6843/iwr6843_20260809_113633_392_004.l3dump
67,9Iron,iq16_32,20.68699999999998,19.13794422425724,19.13794422425724,39.12187290016767,accepted,channel_four4_path_tdm_deg,8,27,0.3118356369017197,43,16,256,107.32413232470704,/Users/john.pacino/openflight_sessions/iwr6843/iwr6843_20260809_113633_392_004.l3dump
67,9Iron,iq8_32,20.68699999999998,39.17099399746553,19.274047216909405,39.17099399746553,accepted,channel_two8_deg,8,26,0.2952621390488848,41,16,256,107.32413232470704,/Users/john.pacino/openflight_sessions/iwr6843/iwr6843_20260809_113633_392_004.l3dump
68,9Iron,iq16_53,20.854999999999997,18.69078411829478,18.69078411829478,-1.4147064793381106,accepted,channel_four4_path_tdm_deg,10,40,0.21309485567443337,56,32,256,106.9168301147461,/Users/john.pacino/openflight_sessions/iwr6843/iwr6843_20260809_113657_539_005.l3dump
68,9Iron,iq8_53,20.854999999999997,19.131071397182016,19.131071397182016,-1.386604232220019,accepted,channel_four4_path_tdm_deg,10,40,0.21235391083426355,55,32,256,106.9168301147461,/Users/john.pacino/openflight_sessions/iwr6843/iwr6843_20260809_113657_539_005.l3dump
68,9Iron,iq16_32,20.854999999999997,,,,rejected_track_quality,,0,0,0.23102476645973133,28,32,256,106.9168301147461,/Users/john.pacino/openflight_sessions/iwr6843/iwr6843_20260809_113657_539_005.l3dump
68,9Iron,iq8_32,20.854999999999997,,,,rejected_track_quality,,0,0,0.23108993084182072,27,32,256,106.9168301147461,/Users/john.pacino/openflight_sessions/iwr6843/iwr6843_20260809_113657_539_005.l3dump
69,9Iron,iq16_53,16.327999999999996,14.461755704037866,13.904922330428164,15.01858907764757,accepted,channel_two8_deg;channel_four4_path_tdm_deg,10,38,0.22414016308476956,53,16,256,101.41825028027345,/Users/john.pacino/openflight_sessions/iwr6843/iwr6843_20260809_113728_852_006.l3dump
69,9Iron,iq8_53,16.327999999999996,14.214687965045563,13.237854754120205,15.19152117597092,accepted,channel_two8_deg;channel_four4_path_tdm_deg,10,37,0.22091241744088627,53,16,256,101.41825028027345,/Users/john.pacino/openflight_sessions/iwr6843/iwr6843_20260809_113728_852_006.l3dump
69,9Iron,iq16_32,16.327999999999996,14.785878035586894,14.856310787394108,14.715445283779681,accepted,channel_two8_deg;channel_four4_path_tdm_deg,7,27,0.20959018630582024,45,16,256,101.41825028027345,/Users/john.pacino/openflight_sessions/iwr6843/iwr6843_20260809_113728_852_006.l3dump
69,9Iron,iq8_32,16.327999999999996,13.775419093369678,13.421499091758518,14.129339094980836,accepted,channel_two8_deg;channel_four4_path_tdm_deg,7,27,0.20448452176799245,44,16,256,101.41825028027345,/Users/john.pacino/openflight_sessions/iwr6843/iwr6843_20260809_113728_852_006.l3dump
70,9Iron,iq16_53,20.496999999999996,19.455329203556147,19.455329203556147,-1.4890275419774175,accepted,channel_four4_path_tdm_deg,12,42,0.24427901725544368,51,16,128,105.08397016992188,/Users/john.pacino/openflight_sessions/iwr6843/iwr6843_20260809_113747_478_007.l3dump
70,9Iron,iq8_53,20.496999999999996,19.31769992645014,19.31769992645014,-1.469974004658948,accepted,channel_four4_path_tdm_deg,12,40,0.27398551960818773,52,16,128,105.08397016992188,/Users/john.pacino/openflight_sessions/iwr6843/iwr6843_20260809_113747_478_007.l3dump
70,9Iron,iq16_32,20.496999999999996,15.90030610472225,15.90030610472225,-2.1522132023993708,accepted,channel_four4_path_tdm_deg,6,22,0.33177274650981925,32,16,128,105.08397016992188,/Users/john.pacino/openflight_sessions/iwr6843/iwr6843_20260809_113747_478_007.l3dump
70,9Iron,iq8_32,20.496999999999996,15.142056166964167,15.142056166964167,-2.151449699742769,accepted,channel_four4_path_tdm_deg,6,21,0.32608314092038027,35,16,128,105.08397016992188,/Users/john.pacino/openflight_sessions/iwr6843/iwr6843_20260809_113747_478_007.l3dump
71,9Iron,iq16_53,20.32499999999999,19.492255743675273,19.492255743675273,-1.8010568845076695,accepted,channel_four4_path_tdm_deg,12,39,0.28737488626769037,112,16,256,104.67666795996095,/Users/john.pacino/openflight_sessions/iwr6843/iwr6843_20260809_113830_727_009.l3dump
71,9Iron,iq8_53,20.32499999999999,20.240212189917298,20.240212189917298,-1.877903703090769,accepted,channel_four4_path_tdm_deg,12,38,0.26779159141976644,110,16,256,104.67666795996095,/Users/john.pacino/openflight_sessions/iwr6843/iwr6843_20260809_113830_727_009.l3dump
71,9Iron,iq16_32,20.32499999999999,18.435681195320594,18.435681195320594,-2.2152075290118964,accepted,channel_four4_path_tdm_deg,7,20,0.2984047730991399,68,16,256,104.67666795996095,/Users/john.pacino/openflight_sessions/iwr6843/iwr6843_20260809_113830_727_009.l3dump
71,9Iron,iq8_32,20.32499999999999,18.207109686895446,18.207109686895446,-2.253504867641398,accepted,channel_four4_path_tdm_deg,7,20,0.2580325648087613,66,16,256,104.67666795996095,/Users/john.pacino/openflight_sessions/iwr6843/iwr6843_20260809_113830_727_009.l3dump
72,9Iron,iq16_53,19.690999999999978,19.036782380198524,19.036782380198524,-1.3641949941385516,accepted,channel_four4_path_tdm_deg,11,39,0.2189660765150934,55,32,128,106.3058767998047,/Users/john.pacino/openflight_sessions/iwr6843/iwr6843_20260809_113910_354_010.l3dump
72,9Iron,iq8_53,19.690999999999978,19.370804570873894,19.370804570873894,-1.4051810697236797,accepted,channel_four4_path_tdm_deg,10,38,0.2259150997983563,54,32,128,106.3058767998047,/Users/john.pacino/openflight_sessions/iwr6843/iwr6843_20260809_113910_354_010.l3dump
72,9Iron,iq16_32,19.690999999999978,19.51753882606673,19.51753882606673,-1.563183503510094,accepted,channel_four4_path_tdm_deg,7,25,0.25090764984414443,31,32,128,106.3058767998047,/Users/john.pacino/openflight_sessions/iwr6843/iwr6843_20260809_113910_354_010.l3dump
72,9Iron,iq8_32,19.690999999999978,19.526707953475473,19.526707953475473,-1.6013707903439602,accepted,channel_four4_path_tdm_deg,7,25,0.25305975874225695,31,32,128,106.3058767998047,/Users/john.pacino/openflight_sessions/iwr6843/iwr6843_20260809_113910_354_010.l3dump
73,9Iron,iq16_53,18.82699999999999,18.039280510320594,18.039280510320594,-1.4231460642656062,accepted,channel_four4_path_tdm_deg,11,35,0.2959365024503256,58,16,128,104.98214461743166,/Users/john.pacino/openflight_sessions/iwr6843/iwr6843_20260809_113930_522_011.l3dump
73,9Iron,iq8_53,18.82699999999999,18.423379638072046,18.423379638072046,-1.5645836554752555,accepted,channel_four4_path_tdm_deg,10,34,0.298884600474914,59,16,128,104.98214461743166,/Users/john.pacino/openflight_sessions/iwr6843/iwr6843_20260809_113930_522_011.l3dump
73,9Iron,iq16_32,18.82699999999999,16.69888522914725,16.69888522914725,-1.9545707310314566,accepted,channel_four4_path_tdm_deg,6,24,0.3504037044903497,35,16,128,104.98214461743166,/Users/john.pacino/openflight_sessions/iwr6843/iwr6843_20260809_113930_522_011.l3dump
73,9Iron,iq8_32,18.82699999999999,,,,rejected_track_quality,,0,0,0.4020558861485505,33,16,128,104.98214461743166,/Users/john.pacino/openflight_sessions/iwr6843/iwr6843_20260809_113930_522_011.l3dump
74,9Iron,iq16_53,19.51499999999999,31.994587773892043,16.23404311409939,31.994587773892043,accepted,channel_two8_deg,10,36,0.25311287030596386,71,16,256,110.37889889941407,/Users/john.pacino/openflight_sessions/iwr6843/iwr6843_20260809_113948_990_012.l3dump
74,9Iron,iq8_53,19.51499999999999,32.128140073889554,20.196441630300868,32.128140073889554,accepted,channel_two8_deg,10,37,0.2532906397365472,70,16,256,110.37889889941407,/Users/john.pacino/openflight_sessions/iwr6843/iwr6843_20260809_113948_990_012.l3dump
74,9Iron,iq16_32,19.51499999999999,34.24812120495929,18.53206888473279,34.24812120495929,accepted,channel_two8_deg,7,22,0.19438225986766694,33,16,256,110.37889889941407,/Users/john.pacino/openflight_sessions/iwr6843/iwr6843_20260809_113948_990_012.l3dump
74,9Iron,iq8_32,19.51499999999999,34.63638176984701,19.121836242719723,34.63638176984701,accepted,channel_two8_deg,7,22,0.16681098164969033,31,16,256,110.37889889941407,/Users/john.pacino/openflight_sessions/iwr6843/iwr6843_20260809_113948_990_012.l3dump
75,9Iron,iq16_53,23.20599999999999,22.254627470498477,22.254627470498477,-5.0,accepted,channel_four4_path_tdm_deg,9,31,0.3232361605644412,41,32,128,105.6949234848633,/Users/john.pacino/openflight_sessions/iwr6843/iwr6843_20260809_114009_851_013.l3dump
75,9Iron,iq8_53,23.20599999999999,22.477731591109045,22.477731591109045,-5.0,accepted,channel_four4_path_tdm_deg,9,31,0.3125079740922672,39,32,128,105.6949234848633,/Users/john.pacino/openflight_sessions/iwr6843/iwr6843_20260809_114009_851_013.l3dump
75,9Iron,iq16_32,23.20599999999999,,,,rejected_track_quality,,0,0,0.3162908001198068,22,32,128,105.6949234848633,/Users/john.pacino/openflight_sessions/iwr6843/iwr6843_20260809_114009_851_013.l3dump
75,9Iron,iq8_32,23.20599999999999,,,,rejected_track_quality,,0,0,0.3149623285622257,22,32,128,105.6949234848633,/Users/john.pacino/openflight_sessions/iwr6843/iwr6843_20260809_114009_851_013.l3dump
76,9Iron,iq16_53,19.06699999999998,17.11497783805421,17.212788979987405,17.017166696121016,accepted,channel_two8_deg;channel_four4_path_tdm_deg,13,51,0.2959186216299245,63,32,128,100.50182030786134,/Users/john.pacino/openflight_sessions/iwr6843/iwr6843_20260809_114029_936_014.l3dump
76,9Iron,iq8_53,19.06699999999998,17.382774440675597,17.490640771342484,17.27490811000871,accepted,channel_two8_deg;channel_four4_path_tdm_deg,13,48,0.28236682243515715,63,32,128,100.50182030786134,/Users/john.pacino/openflight_sessions/iwr6843/iwr6843_20260809_114029_936_014.l3dump
76,9Iron,iq16_32,19.06699999999998,,,,rejected_track_quality,,0,0,0.2945375100618783,45,32,128,100.50182030786134,/Users/john.pacino/openflight_sessions/iwr6843/iwr6843_20260809_114029_936_014.l3dump
76,9Iron,iq8_32,19.06699999999998,,,,rejected_track_quality,,0,0,0.2950466430742934,45,32,128,100.50182030786134,/Users/john.pacino/openflight_sessions/iwr6843/iwr6843_20260809_114029_936_014.l3dump
77,9Iron,iq16_53,18.83999999999998,33.20498609751451,16.39252129401484,33.20498609751451,accepted,channel_two8_deg,9,33,0.2754230335511683,64,16,128,108.34238784960938,/Users/john.pacino/openflight_sessions/iwr6843/iwr6843_20260809_114048_395_015.l3dump
77,9Iron,iq8_53,18.83999999999998,33.58531039572125,14.992972346640187,33.58531039572125,accepted,channel_two8_deg,9,33,0.26341330808074104,64,16,128,108.34238784960938,/Users/john.pacino/openflight_sessions/iwr6843/iwr6843_20260809_114048_395_015.l3dump
77,9Iron,iq16_32,18.83999999999998,,,,rejected_track_quality,,0,0,0.325807623684266,36,16,128,108.34238784960938,/Users/john.pacino/openflight_sessions/iwr6843/iwr6843_20260809_114048_395_015.l3dump
77,9Iron,iq8_32,18.83999999999998,,,,rejected_track_quality,,0,0,0.30536844879739106,35,16,128,108.34238784960938,/Users/john.pacino/openflight_sessions/iwr6843/iwr6843_20260809_114048_395_015.l3dump
78,9Iron,iq16_53,18.435999999999996,15.905701850754879,15.905701850754879,-1.3483220256985617,accepted,channel_four4_path_tdm_deg,10,33,0.27187816083394795,62,32,128,105.08397016992188,/Users/john.pacino/openflight_sessions/iwr6843/iwr6843_20260809_114106_681_016.l3dump
78,9Iron,iq8_53,18.435999999999996,16.853915440386974,16.853915440386974,-1.5572085813264314,accepted,channel_four4_path_tdm_deg,9,34,0.3183543755917832,63,32,128,105.08397016992188,/Users/john.pacino/openflight_sessions/iwr6843/iwr6843_20260809_114106_681_016.l3dump
78,9Iron,iq16_32,18.435999999999996,,,,rejected_track_quality,,0,0,0.336532483680127,32,32,128,105.08397016992188,/Users/john.pacino/openflight_sessions/iwr6843/iwr6843_20260809_114106_681_016.l3dump
78,9Iron,iq8_32,18.435999999999996,,,,rejected_track_quality,,0,0,0.34084435928623585,31,32,128,105.08397016992188,/Users/john.pacino/openflight_sessions/iwr6843/iwr6843_20260809_114106_681_016.l3dump
79,9Iron,iq16_53,18.220999999999986,31.45301904871698,16.008792047636902,31.45301904871698,accepted,channel_two8_deg,10,35,0.21041322291552847,72,32,128,111.29532887182619,/Users/john.pacino/openflight_sessions/iwr6843/iwr6843_20260809_114125_814_017.l3dump
79,9Iron,iq8_53,18.220999999999986,31.19852102445382,15.656469790102744,31.19852102445382,accepted,channel_two8_deg,10,34,0.21204306455226388,71,32,128,111.29532887182619,/Users/john.pacino/openflight_sessions/iwr6843/iwr6843_20260809_114125_814_017.l3dump
79,9Iron,iq16_32,18.220999999999986,,,,rejected_track_quality,,0,0,0.23398089514416476,34,32,128,111.29532887182619,/Users/john.pacino/openflight_sessions/iwr6843/iwr6843_20260809_114125_814_017.l3dump
79,9Iron,iq8_32,18.220999999999986,,,,rejected_track_quality,,0,0,0.23223721497453537,34,32,128,111.29532887182619,/Users/john.pacino/openflight_sessions/iwr6843/iwr6843_20260809_114125_814_017.l3dump
80,9Iron,iq16_53,17.821999999999996,31.85504033972686,16.506401637484924,31.85504033972686,accepted,channel_two8_deg,10,36,0.22952423966023366,60,32,128,109.66612003198243,/Users/john.pacino/openflight_sessions/iwr6843/iwr6843_20260809_114142_992_018.l3dump
80,9Iron,iq8_53,17.821999999999996,31.853455354465414,14.02400430077196,31.853455354465414,accepted,channel_two8_deg,9,33,0.22852435890835984,60,32,128,109.66612003198243,/Users/john.pacino/openflight_sessions/iwr6843/iwr6843_20260809_114142_992_018.l3dump
80,9Iron,iq16_32,17.821999999999996,,,,rejected_track_quality,,0,0,0.3378956291222374,28,32,128,109.66612003198243,/Users/john.pacino/openflight_sessions/iwr6843/iwr6843_20260809_114142_992_018.l3dump
80,9Iron,iq8_32,17.821999999999996,,,,rejected_track_quality,,0,0,0.3386429715180672,28,32,128,109.66612003198243,/Users/john.pacino/openflight_sessions/iwr6843/iwr6843_20260809_114142_992_018.l3dump
81,9Iron,iq16_53,21.593999999999998,19.245061750383396,19.245061750383396,-1.5827734140858978,accepted,channel_four4_path_tdm_deg,10,38,0.2572993045497539,58,16,128,104.37119130249025,/Users/john.pacino/openflight_sessions/iwr6843/iwr6843_20260809_114203_200_019.l3dump
81,9Iron,iq8_53,21.593999999999998,18.523434442796372,18.523434442796372,-1.583053871101309,accepted,channel_four4_path_tdm_deg,10,38,0.2574083814123591,59,16,128,104.37119130249025,/Users/john.pacino/openflight_sessions/iwr6843/iwr6843_20260809_114203_200_019.l3dump
81,9Iron,iq16_32,21.593999999999998,,,,rejected_track_quality,,0,0,0.3879799663177061,33,16,128,104.37119130249025,/Users/john.pacino/openflight_sessions/iwr6843/iwr6843_20260809_114203_200_019.l3dump
81,9Iron,iq8_32,21.593999999999998,,,,rejected_track_quality,,0,0,0.3882358270204722,33,16,128,104.37119130249025,/Users/john.pacino/openflight_sessions/iwr6843/iwr6843_20260809_114203_200_019.l3dump
82,9Iron,iq16_53,18.13100000000001,16.781072225956166,17.27796138438686,16.284183067525472,accepted,channel_two8_deg;channel_four4_path_tdm_deg,12,44,0.26651687027009835,62,16,128,97.85435594311525,/Users/john.pacino/openflight_sessions/iwr6843/iwr6843_20260809_114220_561_020.l3dump
82,9Iron,iq8_53,18.13100000000001,17.063068849449845,17.83561196241996,16.29052573647973,accepted,channel_two8_deg;channel_four4_path_tdm_deg,11,43,0.2710781927033637,62,16,128,97.85435594311525,/Users/john.pacino/openflight_sessions/iwr6843/iwr6843_20260809_114220_561_020.l3dump
82,9Iron,iq16_32,18.13100000000001,16.247214214780925,16.86207363190596,15.632354797655887,accepted,channel_two8_deg;channel_four4_path_tdm_deg,9,34,0.27728021778640294,47,16,128,97.85435594311525,/Users/john.pacino/openflight_sessions/iwr6843/iwr6843_20260809_114220_561_020.l3dump
82,9Iron,iq8_32,18.13100000000001,16.239932436483755,17.168983780955674,15.310881092011838,accepted,channel_two8_deg;channel_four4_path_tdm_deg,9,34,0.284204855729437,47,16,128,97.85435594311525,/Users/john.pacino/openflight_sessions/iwr6843/iwr6843_20260809_114220_561_020.l3dump
83,9Iron,iq16_53,18.48299999999998,17.49413569115166,16.851560306451788,18.13671107585153,accepted,channel_two8_deg;channel_four4_path_tdm_deg,13,47,0.3087681079098434,66,32,128,99.99269254541016,/Users/john.pacino/openflight_sessions/iwr6843/iwr6843_20260809_114237_390_021.l3dump
83,9Iron,iq8_53,18.48299999999998,17.1143005169044,16.06221441972492,18.166386614083883,accepted,channel_two8_deg;channel_four4_path_tdm_deg,13,47,0.3097969153931367,66,32,128,99.99269254541016,/Users/john.pacino/openflight_sessions/iwr6843/iwr6843_20260809_114237_390_021.l3dump
83,9Iron,iq16_32,18.48299999999998,18.011774079764535,18.68790422285236,17.33564393667671,accepted,channel_two8_deg;channel_four4_path_tdm_deg,9,33,0.3447122601307973,44,32,128,99.99269254541016,/Users/john.pacino/openflight_sessions/iwr6843/iwr6843_20260809_114237_390_021.l3dump
83,9Iron,iq8_32,18.48299999999998,16.792308351575265,16.19420715617203,17.390409546978503,accepted,channel_two8_deg;channel_four4_path_tdm_deg,9,33,0.34548781599077016,44,32,128,99.99269254541016,/Users/john.pacino/openflight_sessions/iwr6843/iwr6843_20260809_114237_390_021.l3dump
84,9Iron,iq16_53,18.932999999999993,18.067916596005926,18.067916596005926,-1.3279797289705226,accepted,channel_four4_path_tdm_deg,13,41,0.23631975583892723,58,16,128,105.28762127490235,/Users/john.pacino/openflight_sessions/iwr6843/iwr6843_20260809_114252_872_022.l3dump
84,9Iron,iq8_53,18.932999999999993,17.19028012376077,17.19028012376077,-1.2961606246960435,accepted,channel_four4_path_tdm_deg,12,40,0.24712647461746987,58,16,128,105.28762127490235,/Users/john.pacino/openflight_sessions/iwr6843/iwr6843_20260809_114252_872_022.l3dump
84,9Iron,iq16_32,18.932999999999993,,,,rejected_track_quality,,0,0,0.20727942132458038,28,16,128,105.28762127490235,/Users/john.pacino/openflight_sessions/iwr6843/iwr6843_20260809_114252_872_022.l3dump
84,9Iron,iq8_32,18.932999999999993,,,,rejected_track_quality,,0,0,0.23056932882916872,28,16,128,105.28762127490235,/Users/john.pacino/openflight_sessions/iwr6843/iwr6843_20260809_114252_872_022.l3dump
85,9Iron,iq16_53,20.15499999999999,19.47796056429857,19.47796056429857,-1.4805074065976467,accepted,channel_four4_path_tdm_deg,11,40,0.2426063362012399,68,16,128,104.88031906494142,/Users/john.pacino/openflight_sessions/iwr6843/iwr6843_20260809_114307_552_023.l3dump
85,9Iron,iq8_53,20.15499999999999,19.231929889603265,19.231929889603265,-1.4704108088316223,accepted,channel_four4_path_tdm_deg,11,40,0.2667771167891799,69,16,128,104.88031906494142,/Users/john.pacino/openflight_sessions/iwr6843/iwr6843_20260809_114307_552_023.l3dump
85,9Iron,iq16_32,20.15499999999999,16.520114289181322,16.520114289181322,-1.6453760006983733,accepted,channel_four4_path_tdm_deg,7,23,0.3001017676543564,46,16,128,104.88031906494142,/Users/john.pacino/openflight_sessions/iwr6843/iwr6843_20260809_114307_552_023.l3dump
85,9Iron,iq8_32,20.15499999999999,16.216263316240166,16.216263316240166,-1.6258678107548352,accepted,channel_four4_path_tdm_deg,7,23,0.2681667339677598,44,16,128,104.88031906494142,/Users/john.pacino/openflight_sessions/iwr6843/iwr6843_20260809_114307_552_023.l3dump
86,9Iron,iq16_53,18.308000000000007,28.88005217563667,20.527573796067678,28.88005217563667,accepted,channel_two8_deg,10,33,0.19318642911448003,58,32,128,112.00810773925782,/Users/john.pacino/openflight_sessions/iwr6843/iwr6843_20260809_114332_680_024.l3dump
86,9Iron,iq8_53,18.308000000000007,28.789227198162724,20.47471330097963,28.789227198162724,accepted,channel_two8_deg,10,31,0.19347769692900346,58,32,128,112.00810773925782,/Users/john.pacino/openflight_sessions/iwr6843/iwr6843_20260809_114332_680_024.l3dump
86,9Iron,iq16_32,18.308000000000007,,,,rejected_track_quality,,0,0,0.18201204844077115,32,32,128,112.00810773925782,/Users/john.pacino/openflight_sessions/iwr6843/iwr6843_20260809_114332_680_024.l3dump
86,9Iron,iq8_32,18.308000000000007,,,,rejected_track_quality,,0,0,0.1812139527434876,33,32,128,112.00810773925782,/Users/john.pacino/openflight_sessions/iwr6843/iwr6843_20260809_114332_680_024.l3dump
87,7Iron,iq16_53,15.797999999999995,20.487327448529708,19.96645301213514,21.008201884924276,accepted,channel_two8_deg;channel_four4_path_tdm_deg,7,26,0.22659502375915078,62,32,128,116.0811298388672,/Users/john.pacino/openflight_sessions/iwr6843/iwr6843_20260809_114407_119_025.l3dump
87,7Iron,iq8_53,15.797999999999995,19.586550407753442,19.274107036235872,19.89899377927101,accepted,channel_two8_deg;channel_four4_path_tdm_deg,7,25,0.22138784751617346,60,32,128,116.0811298388672,/Users/john.pacino/openflight_sessions/iwr6843/iwr6843_20260809_114407_119_025.l3dump
87,7Iron,iq16_32,15.797999999999995,,,,rejected_track_quality,,0,0,0.23083755776700932,33,32,128,116.0811298388672,/Users/john.pacino/openflight_sessions/iwr6843/iwr6843_20260809_114407_119_025.l3dump
87,7Iron,iq8_32,15.797999999999995,,,,rejected_track_quality,,0,0,0.2287628973826858,33,32,128,116.0811298388672,/Users/john.pacino/openflight_sessions/iwr6843/iwr6843_20260809_114407_119_025.l3dump
88,7Iron,iq16_53,17.067000000000004,17.261656009127535,17.65945753629255,16.86385448196252,accepted,channel_two8_deg;channel_four4_path_tdm_deg,9,29,0.2583251628188612,44,32,256,114.55374655151368,/Users/john.pacino/openflight_sessions/iwr6843/iwr6843_20260809_114425_456_026.l3dump
88,7Iron,iq8_53,17.067000000000004,22.40937028636275,19.09447527508215,25.72426529764335,accepted,channel_two8_deg;channel_four4_path_tdm_deg,8,27,0.31111784542309384,46,32,256,114.55374655151368,/Users/john.pacino/openflight_sessions/iwr6843/iwr6843_20260809_114425_456_026.l3dump
88,7Iron,iq16_32,17.067000000000004,,,,rejected_track_quality,,0,0,0.2166600131484316,30,32,256,114.55374655151368,/Users/john.pacino/openflight_sessions/iwr6843/iwr6843_20260809_114425_456_026.l3dump
88,7Iron,iq8_32,17.067000000000004,,,,rejected_track_quality,,0,0,0.21128496313058653,30,32,256,114.55374655151368,/Users/john.pacino/openflight_sessions/iwr6843/iwr6843_20260809_114425_456_026.l3dump
89,7Iron,iq16_53,12.382000000000001,26.54132287208389,13.472425994081647,26.54132287208389,accepted,channel_two8_deg,10,40,0.265073580962263,83,32,256,110.48072445190431,/Users/john.pacino/openflight_sessions/iwr6843/iwr6843_20260809_114444_514_027.l3dump
89,7Iron,iq8_53,12.382000000000001,26.095480587412652,13.394279175819534,26.095480587412652,accepted,channel_two8_deg,10,40,0.2671059397846605,82,32,256,110.48072445190431,/Users/john.pacino/openflight_sessions/iwr6843/iwr6843_20260809_114444_514_027.l3dump
89,7Iron,iq16_32,12.382000000000001,26.007439685051846,12.393790561738305,26.007439685051846,accepted,channel_two8_deg,8,32,0.2680696728598735,68,32,256,110.48072445190431,/Users/john.pacino/openflight_sessions/iwr6843/iwr6843_20260809_114444_514_027.l3dump
89,7Iron,iq8_32,12.382000000000001,25.236718607098936,12.260285123397123,25.236718607098936,accepted,channel_two8_deg,8,32,0.2712574677176786,67,32,256,110.48072445190431,/Users/john.pacino/openflight_sessions/iwr6843/iwr6843_20260809_114444_514_027.l3dump
90,7Iron,iq16_53,15.15,13.13112179277134,13.13112179277134,-0.9853691860283713,accepted,channel_four4_path_tdm_deg,10,36,0.2705604005929777,67,32,256,104.67666795996095,/Users/john.pacino/openflight_sessions/iwr6843/iwr6843_20260809_114500_163_028.l3dump
90,7Iron,iq8_53,15.15,12.299238837387218,12.299238837387218,-0.8456620212815603,accepted,channel_four4_path_tdm_deg,9,34,0.27158956288866554,67,32,256,104.67666795996095,/Users/john.pacino/openflight_sessions/iwr6843/iwr6843_20260809_114500_163_028.l3dump
90,7Iron,iq16_32,15.15,18.680850019492397,18.680850019492397,-0.6109536127202868,accepted,channel_four4_path_tdm_deg,7,25,0.2493461157851041,46,32,256,104.67666795996095,/Users/john.pacino/openflight_sessions/iwr6843/iwr6843_20260809_114500_163_028.l3dump
90,7Iron,iq8_32,15.15,18.507515270836468,18.507515270836468,0.2901392592707084,accepted,channel_four4_path_tdm_deg,7,25,0.24858079939210073,45,32,256,104.67666795996095,/Users/john.pacino/openflight_sessions/iwr6843/iwr6843_20260809_114500_163_028.l3dump
91,7Iron,iq16_53,14.649999999999995,15.624907498760336,1.9356356056830468,15.624907498760336,accepted,channel_two8_deg,6,22,0.295877433329556,47,32,256,116.28478094384766,/Users/john.pacino/openflight_sessions/iwr6843/iwr6843_20260809_114519_526_029.l3dump
91,7Iron,iq8_53,14.649999999999995,15.407650812025857,13.674870689055163,17.140430934996548,accepted,channel_two8_deg;channel_four4_path_tdm_deg,6,24,0.3110016265762121,63,32,256,116.28478094384766,/Users/john.pacino/openflight_sessions/iwr6843/iwr6843_20260809_114519_526_029.l3dump
91,7Iron,iq16_32,14.649999999999995,,,,rejected_track_quality,,0,0,0.41215596215975747,36,32,256,116.28478094384766,/Users/john.pacino/openflight_sessions/iwr6843/iwr6843_20260809_114519_526_029.l3dump
91,7Iron,iq8_32,14.649999999999995,,,,rejected_track_quality,,0,0,0.4163263406564312,35,32,256,116.28478094384766,/Users/john.pacino/openflight_sessions/iwr6843/iwr6843_20260809_114519_526_029.l3dump
92,7Iron,iq16_53,15.321999999999994,15.875581133502486,15.875581133502486,1.138227553489589,accepted,channel_four4_path_tdm_deg,10,31,0.32633682347003223,44,32,128,107.32413232470704,/Users/john.pacino/openflight_sessions/iwr6843/iwr6843_20260809_114539_230_030.l3dump
92,7Iron,iq8_53,15.321999999999994,15.998916013189008,15.998916013189008,1.791151929946667,accepted,channel_four4_path_tdm_deg,10,32,0.35367089991285294,46,32,128,107.32413232470704,/Users/john.pacino/openflight_sessions/iwr6843/iwr6843_20260809_114539_230_030.l3dump
92,7Iron,iq16_32,15.321999999999994,,,,rejected_track_quality,,0,0,0.3045333790087288,29,32,128,107.32413232470704,/Users/john.pacino/openflight_sessions/iwr6843/iwr6843_20260809_114539_230_030.l3dump
92,7Iron,iq8_32,15.321999999999994,,,,rejected_track_quality,,0,0,0.3189191657794685,30,32,128,107.32413232470704,/Users/john.pacino/openflight_sessions/iwr6843/iwr6843_20260809_114539_230_030.l3dump
93,7Iron,iq16_53,15.319000000000008,21.291222950185137,12.190905958729918,21.291222950185137,accepted,channel_two8_deg,8,24,0.24966615986167917,56,32,256,116.89573425878908,/Users/john.pacino/openflight_sessions/iwr6843/iwr6843_20260809_114555_064_031.l3dump
93,7Iron,iq8_53,15.319000000000008,16.910809368648138,12.965650439612627,20.855968297683646,accepted,channel_two8_deg;channel_four4_path_tdm_deg,7,23,0.2523284323162583,54,32,256,116.89573425878908,/Users/john.pacino/openflight_sessions/iwr6843/iwr6843_20260809_114555_064_031.l3dump
93,7Iron,iq16_32,15.319000000000008,,,,rejected_track_quality,,0,0,0.38325720656348183,42,32,256,116.89573425878908,/Users/john.pacino/openflight_sessions/iwr6843/iwr6843_20260809_114555_064_031.l3dump
93,7Iron,iq8_32,15.319000000000008,19.5411911356412,18.25098515901893,20.83139711226347,accepted,channel_two8_deg;channel_four4_path_tdm_deg,5,16,0.3203717999121843,40,32,256,116.89573425878908,/Users/john.pacino/openflight_sessions/iwr6843/iwr6843_20260809_114555_064_031.l3dump
94,7Iron,iq16_53,15.71399999999999,16.41404503413358,15.5293209997914,17.298769068475757,accepted,channel_two8_deg;channel_four4_path_tdm_deg,7,24,0.3124652519814158,39,32,128,117.71033867871095,/Users/john.pacino/openflight_sessions/iwr6843/iwr6843_20260809_114626_947_032.l3dump
94,7Iron,iq8_53,15.71399999999999,17.52681704371044,17.54102021151697,17.512613875903913,accepted,channel_two8_deg;channel_four4_path_tdm_deg,7,22,0.26415803368166585,38,32,128,117.71033867871095,/Users/john.pacino/openflight_sessions/iwr6843/iwr6843_20260809_114626_947_032.l3dump
94,7Iron,iq16_32,15.71399999999999,,,,rejected_track_quality,,0,0,0.4540013700297306,29,32,128,117.71033867871095,/Users/john.pacino/openflight_sessions/iwr6843/iwr6843_20260809_114626_947_032.l3dump
94,7Iron,iq8_32,15.71399999999999,,,,rejected_track_quality,,0,0,0.35668571931267146,28,32,128,117.71033867871095,/Users/john.pacino/openflight_sessions/iwr6843/iwr6843_20260809_114626_947_032.l3dump
95,7Iron,iq16_53,14.629999999999947,12.346859113503657,12.346859113503657,-0.7446500565720621,accepted,channel_four4_path_tdm_deg,10,34,0.17911459510728586,52,32,128,102.64015691015626,/Users/john.pacino/openflight_sessions/iwr6843/iwr6843_20260809_114642_614_033.l3dump
95,7Iron,iq8_53,14.629999999999947,11.358445942256878,11.358445942256878,-0.5976098860501333,accepted,channel_four4_path_tdm_deg,9,31,0.1791997209768055,51,32,128,102.64015691015626,/Users/john.pacino/openflight_sessions/iwr6843/iwr6843_20260809_114642_614_033.l3dump
95,7Iron,iq16_32,14.629999999999947,,,,rejected_track_quality,,0,0,0.16087060264072564,32,32,128,102.64015691015626,/Users/john.pacino/openflight_sessions/iwr6843/iwr6843_20260809_114642_614_033.l3dump
95,7Iron,iq8_32,14.629999999999947,,,,rejected_track_quality,,0,0,0.16188925036508076,31,32,128,102.64015691015626,/Users/john.pacino/openflight_sessions/iwr6843/iwr6843_20260809_114642_614_033.l3dump
96,7Iron,iq16_53,15.256999999999973,14.353097952966392,14.353097952966392,-1.226668593012105,accepted,channel_four4_path_tdm_deg,9,31,0.30323351304069784,51,16,128,105.18579572241212,/Users/john.pacino/openflight_sessions/iwr6843/iwr6843_20260809_114659_747_034.l3dump
96,7Iron,iq8_53,15.256999999999973,14.97371930789904,14.97371930789904,-1.488477729632855,accepted,channel_four4_path_tdm_deg,9,31,0.33576009097810156,51,16,128,105.18579572241212,/Users/john.pacino/openflight_sessions/iwr6843/iwr6843_20260809_114659_747_034.l3dump
96,7Iron,iq16_32,15.256999999999973,,,,rejected_track_quality,,0,0,0.4191504105625376,39,16,128,105.18579572241212,/Users/john.pacino/openflight_sessions/iwr6843/iwr6843_20260809_114659_747_034.l3dump
96,7Iron,iq8_32,15.256999999999973,,,,rejected_track_quality,,0,0,0.441262325101134,37,16,128,105.18579572241212,/Users/john.pacino/openflight_sessions/iwr6843/iwr6843_20260809_114659_747_034.l3dump
97,7Iron,iq16_53,16.633999999999983,14.384481020225687,14.384481020225687,-1.5547336187858845,accepted,channel_four4_path_tdm_deg,9,32,0.21443384565749696,55,16,256,104.37119130249025,/Users/john.pacino/openflight_sessions/iwr6843/iwr6843_20260809_114718_204_035.l3dump
97,7Iron,iq8_53,16.633999999999983,16.00913230092581,16.00913230092581,-1.6299912064286972,accepted,channel_four4_path_tdm_deg,9,32,0.22355468614188992,57,16,256,104.37119130249025,/Users/john.pacino/openflight_sessions/iwr6843/iwr6843_20260809_114718_204_035.l3dump
97,7Iron,iq16_32,16.633999999999983,13.137372250903644,13.137372250903644,-1.782662869568385,accepted,channel_four4_path_tdm_deg,7,20,0.18635309738890163,36,16,256,104.37119130249025,/Users/john.pacino/openflight_sessions/iwr6843/iwr6843_20260809_114718_204_035.l3dump
97,7Iron,iq8_32,16.633999999999983,16.53310625457443,16.53310625457443,-1.9049051968985762,accepted,channel_four4_path_tdm_deg,7,20,0.1953057517566601,37,16,256,104.37119130249025,/Users/john.pacino/openflight_sessions/iwr6843/iwr6843_20260809_114718_204_035.l3dump
98,7Iron,iq16_53,14.661999999999976,15.604192350720913,15.604192350720913,-0.8588425139459319,accepted,channel_four4_path_tdm_deg,11,37,0.2624478004557617,61,32,128,104.57484240747071,/Users/john.pacino/openflight_sessions/iwr6843/iwr6843_20260809_114733_718_036.l3dump
98,7Iron,iq8_53,14.661999999999976,14.384748070329023,14.384748070329023,-0.8234505817937847,accepted,channel_four4_path_tdm_deg,11,34,0.26007274179197987,61,32,128,104.57484240747071,/Users/john.pacino/openflight_sessions/iwr6843/iwr6843_20260809_114733_718_036.l3dump
98,7Iron,iq16_32,14.661999999999976,14.78572847804826,14.78572847804826,0.19366041093262468,accepted,channel_four4_path_tdm_deg,7,24,0.27583688625204694,39,32,128,104.57484240747071,/Users/john.pacino/openflight_sessions/iwr6843/iwr6843_20260809_114733_718_036.l3dump
98,7Iron,iq8_32,14.661999999999976,13.626588181981948,13.626588181981948,0.2618647255822724,accepted,channel_four4_path_tdm_deg,7,24,0.27355331988202547,39,32,128,104.57484240747071,/Users/john.pacino/openflight_sessions/iwr6843/iwr6843_20260809_114733_718_036.l3dump
99,7Iron,iq16_53,12.329,18.470631703420317,15.276970683469298,21.664292723371336,accepted,channel_two8_deg;channel_four4_path_tdm_deg,11,38,0.30182817917262417,73,32,256,112.8227121591797,/Users/john.pacino/openflight_sessions/iwr6843/iwr6843_20260809_114751_777_037.l3dump
99,7Iron,iq8_53,12.329,18.559268890893648,14.88893342400367,22.22960435778363,accepted,channel_two8_deg;channel_four4_path_tdm_deg,11,35,0.28609499176992975,73,32,256,112.8227121591797,/Users/john.pacino/openflight_sessions/iwr6843/iwr6843_20260809_114751_777_037.l3dump
99,7Iron,iq16_32,12.329,,,,rejected_track_quality,,0,0,0.33405666595772127,43,32,256,112.8227121591797,/Users/john.pacino/openflight_sessions/iwr6843/iwr6843_20260809_114751_777_037.l3dump
99,7Iron,iq8_32,12.329,,,,rejected_track_quality,,0,0,0.3289027146696453,42,32,256,112.8227121591797,/Users/john.pacino/openflight_sessions/iwr6843/iwr6843_20260809_114751_777_037.l3dump
100,7Iron,iq16_53,16.244999999999997,29.26615696001002,15.905659015481541,29.26615696001002,accepted,channel_two8_deg,9,31,0.2177059654147575,57,16,256,110.48072445190431,/Users/john.pacino/openflight_sessions/iwr6843/iwr6843_20260809_114810_031_038.l3dump
100,7Iron,iq8_53,16.244999999999997,15.836518138742337,15.836518138742337,29.20612559359806,accepted,channel_four4_path_tdm_deg,9,30,0.2231930893864271,56,16,256,110.48072445190431,/Users/john.pacino/openflight_sessions/iwr6843/iwr6843_20260809_114810_031_038.l3dump
100,7Iron,iq16_32,16.244999999999997,,,,rejected_track_quality,,0,0,0.2374827176525297,32,16,256,110.48072445190431,/Users/john.pacino/openflight_sessions/iwr6843/iwr6843_20260809_114810_031_038.l3dump
100,7Iron,iq8_32,16.244999999999997,,,,rejected_track_quality,,0,0,0.2392234809982394,33,16,256,110.48072445190431,/Users/john.pacino/openflight_sessions/iwr6843/iwr6843_20260809_114810_031_038.l3dump
101,7Iron,iq16_53,14.76499999999999,18.861943427166302,18.861943427166302,8.916108683758797,accepted,channel_four4_path_tdm_deg,8,24,0.315765617703789,42,32,256,108.85151561206055,/Users/john.pacino/openflight_sessions/iwr6843/iwr6843_20260809_114825_615_039.l3dump
101,7Iron,iq8_53,14.76499999999999,17.561857461762465,17.561857461762465,8.597784250593417,accepted,channel_four4_path_tdm_deg,8,24,0.26785196045585974,42,32,256,108.85151561206055,/Users/john.pacino/openflight_sessions/iwr6843/iwr6843_20260809_114825_615_039.l3dump
101,7Iron,iq16_32,14.76499999999999,,,,rejected_track_quality,,0,0,0.1887196782775469,32,32,256,108.85151561206055,/Users/john.pacino/openflight_sessions/iwr6843/iwr6843_20260809_114825_615_039.l3dump
101,7Iron,iq8_32,14.76499999999999,,,,rejected_track_quality,,0,0,0.19134335761251808,32,32,256,108.85151561206055,/Users/john.pacino/openflight_sessions/iwr6843/iwr6843_20260809_114825_615_039.l3dump
102,7Iron,iq16_53,15.913000000000004,14.45966416961388,14.45966416961388,-1.3887942292995974,accepted,channel_four4_path_tdm_deg,11,34,0.24612343131541,47,16,128,101.82555249023439,/Users/john.pacino/openflight_sessions/iwr6843/iwr6843_20260809_114840_825_040.l3dump
102,7Iron,iq8_53,15.913000000000004,15.770116960337228,15.770116960337228,-1.390453497649465,accepted,channel_four4_path_tdm_deg,11,33,0.24996445513525392,46,16,128,101.82555249023439,/Users/john.pacino/openflight_sessions/iwr6843/iwr6843_20260809_114840_825_040.l3dump
102,7Iron,iq16_32,15.913000000000004,,,,rejected_track_quality,,0,0,0.3004414460568353,32,16,128,101.82555249023439,/Users/john.pacino/openflight_sessions/iwr6843/iwr6843_20260809_114840_825_040.l3dump
102,7Iron,iq8_32,15.913000000000004,,,,rejected_track_quality,,0,0,0.30194188250462844,32,16,128,101.82555249023439,/Users/john.pacino/openflight_sessions/iwr6843/iwr6843_20260809_114840_825_040.l3dump
103,7Iron,iq16_53,19.524999999999995,18.442720668590407,18.442720668590407,-1.478002569656364,accepted,channel_four4_path_tdm_deg,10,33,0.3637285863551885,53,32,128,105.38944682739259,/Users/john.pacino/openflight_sessions/iwr6843/iwr6843_20260809_114853_678_041.l3dump
103,7Iron,iq8_53,19.524999999999995,19.324931629544263,19.324931629544263,-1.365330962691835,accepted,channel_four4_path_tdm_deg,10,31,0.4057067887166451,52,32,128,105.38944682739259,/Users/john.pacino/openflight_sessions/iwr6843/iwr6843_20260809_114853_678_041.l3dump
103,7Iron,iq16_32,19.524999999999995,,,,rejected_track_quality,,0,0,0.26780707245953794,24,32,128,105.38944682739259,/Users/john.pacino/openflight_sessions/iwr6843/iwr6843_20260809_114853_678_041.l3dump
103,7Iron,iq8_32,19.524999999999995,,,,rejected_track_quality,,0,0,0.267855411631789,24,32,128,105.38944682739259,/Users/john.pacino/openflight_sessions/iwr6843/iwr6843_20260809_114853_678_041.l3dump
104,7Iron,iq16_53,15.07599999999998,15.023683449473012,15.023683449473012,-0.6570651856620301,accepted,channel_four4_path_tdm_deg,9,32,0.3059963731030493,66,32,256,106.40770235229493,/Users/john.pacino/openflight_sessions/iwr6843/iwr6843_20260809_114907_277_042.l3dump
104,7Iron,iq8_53,15.07599999999998,15.763059115583982,15.763059115583982,-0.5350295139032871,accepted,channel_four4_path_tdm_deg,9,31,0.3037717638029094,68,32,256,106.40770235229493,/Users/john.pacino/openflight_sessions/iwr6843/iwr6843_20260809_114907_277_042.l3dump
104,7Iron,iq16_32,15.07599999999998,,,,rejected_track_quality,,0,0,0.2275169674083921,27,32,256,106.40770235229493,/Users/john.pacino/openflight_sessions/iwr6843/iwr6843_20260809_114907_277_042.l3dump
104,7Iron,iq8_32,15.07599999999998,,,,rejected_track_quality,,0,0,0.2239783428049438,28,32,256,106.40770235229493,/Users/john.pacino/openflight_sessions/iwr6843/iwr6843_20260809_114907_277_042.l3dump
