club,variant,model,accepted,total,coverage_pct,mae_deg,bias_deg,p50_deg,p75_deg,p90_deg
9Iron,iq16_53,selected,41,41,100.0,4.296816379383328,2.4906283087371883,1.5628019913025177,3.037893629886174,14.033040339726863
9Iron,iq16_53,four4_path_tdm,41,41,100.0,1.4397489302758544,-1.3006634169595317,1.1507718431056233,2.1642158817052177,2.4474787059851373
9Iron,iq16_53,two8,41,41,100.0,15.989457063789127,-5.977458654389514,18.177129961401487,21.71426289247438,23.176773414085897
9Iron,iq8_53,selected,41,41,100.0,4.007531030617158,2.1550677066959616,1.684225559324382,3.0030887204812373,13.027355215237183
9Iron,iq8_53,four4_path_tdm,41,41,100.0,1.509877749709079,-1.2098321668925736,1.5763592286574948,2.166713300979623,3.0705655572036257
9Iron,iq8_53,two8,41,41,100.0,16.073921534952483,-6.888684807023186,19.409152446269786,21.693961861502586,23.177053871101307
9Iron,iq16_32,selected,23,41,56.09756097560975,4.314760026798337,1.181219463931629,2.12811477085274,3.657405987187923,14.161478027535981
9Iron,iq16_32,four4_path_tdm,23,41,56.09756097560975,2.212883633966669,-1.8876543457845765,1.8893188046793945,3.0221591072912073,3.9013261142748634
9Iron,iq16_32,two8,23,41,56.09756097560975,13.794022674553991,-3.7324079247657873,17.928722575772035,21.527279752104217,22.074777781400325
9Iron,iq8_32,selected,21,41,51.21951219512195,3.566051927864052,-0.07253915320705741,2.1178903131045423,3.9387366837598243,5.354943833035829
9Iron,iq8_32,four4_path_tdm,21,41,51.21951219512195,2.1453954296611486,-1.8523946328434466,2.1178903131045423,2.9189688371179887,4.215967134883435
9Iron,iq8_32,two8,21,41,51.21951219512195,14.215889918980858,-3.1280917922432345,18.48399399746555,21.780867810754827,22.118236948407596
7Iron,iq16_53,selected,18,18,100.0,3.4160755122497655,2.300145308599154,1.7361070188073917,4.541231443188863,8.205489280397233
7Iron,iq16_53,four4_path_tdm,18,18,100.0,2.2667707994743314,-0.6676570064334009,1.2718809122338843,2.7817632342260454,4.118396302656962
7Iron,iq16_53,two8,18,18,100.0,11.457489399531225,-5.873281181996696,14.171547659297147,16.03479318593678,17.567876046145482
7Iron,iq8_53,selected,18,18,100.0,2.525384933328917,1.6299239541535748,1.174730090336996,3.1663558339604974,5.608739867722019
7Iron,iq8_53,four4_path_tdm,18,18,100.0,1.4695152998391103,0.20422333496018918,0.9937042433821821,2.5082874580995966,2.976999031151869
7Iron,iq8_53,two8,18,18,100.0,11.910030663510232,-5.336754805255476,13.622164328732989,15.899503894436988,17.591614810283232
7Iron,iq16_32,selected,4,18,22.22222222222222,5.194161482922217,3.445847608374047,3.5137388842943675,6.054497435882258,10.597062785384011
7Iron,iq16_32,four4_path_tdm,4,18,22.22222222222222,1.7907492020938305,0.04243532754566104,1.8101781135723112,3.505183316695353,3.520583338373579
7Iron,iq16_32,two8,4,18,22.22222222222222,15.567848939101964,-8.755129096576042,15.11464660089382,16.424880926932307,17.619950092513943
7Iron,iq8_32,selected,5,18,27.77777777777778,4.314146115404034,3.859623890026603,3.3575152708364673,4.222191135641191,9.401707618515838
7Iron,iq8_32,four4_path_tdm,5,18,27.77777777777778,1.5095041739803698,1.0062959979617865,1.0354118180180283,2.9319851590189234,3.18730322610945
7Iron,iq8_32,two8,5,18,27.77777777777778,13.233203386281591,-5.886357098536631,14.400135274417703,14.859860740729292,17.06728741443085
all,iq16_53,selected,59,59,100.0,4.028115775851055,2.4325148510679577,1.5628019913025177,4.393135437848013,13.392223306918968
all,iq16_53,four4_path_tdm,59,59,100.0,1.6920606869804746,-1.1075428171380004,1.1507718431056233,2.2345463879209833,2.9839953550294562
all,iq16_53,two8,59,59,100.0,14.606822861134173,-5.9456756967103495,15.908946098531572,21.029098781897446,22.434403271931625
all,iq8_53,selected,59,59,100.0,3.5553508653427794,1.9948543584626914,1.592762946595748,3.0368271388424315,12.987487862610505
all,iq8_53,four4_path_tdm,59,59,100.0,1.4975637819521397,-0.7784254036154595,1.3720761115787887,2.377584115091161,3.074481494938859
all,iq8_53,two8,59,59,100.0,14.803581947054846,-6.415214636992358,15.877965778882576,21.15859464797492,22.412123270457368
all,iq16_32,selected,27,59,45.76271186440678,4.445041724001874,1.5167199297749503,2.566925956970916,3.657405987187923,14.068512293014829
all,iq16_32,four4_path_tdm,27,59,45.76271186440678,2.1503451996151375,-1.6017151349208376,1.8893188046793945,3.3214374851025985,3.790626188916021
all,iq16_32,two8,27,59,45.76271186440678,14.056811750783323,-4.476514765033974,17.66208791246973,21.017877117270757,21.95791263458886
all,iq8_32,selected,26,59,44.067796610169495,3.709916194698664,0.6836460474148003,2.2594514777731707,4.146659522102532,9.104831220067382
all,iq8_32,four4_path_tdm,26,59,44.067796610169495,2.0231086497225372,-1.3026464346116713,1.9615868619685006,2.9287310785436897,4.07735190932163
all,iq8_32,two8,26,59,44.067796610169495,14.026911739615615,-3.658527428068888,16.370498580014175,21.125141211034304,22.025097580054116
