model,train_reference_rad,all_wide_reference_rad,train_coverage,train_n,train_mae,train_bias,train_p50,train_p75,train_p90,holdout_coverage,holdout_n,holdout_mae,holdout_bias,holdout_p50,holdout_p75,holdout_p90,dense_coverage,dense_n,dense_mae,dense_bias,dense_p50,dense_p75,dense_p90,all_wide_fit_coverage,all_wide_fit_n,all_wide_fit_mae,all_wide_fit_bias,all_wide_fit_p50,all_wide_fit_p75,all_wide_fit_p90
combined_frame_equal_8,-0.3583466765086157,-0.3387842085826339,1.0,18,0.8007445552563055,-0.47428950376049145,0.5720901781984172,1.317994197872131,1.7329044957030084,1.0,41,0.958414727319158,0.08651455341938569,0.9021416620373158,1.2629092186044288,2.0610483700321747,1.0,41,2.2982880026482895,-1.114271649539053,0.9245659269660056,1.5566616503907076,2.8906593035637402,1.0,59,0.9019544441295977,0.2724422153972191,0.6535372553068268,1.2634362511221728,1.801140288603116
combined_frame_coherent_8,-0.337522084707253,-0.35140563534567426,1.0,18,0.6915358602106773,-0.10628211817064254,0.5349203399823426,1.0098470715778263,1.4017417968493011,1.0,41,0.9939171002406891,0.5003752039465478,0.7538608767602479,1.2798014521479417,1.9858900552193401,1.0,41,2.402907582087511,-0.6707612788155028,1.0532592294792984,1.70510213431744,2.986594964727585,1.0,59,0.8937958217140474,0.061914596665824155,0.6104424432863849,1.3036532583001237,1.8634957987522889
neighbor_combined_frame_equal_10,-0.34148309287587303,-0.3470340132650186,1.0,18,0.5953074314228196,-0.09272220602306117,0.4853438701063983,0.9034816264667448,1.146021123207153,1.0,41,1.0195819889006685,0.659602102457793,0.41512620362009944,1.3226071075587802,2.6807557914156663,1.0,41,2.2841942932147954,-1.1800170442007745,0.6714886586807922,1.687204261532571,2.4646860941355606,1.0,59,0.8751615025750715,0.32878007316350044,0.42843015594550504,1.0929093946011732,2.27101588284352
neighbor_combined_frame_coherent_10,-0.3375847348923409,-0.3444192317957223,1.0,18,0.5803922151870714,-0.01936891109715544,0.45832725883584824,0.8668312556995365,1.0605292062388105,1.0,41,1.071589889040107,0.7369209982282761,0.4462837192545639,1.3112669985437488,2.844856136944953,1.0,41,2.252914471849846,-1.0986564533875982,0.7071087926043833,1.1922776639311579,2.381860174474151,1.0,59,0.8960153745261649,0.38146235466265166,0.4335988735863997,1.0250195264399342,2.392243026546728
combined_frame_equal_6,-0.34260590787044803,-0.3432464555557517,1.0,18,0.9490313916595924,0.07200860509918353,0.4940076174035192,1.152386929065821,2.093841184156037,1.0,41,1.1014654814554061,0.5925452033001446,0.8638306893621164,1.607720179347139,2.182181623597203,1.0,41,2.1850716894641993,-0.40215299024797413,1.1730890469878503,2.1710936627804065,3.534362502513052,1.0,59,1.051985762943144,0.42204489771248743,0.6653115383813761,1.5131084547205047,2.2617325775734267
neighbor_combined_frame_coherent_6,-0.35811049739403317,-0.3596518140906694,1.0,18,0.9910652916368424,-0.3359774973494104,0.6679077391708728,1.2197342992886266,2.136402417137208,1.0,41,1.1030645572102808,0.48761864200300126,0.7073245152036466,1.440881810694841,1.880909773561095,1.0,41,2.2690640854279756,-0.8528163881275785,1.0891183716786887,2.2710225830033917,3.4853240355940205,1.0,59,1.0693678315215993,0.20821583298896543,0.6911625369795797,1.3965005613021193,2.0056927899585517
neighbor_combined_frame_equal_6,-0.35495243730021464,-0.3598552823280675,1.0,18,0.9904053780368854,-0.2879243054850947,0.6895008154055953,1.2628831677330918,2.0489639402035333,1.0,41,1.107182771178958,0.535219493443068,0.7708185605161058,1.4802685605700048,1.9123736867591172,1.0,41,2.2624087425003703,-0.758563429442539,1.1432309012843227,2.332940071306143,3.5149288707432755,1.0,59,1.072205674946115,0.19459312932925088,0.6865032368494375,1.4738643435754026,1.996389462199499
combined_frame_coherent_6,-0.3395439410526908,-0.3523913443905232,1.0,18,0.9470974650403332,0.13569102214488624,0.5310373949055831,1.2124654120061047,2.0686875949802515,1.0,41,1.1292529754198413,0.6469918727183764,0.875964302068795,1.6252432690242422,2.178901863325139,1.0,41,2.148293019582427,-0.30586212965497483,1.141821977722572,2.1707878768372524,3.3009889876173175,1.0,59,1.0147341101239022,0.25649103206914914,0.6601525861966502,1.5326664515059507,2.2519969659856076
combined_frame_median_10,-0.3799684377179192,-0.38901332702882174,1.0,18,1.2281151063454354,-0.7800829754904528,0.9122699855802698,1.4643339585904447,2.4079307720553755,1.0,41,1.1614606227310014,-0.37915984645688333,0.9419755544875752,1.7585985306707301,2.4694888648379023,1.0,41,2.81228682138677,-1.6027087841263965,1.0843119091341606,1.826431652047761,2.90027394757478,1.0,59,1.2395450044197989,-0.6665434241128,0.845287524185582,1.8652626629368267,2.5031974573444367
neighbor_combined_frame_equal_8,-0.322747214994687,-0.3631384274490242,1.0,18,0.7698183999518998,0.120817914003787,0.55699048686909,1.3008090725498842,1.3990588484082458,1.0,41,1.1684679131617697,0.8981642750520823,0.9531175025223049,1.2988289170399918,2.2868647276965968,1.0,41,2.55321782064975,-0.5436239463424324,1.327579042760628,1.9264422966777206,3.2845771081713204,1.0,59,0.9530848804137126,-0.0762256687582115,0.5701083086387082,1.3437171481900854,1.997574136527899
neighbor_combined_frame_coherent_8,-0.32380035697883763,-0.3445447822541595,1.0,18,0.7289659636975442,0.09058639740490844,0.522865409765215,1.2040311048036774,1.3739693693408908,1.0,41,1.1827274150750362,0.905415537650476,0.9385451749047815,1.4451167531585203,2.1961616807265796,1.0,41,2.5466377680412418,-0.6085039163633028,1.327068864263329,1.7674274677069608,3.1460008649002438,1.0,59,0.9194180858016437,0.27817437130757816,0.5919249659680044,1.2919702090662684,1.8233645518770187
combined_frame_coherent_10,-0.3164450385668776,-0.34058734940033275,1.0,18,0.7052965473928932,0.30641639202317555,0.5732763330384509,0.8653217964823117,1.1137833582289485,1.0,41,1.1887670237927672,0.9859749325795336,0.8349645478541005,1.5758350856411938,2.3690882361810957,1.0,41,2.2687602649346226,-0.5399870565578689,0.9052699901290575,1.5068717873583366,2.780986112034052,1.0,59,0.8939052454984118,0.33809242614510526,0.6105566339393877,1.0199981583342503,1.7700334745193913
combined_frame_equal_10,-0.3114930471726233,-0.3444090207056737,1.0,18,0.7345157973684813,0.3897556202527633,0.5561630223231157,0.9064821550165321,1.2508904888313555,1.0,41,1.2192080687797997,1.0564039944939008,0.918255482591446,1.6192614469910183,2.3000297725173664,1.0,41,2.3441802135190124,-0.5489161195393084,0.9978287925278084,1.7704388153295545,2.8882075029507743,1.0,59,0.8693464122280097,0.252345094377431,0.6075623576873086,1.049839782630149,1.4717298143640707
neighbor_combined_frame_coherent_4,-0.36481813799629065,-0.4026146415312739,1.0,18,1.3295919830901861,-0.07326296274393027,0.9059365134974882,1.7686816650591994,2.546338692215575,1.0,41,1.2287865777864455,0.3822721188279168,1.0931354993380307,1.6968695584360027,2.6288711183482545,1.0,41,2.1670258476756117,-0.3906547975580919,1.41562648389447,2.031280832626657,4.215339874194743,1.0,59,1.2749978870708942,-0.4469098387040425,0.9514409786788882,1.8746858758080187,2.6178149775603354
combined_frame_coherent_4,-0.38896853894635225,-0.4081081861887591,1.0,18,1.4250383521138723,-0.4736523105147715,1.145190455057819,1.870843638694411,2.9893444529927886,1.0,41,1.2520136374473478,-0.29505264923762675,0.9849521242856926,1.849970965844952,2.230988813259931,1.0,41,1.9193874610284114,-0.4327891460992934,1.3008419010160264,1.8188363973209114,3.644136070489775,1.0,59,1.3613040173506679,-0.699021592881471,0.9814648405787636,2.0384956910315157,2.7147173859847213
neighbor_combined_frame_equal_5,-0.37533345162115933,-0.37868787696907336,1.0,18,0.9690318477796256,-0.35986794722377424,0.6213015536233424,1.259452765675718,2.152929988560838,1.0,41,1.2558297000496867,0.3148411884511091,0.9617724529690026,1.598003336565827,2.710347611354072,1.0,41,2.103970156934964,-0.79138279448305,0.8868233517276014,2.3508452017954253,4.014558608011846,1.0,59,1.1672728546140774,0.04775286790474509,0.7698561458417283,1.564014811110206,2.5624954104910627
combined_frame_equal_4,-0.3899733487442702,-0.39673065186018935,1.0,18,1.438742825591273,-0.4892517727808665,1.1302449461631248,1.898570166789843,3.014263513321822,1.0,41,1.2749770762202857,-0.3326371591706617,1.055224529426975,1.7951201619470512,2.3251134609752375,1.0,41,1.8588440006565938,-0.5375980985233108,1.1771255639143217,1.8060449495962683,3.067236692913137,1.0,59,1.3383430023380207,-0.5038073984086401,1.0030013351170008,1.8748317225759403,2.6887367877953596
neighbor_combined_weighted_4,-0.38481954315888556,-0.38641272520788056,1.0,18,1.4916980901106323,-0.6687775671482997,1.0255453178042635,2.1372053227517087,3.2654868204862995,1.0,41,1.2807936572150773,-0.19070949244806046,1.079348606815102,1.8821187641311719,2.361351849975007,1.0,41,2.2585181720098273,-1.0107339509263877,1.1320121831390502,2.100881274946114,3.9296450916610555,1.0,59,1.3490211199402462,-0.3656550701872513,1.0332485133211877,2.063552428887594,2.9018385626758194
neighbor_combined_frame_coherent_5,-0.37774983167175685,-0.3724376241740116,1.0,18,0.9970313288283729,-0.39832192213967166,0.6804605831268999,1.3539127112628095,2.167078567060576,1.0,41,1.2893398204968873,0.29432620304,0.958562209146864,1.7732758135030833,2.954126507367688,1.0,41,2.119678236870862,-0.9101465988368763,0.8895304828867752,2.4207758313656322,3.9610889858613394,1.0,59,1.2051335258005986,0.18000701491549598,0.80373349006483,1.6635982866924293,2.812791913096749
combined_frame_equal_5,-0.3389555461263404,-0.37723911224884543,1.0,18,1.028330185111469,0.4533939452426765,0.7017541595039398,1.614289307821715,2.0502906420790623,1.0,41,1.2940790067551993,0.8006244155036181,1.2357748063779312,1.8367767782674935,2.5177668646101643,1.0,41,2.20696404482906,0.02338389319574115,1.3695864894288556,2.312297673672564,3.644333322781389,1.0,59,1.113959562416724,-0.004228712168080944,0.9362490962354911,1.4795564207874885,2.0465287514991903
neighbor_combined_frame_equal_4,-0.353715034998848,-0.4057938555472809,1.0,18,1.3722723873711042,0.11934380730446205,1.0459404973862003,1.7270869434770468,2.665416739056343,1.0,41,1.307061990300894,0.5257808601901177,1.2125254324323214,1.6621153141029492,2.759191578405764,1.0,41,2.157158572685876,-0.1419287553314436,1.625311668583051,1.9846050441158096,4.481804973550359,1.0,59,1.3038893361877713,-0.5492294301228807,0.9498202215649207,1.9368538198387517,2.6176667890059657
combined_frame_coherent_5,-0.3335009806436048,-0.37279841641039735,1.0,18,1.065065375777372,0.5553272482679406,0.7227539019116075,1.7517736269718305,2.0668234134624455,1.0,41,1.3199324199994733,0.902735036084583,1.288214751545997,1.8152412063399468,2.5715244838000983,1.0,41,2.2529184981715575,0.17005337628889874,1.4911035583985472,2.129713979246084,3.5651553167401717,1.0,59,1.093086544521458,0.07930750510120528,0.8810178182829161,1.3729198931307636,2.1119808574574632
combined_frame_median_8,-0.34073193430639714,-0.3650165175136984,1.0,18,1.1774963733581203,0.09911597378258125,0.5767761987267692,1.9970010237191365,2.658163321445751,1.0,41,1.3291222778841583,0.30560047734319545,1.1753614764483844,1.7070887556545922,2.5351308200259997,1.0,41,3.224465185685796,-0.555365226398961,1.779927121352863,2.5159106715423354,3.7687456470378384,1.0,59,1.2720926418849303,-0.20069240089303392,1.0748424863170716,1.7273399132103244,2.4858482934384702
combined_weighted_8,-0.29694375621387237,-0.3229989393457705,1.0,18,0.5846604749434389,0.1200281090958787,0.3386415062591963,0.8408914887241963,1.3030083307982039,1.0,41,1.3557213475499996,1.0997861038640966,0.8944595220447942,1.8761484017556826,2.709222058718269,1.0,41,3.2500263878260234,-0.7642436052184717,1.5351942693806289,2.035310451845921,3.0221326132083135,1.0,59,0.9782405638250742,0.32535894501449514,0.5887331570370159,1.274688038811128,2.017236893037704
neighbor_combined_frame_median_10,-0.31846844220195847,-0.37823894233876626,1.0,18,1.0850113922770204,0.1569141429908247,0.9733088114100408,1.7276363062641453,1.9467628725975823,1.0,41,1.3632587327360264,0.9539687548284059,1.1560369628852445,1.865524140938791,2.647597441983093,1.0,41,3.081345506807397,-0.5907815217191524,1.5874792070374188,2.5487679601603936,3.7530383345439247,1.0,59,1.177869970979478,-0.3800908937643974,0.8758760568873951,1.7026935129318423,2.348373752337357
combined_weighted_4,-0.3965678079332775,-0.3965678079332775,1.0,18,1.5841628414830655,-0.8384610807049726,1.136673439176091,2.3153379607841327,3.650356724811431,1.0,41,1.373332148630096,-0.6222139235796615,1.053339501512033,1.8568109862028008,2.4907202739707106,1.0,41,2.159340840586199,-0.9251855579793773,1.3912306929394997,1.95363975041122,3.592669866214367,1.0,59,1.4376533769581208,-0.6881876325331463,1.053339501512033,2.056962683776793,2.827941800446175
neighbor_combined_frame_median_8,-0.3170401447936343,-0.31268542508968744,1.0,18,1.0900515533278206,0.11665776479822727,0.8231954006820099,1.7065256331076424,2.1989243265485308,1.0,41,1.448532104995671,0.9293792743846551,1.2192513060140202,2.1941336959555997,2.787396258871925,1.0,41,3.143098374251782,-0.28418707696001566,1.9973993312554015,3.1646694535466513,4.162032078547991,1.0,59,1.3647908868663687,0.7609441488938243,0.983903992535365,1.9397567402190963,2.7256104717399054
neighbor_combined_weighted_5,-0.34394251929842545,-0.3413554557129814,1.0,18,1.1249455376717543,-0.05125256642974432,0.8222645787485832,1.7314039844557203,2.259711477807716,1.0,41,1.469369489598363,0.7741185028085179,1.083053804244041,2.3075549971369402,3.174864347188804,1.0,41,2.396165978752397,-0.7218730210038343,1.0186568856543767,1.9658659861607046,4.230164610074234,1.0,59,1.3779210027742481,0.5695541312272874,0.9087497431166905,1.9513930524827532,3.1371065820938395
neighbor_combined_weighted_8,-0.29654075111607214,-0.33346130670926855,1.0,18,0.6924732017879393,0.09922777682463796,0.4131697369507195,1.0712883272363805,1.7652395015089464,1.0,41,1.4951866374627019,1.2261025065354505,1.0740334653268513,1.6988559692938137,2.935158546135428,1.0,41,3.2790765380967293,-0.8470647684326967,1.6431006775043908,2.3585222102016283,3.377115126614708,1.0,59,1.0643862420811274,0.2084184253922945,0.6772333622784212,1.2139162462470234,2.3547827910807055
combined_weighted_10,-0.32900104276693715,-0.3301955920296137,1.0,18,0.7202335700528338,-0.20449307940954514,0.547490886518178,1.2089753361165405,1.4819166154387067,1.0,41,1.504055509859563,0.8300284430345894,0.5408708460952303,2.0731044247944994,3.9504625640041504,1.0,41,2.5924860450671194,-1.591401872593405,0.5908348181563681,1.1552791057498548,2.5558730409723247,1.0,59,1.2638100858516796,0.4926127253593381,0.5266308000422584,1.3972173964408678,2.6311792086096317
combined_weighted_5,-0.31054069268574974,-0.3481559169495013,1.0,18,1.1172387703143032,0.7411123620937744,0.704190372986406,1.5959568577147971,2.3299218135451136,1.0,41,1.5048369925138383,1.230367930967253,1.286113796800749,2.3460733967186385,2.762738080143742,1.0,41,2.710693248282026,0.029490286412158135,1.5173767322948981,2.318533183641133,4.000177617818038,1.0,59,1.1705413697599623,0.3943444247403027,0.9224624152032175,1.4953486830626272,2.302148832656117
combined_frame_median_5,-0.37275167670679304,-0.3300505445560763,1.0,18,1.8478405587535076,0.09821937931584133,1.4815692915099214,2.404686277822301,3.598797565741187,1.0,41,1.5292370234732533,0.05001838599522471,1.3385007492757965,2.0971986676414023,2.7647161601224184,1.0,41,2.8739593920790956,-0.2597370872934129,1.9126310486003497,2.660523699914541,4.526235881216955,1.0,59,1.7284274558362056,0.8446746379241861,1.3490617021887994,2.617315658250437,3.680603225053491
combined_frame_coherent_3,-0.36971325159499463,-0.3891373425636414,1.0,18,1.1693384623175465,0.32704071279266667,0.7608869679099143,1.6672516419516685,2.959783367553831,1.0,41,1.6031865054300585,0.5528675809125493,1.5406974436427436,2.162791226097772,3.1733285563663314,1.0,41,2.026833313025559,0.14432870287429028,1.7493105183141657,2.761880618044755,3.9283913175999183,1.0,59,1.453188055728767,0.1292551587023043,1.09122643290933,2.345655919943841,3.031420984764204
combined_weighted_3,-0.3695855551550731,-0.4103051846520486,1.0,18,1.1805814966350892,0.21545908576765116,0.6754246532100443,1.7193696680836923,2.740325542446205,1.0,41,1.6358707818214855,0.44060099720762125,1.4348431185552515,2.2355440017558457,3.3866911575959127,1.0,41,1.9509275321934263,-0.03352701101445139,0.9425950809073234,2.9771366566719557,4.019333599487348,1.0,59,1.5141624730659815,-0.3716962868991321,1.1855953804496446,2.2736858049857256,2.8589573800446884
combined_frame_equal_3,-0.3680343554481485,-0.3767700747727137,1.0,18,1.1664231380983996,0.3516391473204011,0.7801129521208547,1.5924980033507152,2.976079013393014,1.0,41,1.6752476128603078,0.5733101198937596,1.5062747332375368,2.854069888781332,3.390267917869811,1.0,41,2.2037885156771004,0.06520210080681309,1.7999239742061515,2.960967963406247,4.349812115431799,1.0,59,1.502661766874191,0.34614355685355636,1.1045794120702963,2.136513571096514,3.2857339388814433
neighbor_combined_weighted_10,-0.3224413896725179,-0.3384157426400639,1.0,18,0.5635130003195262,0.03952389538154968,0.22367867141184716,0.6819918443828852,1.4774838899474914,1.0,41,1.7243608678212436,1.044936930992225,0.8169051318097607,2.440454949745855,4.339243962181001,1.0,41,2.6585802520888575,-1.5617519574617467,0.6355969668151845,1.4191860133864056,2.6580068150444145,1.0,59,1.3619409191974245,0.44665095131681526,0.6008106075608874,1.5059064361144012,3.1982447248395087
neighbor_combined_frame_coherent_3,-0.38386647233933935,-0.36251621847883386,1.0,18,1.0656129068205604,-0.021319209609182224,0.734194831866253,1.0701888307764384,2.8499846912493276,1.0,41,1.7624010669132888,0.4240897610474596,1.3639685030130542,2.611381628304189,3.6533700427090983,1.0,41,2.34656590180765,-0.5115248171665712,1.4947395831623922,3.378392881797664,4.287487667684129,1.0,59,1.6001846536770323,0.6781714601265448,1.0947045252113492,2.4621583088328,3.727249760235512
neighbor_combined_weighted_3,-0.3811297651182358,-0.3422837718897066,1.0,18,1.0551022148328522,-0.09767477140275584,0.6403564001190197,1.6169133278373407,2.642019078877735,1.0,41,1.8203155140636504,0.32950265985818766,1.5486173082797214,2.655874092089216,3.902518604093773,1.0,41,2.371535628198659,-0.5741307924881153,1.5907613253808526,3.1032118185559554,4.674916999951123,1.0,59,1.7114883006154904,0.9087796186035664,1.116076520550339,2.5786040799767633,3.5736107458494355
combined_weighted_6,-0.28048911183766395,-0.3375118314669467,1.0,18,1.1655656483679522,0.833076095182133,0.6720143417070545,1.5135889561826197,2.407033842210333,1.0,41,1.8758126691672032,1.6223061221249637,1.584310966657382,2.414339957243752,3.0613802547660494,1.0,41,2.98028429298013,0.07958291336548813,1.6406193811332817,2.9188559506447476,4.25816109247892,1.0,59,1.2015318747429375,0.340520528823853,0.8081772947369803,1.4757007068617236,3.0231711236699446
neighbor_combined_weighted_6,-0.2801309014993245,-0.3554562705666355,1.0,18,1.1070677964899578,0.6797400712857402,0.7379887649513669,1.6728600346965825,1.9976524520051413,1.0,41,1.8946623921235857,1.7463625038617334,1.4384281421336205,2.335829678067938,3.69587187987106,1.0,41,3.0745321998527246,-0.015768876021244438,1.8582668597999894,2.924489780478443,4.418549445630948,1.0,59,1.2641026879502009,0.045725588278700054,0.8392523200110382,1.614475406332069,2.575911928305678
neighbor_combined_frame_equal_3,-0.34829927502006736,-0.37039605153267197,1.0,18,1.0956287433419432,0.6074234168732556,0.7144370893891916,1.2469520013570285,2.924117696812864,1.0,41,1.9093767525949663,1.0058921735390722,1.6669439643273307,3.2068715815137994,4.0201896560369565,1.0,41,2.462553171240607,0.15783288816949237,1.6756941006519197,3.7218898245559653,5.645051259162637,1.0,59,1.5899975089677358,0.48071886838836747,1.0846214490586998,2.581008254425915,3.506663699485024
neighbor_combined_frame_median_6,-0.2865160454678804,-0.3299469486559354,1.0,18,1.8035451663311548,0.7779357120172316,1.332945013961372,3.012395354508164,3.62373097841717,1.0,41,1.9255347717712792,1.8055487356631812,1.8216804751999145,3.1864322742518416,3.843872155403855,1.0,41,3.1621055104702873,0.8015102307486497,2.4884235523573004,3.431103813715456,4.979476434482652,1.0,59,1.584728721329436,0.6986816201298203,1.2442273868660894,2.530287038483107,3.215524168364728
neighbor_combined_frame_median_5,-0.3195693807431256,-0.3195693807431256,1.0,18,1.671764827552343,0.501637854024895,0.8539022274164134,2.662787796792751,4.386486308040002,1.0,41,1.948969557224739,1.288435132246156,1.4696439459067583,2.856952544684463,3.57836204145598,1.0,41,2.952407972328034,0.5107530572513408,2.0573623561942243,3.529655991778844,5.353531602589219,1.0,59,1.864398622748415,1.048395284653229,1.3892635587337847,2.8729501070670924,3.8344434996632515
neighbor_combined_frame_median_4,-0.39358641884264745,-0.39143498510708835,1.0,18,2.3910963616170444,-0.7640895108949933,2.2206009582246233,3.1723393968050786,4.277081901902711,1.0,41,1.9964632487982952,-0.5035808756289287,1.5878873506853757,2.8030142709581494,3.8639659753903515,1.0,41,2.5119161989219254,-0.5886965113800198,1.6391123855677034,3.231565216043778,4.489540989482477,1.0,59,2.112201421320582,-0.5437378007195902,1.6996677836154706,2.870325653644884,4.057605784398086
combined_frame_median_6,-0.2865160454678804,-0.35587044708324855,1.0,18,2.3323667279217717,1.5056240569582349,1.6238886571558955,3.5304630830308548,4.588245440228357,1.0,41,2.012163878465007,1.4919545688202989,2.1872207802926678,2.7300109775180106,3.4880272085749353,1.0,41,3.535620439252481,0.9892263715018456,2.790240487560464,3.7700319201661214,4.915837524053097,1.0,59,1.6766382288019548,0.22938937547000118,1.2849126387891967,2.516783442970954,3.3502302509758017
combined_frame_median_3,-0.35050571530908603,-0.3756319931974901,1.0,18,2.2232335501094704,1.4277918381302834,1.6040145373422616,3.4804591346847427,4.464395063735061,1.0,41,2.1597925754908505,0.7827473714912458,1.852537108656687,3.3338292846227366,3.9259165256544164,1.0,41,3.007567031485175,0.35010821143975224,2.096059421640357,3.7340528747274027,5.7793434245071325,1.0,59,2.036601009640321,0.5203951345107607,1.495789767572452,3.0152905521649194,3.969037342936502
neighbor_combined_frame_median_3,-0.3797892729657001,-0.31887168485774847,1.0,18,1.6760191136605227,-0.12516033633739693,1.2443626389849998,2.6257038563227235,3.3004120890637747,1.0,41,2.1814055998679245,0.13955581096856826,2.0530364220475845,3.057342558971035,3.987669304453855,1.0,41,2.971145100200339,-0.19781793106176424,2.4881916682023757,4.349977243992198,5.460790953973077,1.0,59,2.12658916349421,1.1722647330835392,1.4772363167445361,3.371028344901231,4.310589694351925
combined_frame_median_4,-0.49323082317901595,-0.3444316188655596,1.0,18,2.652924219384204,-1.8806538808227837,1.9278066335427764,3.5250251760679823,6.197069011971794,1.0,41,2.52608655238925,-2.240006647094736,2.540456377558954,4.053794257604053,4.837524142327341,1.0,41,2.8464210613435785,-1.9605000798212202,1.4834249907440806,2.912015364821074,6.323999496938506,1.0,59,2.073624337045884,0.5884919648749327,1.9124215837750578,3.121357623279534,3.8676306784569188
neighbor_tx1_weighted_8,0.19580102330293286,0.2417839049822464,1.0,18,1.3122008927991635,-0.03910008995152698,0.7883437833326341,1.6253112163886154,2.2673117910084097,1.0,41,2.7488003162342323,-1.042522554650759,2.535576547642058,3.957827057037572,5.480611294047871,1.0,41,4.9245761851559795,0.07890120983968613,2.643455613385962,6.62210155207316,8.786254695932964,1.0,59,2.2478361449556736,0.10394418981123901,1.7306837244340367,3.385373595367108,4.573130296056431
neighbor_tx1_frame_median_10,0.24537331302942256,0.24537331302942256,1.0,18,2.157268838425373,1.6216420104672347,1.2832848997084392,3.4246669890032315,4.385741168480603,1.0,41,2.8557563580636782,0.0191403557869735,2.3082539028557445,4.487991077457522,5.832318436704216,1.0,41,5.007706932162015,1.1457065811250366,3.9678365432390517,7.1730981365261774,9.937710164135957,1.0,59,2.6426584707163987,0.508039165689426,1.861458787485251,4.026263525860002,5.588725428599408
neighbor_tx1_frame_equal_8,0.1988657404905535,0.13358759581204854,1.0,18,1.9063558337816444,1.3465690165712856,1.3094525577661587,2.543844119564848,3.311722904407959,1.0,41,2.911826670254321,0.11246473724875103,2.9658417230975873,4.4498867153668735,5.145486124217247,1.0,41,5.206096232950318,0.8173555094860737,3.6894073161862986,7.476276117807576,9.16058006707235,1.0,59,2.716232265191147,-0.7047259886643507,2.0637153992582604,3.758942379047819,5.727365847889542
neighbor_tx1_frame_equal_10,0.18319246716922225,0.15170481557193594,1.0,18,1.6438391532991623,0.20810072582591965,1.2875878603990962,2.4348521916319674,2.75631937416992,1.0,41,2.916319118653951,-1.3122323831661638,2.5516892162481954,4.025703229229086,5.680467217011317,1.0,41,4.623620292419797,-0.4128371085319711,2.991664102880053,5.433878817682622,7.735761483376086,1.0,59,2.7156116537878576,-1.424049643139836,1.9771394717025372,4.0302791555010185,5.651882492605907
neighbor_tx1_weighted_10,0.22795814427020167,0.2970334668811858,1.0,18,1.3904591302186384,-0.4977024465249465,0.9158317567011126,2.148293902454602,3.1469673301580494,1.0,41,2.932647354227177,-2.0386998924740083,2.701929998731988,4.139106948071907,5.995771777351207,1.0,41,4.284386839456748,-0.6420841615744741,2.63921379926154,4.539487072016252,8.200418051187366,1.0,59,2.220098178287393,-0.30653326829731625,1.7067081646824294,3.1136593263545578,4.557855549035198
tx3_frame_equal_3,-0.7635277159879361,-0.7295770937128216,1.0,18,1.0803616051009572,-0.6349325045421323,0.6940325981919129,1.6229068949897436,1.9684071874924598,1.0,41,2.9497858235463377,1.6966368868363402,2.120877379087716,4.347107225885646,5.241866716486365,1.0,41,3.031143090587555,-0.33040943959381097,2.2880637066754463,4.551992951569447,6.750191051590594,1.0,59,2.5007893753958905,1.6056390619708705,1.225494003652408,3.6731858538491116,5.455391409088835
tx1_weighted_8,0.1878260165860584,0.19506381789702856,1.0,18,1.3743463533004423,0.05918023276563714,0.8081303535035979,1.438303055466892,2.309658415324277,1.0,41,2.9698933253618085,-1.1743781177175083,2.857903610535062,3.854726103109222,5.466339563186648,1.0,41,4.87544061989445,0.11956482726129837,2.7926445270884503,5.671986825477674,8.424705648043131,1.0,59,2.4604025787840915,-0.6657563815642631,1.8272758006253473,3.6597968869441195,5.358385958316779
neighbor_tx1_frame_median_8,0.19147912572709674,0.15399437487626494,1.0,18,2.096396330490242,1.4028144094561117,1.1175018760915922,2.781972496367049,4.130662913007127,1.0,41,2.983734805309029,0.2960996438298023,2.244860552810109,4.7946660715908305,6.295935978794298,1.0,41,5.030489225960136,1.1417956897876993,3.7361476838081664,7.245366325185796,9.730622637375449,1.0,59,2.7619774537714794,-0.05205963767740357,1.9963715982119665,3.9330202008936985,5.958559051602584
neighbor_tx1_frame_coherent_8,0.17514369250305017,0.14196189292271832,1.0,18,1.7712659437577096,0.8445679295176223,1.2304979660088815,2.1905505270995866,2.7919880762193374,1.0,41,3.0037295364555754,-0.4457980121852507,2.712019765763597,4.452317304621834,6.030219687494773,1.0,41,5.099769974037828,0.3036216633183613,3.2444801561868557,7.003306090861715,8.692243800409894,1.0,59,2.715917959947432,-0.658892438707936,2.122764332639878,3.8774344562254766,5.603321985437629
tx3_frame_coherent_3,-0.7527320290229891,-0.729402248902335,1.0,18,0.9843461128833072,-0.37808920528428885,0.7152956417315117,1.425781616873046,1.8288631525837729,1.0,41,3.0136265443796453,1.8884052407943848,2.2519642448061106,4.489870778577806,5.629857700605408,1.0,41,3.0057248591186605,-0.056460266402257195,2.336437263436502,4.280341904245972,6.777018232456411,1.0,59,2.498204595007964,1.6232098401416533,1.1875178177143133,4.039429766694813,5.533478481264031
tx3_weighted_3,-0.7510065077237607,-0.7109017005654252,1.0,18,1.0210667231695387,-0.31683962466929,0.6175243218788515,1.4548332246664133,2.2813702812346355,1.0,41,3.0526195927383446,1.9234597144502181,2.0916276187913567,4.394442904295351,6.146951454013847,1.0,41,3.081276494981838,-0.0945898562775638,2.251280673818257,4.216326449905772,7.053168937182366,1.0,59,2.6582358908232275,1.972871638665891,1.3183840008544494,4.3628379870168,5.893634701928643
neighbor_tx1_weighted_6,0.12435065765114145,0.21006674355166552,1.0,18,1.9251114452129494,0.4167971011290394,1.2243568219683694,2.3952182575519196,3.1218818997936375,1.0,41,3.070261982016612,-0.8968576877318248,2.6610140901187864,4.407703516038332,5.690557822374009,1.0,41,5.1891394232349075,-0.3411878148290194,3.6969357750715233,6.551583666927335,8.662849385202275,1.0,59,2.717672881422816,1.0713433424527998,2.1256891425185964,4.115555720737246,5.393694081344327
tx1_frame_equal_10,0.18220543341048537,0.11671127575215666,1.0,18,1.7585443615588678,0.3113355834979272,1.376558006935189,2.5498256773139487,2.884395918109787,1.0,41,3.1032530257390616,-1.3303353642382338,2.9819711691737747,4.467489623031554,5.675956218472706,1.0,41,4.669596830030762,-0.20734845256211726,3.2553582154541343,5.38018558333117,7.664586418660914,1.0,59,3.082245764655095,-2.027115783609957,2.1168199768254023,5.0849335384695244,6.559161151206406
neighbor_tx1_frame_coherent_10,0.16072909475703503,0.16072909475703503,1.0,18,1.7217254780562057,-0.28147031969604286,1.2657705627336324,2.362798954873,3.199630363962208,1.0,41,3.106836337831864,-1.877058498579559,2.257747816590837,4.501198692532504,6.149184334488081,1.0,41,4.6246691590358475,-0.9215887777030948,2.7238921391973117,4.949567306280342,7.519864612123339,1.0,59,2.6842601433240363,-1.3902688846828934,2.005610377872866,3.9769323345200895,5.547122368396109
neighbor_tx1_frame_coherent_6,0.14099892350357052,0.18107194550309624,1.0,18,2.3377950979290145,1.4279733142643667,1.6029455236704342,3.072623098414044,3.718881278475823,1.0,41,3.126288677802899,0.031802946965409716,2.9353016293508167,4.450651382645562,5.901605559050992,1.0,41,5.300837696129214,0.35426514441580675,4.396393106470901,7.341165421222429,9.559519284764361,1.0,59,3.005341517292087,1.1909463918254504,2.201838912736661,4.456635201616979,5.852711680464057
tx1_frame_coherent_10,0.1817816181447292,0.12499988249931818,1.0,18,1.7476104419713925,0.2172117457291603,1.4496130976698056,2.5939208294514002,2.823238317495039,1.0,41,3.154694134108433,-1.4816102483611144,2.865277999225522,4.593121127312506,5.693025312984536,1.0,41,4.657501951868721,-0.27840408418497486,3.302532715507011,5.436285651761346,7.622986874099096,1.0,59,3.0784918339582688,-2.001607489943619,2.1392121362088776,4.908829184600417,6.49015465432162
neighbor_tx1_frame_median_6,0.12119490415189772,0.1540497198488504,1.0,18,2.792564303835628,1.336173618466792,1.9378172805034892,3.3485362945095094,4.424659123397777,1.0,41,3.1595083236030166,0.08330610807669633,2.4946850114283143,5.0298177104391355,6.148329066027792,1.0,41,5.159358460433087,0.6164582211377646,4.753525919385555,6.923569298231599,9.52694704800604,1.0,59,3.05867724357454,1.0670053446951975,2.140880512406742,4.8797058478449085,5.862650028662971
tx1_frame_equal_8,0.1681501778610946,0.07065513382437724,1.0,18,1.8863322257241828,1.0166277501028764,1.1913043419990643,2.633022281659702,3.4212853214003567,1.0,41,3.1954827705454085,-0.4535564045930199,3.708405763528299,4.522895493963712,5.689977221748938,1.0,41,5.056728130347281,0.48093251924640756,3.489776106905828,6.0549272476416585,8.560828546279472,1.0,59,3.2065164107148685,-1.7882248651741695,2.4745514508068487,4.6294832678416,6.733595065199634
tx1_frame_coherent_8,0.16713569746598353,0.08922687321991343,1.0,18,1.8584025489535614,0.9243999598625601,1.2773233339069545,2.6661129970386064,3.272198091994837,1.0,41,3.220441311734225,-0.6022846432021765,3.5811783327505964,4.581204132132664,5.830898192133935,1.0,41,5.052480708899993,0.4240123292450007,3.3470618179822003,6.312870594047797,8.486832921996081,1.0,59,3.1437105573552975,-1.5614048312889561,2.3205095122030897,4.447433623867128,6.8671207350535095
tx1_weighted_10,0.2133331559429908,0.2382899971362056,1.0,18,1.501116326049027,-0.6896333347243679,0.9297967506750633,2.42593581044176,3.7458684930817903,1.0,41,3.245615405842368,-2.279426386223232,2.7456182346257094,4.858100746309411,6.197702161938981,1.0,41,4.336987365508534,-0.711991855136128,2.6542937127826116,4.23255118393119,7.4046287670494735,1.0,59,2.56378677885891,-1.3383099921022625,1.9349993381756014,3.9055384142922867,5.149317831642385
tx1_frame_coherent_6,0.13578591584817934,0.006245806190568137,1.0,18,2.551495728951059,1.6334538126750386,1.646708838425344,3.2646777155857096,4.332947536736695,1.0,41,3.3167218195270376,0.009151469966480714,3.793658934361303,5.148560538067188,5.694927223973284,1.0,41,5.34939720431098,0.54409427343445,4.283052681362927,6.660033359033032,9.507038593160459,1.0,59,3.5051420058269835,-1.8653886624615141,2.6279757714041296,4.864494658060391,7.2029866085013
tx1_frame_equal_6,0.13067199204982935,-0.008862622349479118,1.0,18,2.519625901781089,1.5714089479090358,1.6546936200159434,3.302612264782876,4.259132607745928,1.0,41,3.3240812867549994,0.030295785062932148,3.744386534551649,4.9311928539175645,5.599831770220137,1.0,41,5.3485372152437245,0.4470488160560889,4.445091069136834,6.415567284709152,9.412054769152165,1.0,59,3.53745277414862,-2.0525252439516954,2.554614397118179,4.9981420854549174,7.32391437850068
neighbor_tx3_weighted_3,-0.7555529663728515,-0.727953735994785,1.0,18,1.446460516518047,-0.40177920958363034,0.9609644906825445,2.417764762515532,3.2023639788885747,1.0,41,3.328577467258603,1.8880920510590118,2.802925719060035,4.5633988379646135,6.650896853111339,1.0,41,3.6065700232399966,-0.02884302754626857,2.6126339906100697,5.414870453395565,6.920198149711041,1.0,59,2.845783594447071,1.6940057018747432,2.027329778463616,4.316721252699667,5.959758746483384
neighbor_tx1_frame_median_5,0.07126362510752436,0.1409501377062729,1.0,18,2.553656634707216,0.604556424634431,1.9215854439351254,3.326426303387373,4.101934229680412,1.0,41,3.3361796064913016,-0.2930809995572194,2.939934138833949,5.14707059722345,6.735609910407692,1.0,41,5.544728213237747,-0.06856656279328392,4.748848579716532,7.149352903672087,9.460004833245636,1.0,59,3.1851401532470995,1.2569801845578465,2.1767927619067904,4.3894868069440065,6.704225500985711
tx3_frame_equal_4,-0.7119728805897573,-0.7025763276828626,1.0,18,1.16804508412447,0.13577514633948293,0.8233357530245154,1.6174288314634102,2.2973038790008764,1.0,41,3.3668018430647026,2.5744177440790477,2.1217046860504847,5.446023491871507,6.821899379756156,1.0,41,2.8035750474993493,0.8779710909512488,2.147517097707036,3.6837939051029,8.36248507674154,1.0,59,2.7627570333403146,2.002177874853994,1.6344028055155806,4.107165478840153,6.5128523552316775
neighbor_tx1_frame_median_4,0.024254104382763195,0.03512825388109167,1.0,18,3.1731933140566073,0.29014264469811935,2.597257840897601,4.0142285445298675,5.121376784345161,1.0,41,3.375312454987071,-0.4989527493689691,2.3078597353939587,4.9073228535531,7.437920329206781,1.0,41,5.3533357144680345,-0.8022572254751835,4.305393060024732,7.034665174204639,9.437669509189206,1.0,59,3.2867519994810417,-0.05903975787362036,2.2833902244853292,4.428419957038278,7.286180198596307
tx1_weighted_6,0.0948890271136292,0.16455594776824134,1.0,18,2.0655288768243434,0.2202324553198178,1.3396094833842804,2.21360020844922,3.7681788657004205,1.0,41,3.3925298858432607,-1.28650731649957,3.372287834928672,4.306234735498743,5.570121425057764,1.0,41,5.128940172115441,-0.6950193708719842,3.5268673988726342,5.812450932589037,8.084904359519452,1.0,59,2.856893156103216,0.44714765209166263,2.477305837024636,4.217844632706104,5.382147491296768
neighbor_tx1_weighted_5,0.1649030513818336,0.21576636465655918,1.0,18,2.7271633949294523,1.7650686871498473,1.735141612019186,3.3704293603779036,5.713899842459901,1.0,41,3.3973696028917817,0.4500861538497698,3.076343008864322,5.3327048466872675,6.601757768178223,1.0,41,5.641629133906948,0.9503573321273875,4.298157737917628,8.03646834146858,10.087722914713169,1.0,59,3.367456297773082,1.7826271052826794,2.337337568864714,5.042734101878592,7.1739265255236795
tx3_frame_coherent_4,-0.7121199842058729,-0.6946151494869859,1.0,18,1.1321991407199508,0.17768414975775706,0.8072771729332342,1.5559310721903805,2.1173039796541713,1.0,41,3.40659643494894,2.6099936936866786,2.21109360000989,5.5859108013501055,6.930148307609828,1.0,41,2.82423604591782,0.9464448442031899,2.085857741593009,3.878716935021644,8.723358133371747,1.0,59,2.846396922145567,2.187914383442044,1.6204948227320457,4.241665450542364,6.608538740160924
neighbor_tx3_frame_coherent_3,-0.734730975591274,-0.7214783329159965,1.0,18,1.3950426077786577,-0.031638217870932114,1.1047164408628853,2.1354645799774516,2.909861616817396,1.0,41,3.4297138250198116,2.2888399750935258,3.0805526860114196,4.851698215698423,6.584426687700896,1.0,41,3.574434809927174,0.40032148088013375,2.730097843404454,5.627159487121787,7.05776357166666,1.0,59,2.8626689710947226,1.8231891336962527,1.8289141288490585,4.570602528162691,6.360618586170646
neighbor_tx1_frame_equal_6,0.06086427108539076,0.17042301028350382,1.0,18,2.100566167308954,-0.008565621616365031,1.6412124964887553,2.855070794634697,3.6313032163047976,1.0,41,3.4374977204443207,-1.3271779035633093,2.9979469467743445,5.03299553889058,6.071325321309997,1.0,41,5.175635092494302,-1.0871755359216684,3.637713285187231,5.890736112403161,8.157245209600076,1.0,59,2.9561119402351816,1.079314728562188,2.2534400182121486,4.362375433101704,5.749267001595432
neighbor_tx3_frame_equal_3,-0.7359213460666653,-0.7207127098065299,1.0,18,1.401886284097455,-0.1193438722829441,1.1414939054274178,2.0788318397590837,2.9070244171596245,1.0,41,3.440936450424143,2.29445861992948,3.0610343430540032,4.940116089741582,6.565688026198284,1.0,41,3.554194642933821,0.31853702171441595,2.4447798800764367,5.780127874221156,7.040073411358347,1.0,59,2.8804823359928724,1.83610972785551,1.8787554504770856,4.53068386060591,6.365447278164444
tx1_frame_median_10,0.15938939779229364,0.12858061690754435,1.0,18,2.132070071482962,0.15312134890585055,1.90319826977223,2.6918521866330627,3.1038535882508453,1.0,41,3.4587396563392487,-1.5399067521804817,2.750248311872173,5.2304195050964095,6.2781658288398585,1.0,41,4.857346343573458,-0.0023220399606803475,3.404384414862026,5.827263451309306,8.719864329022785,1.0,59,3.2049738804098244,-1.5870450868121662,2.3126141991540274,4.755445990568515,6.5519692753539776
tx3_frame_coherent_5,-0.7279820941172483,-0.7589516941204506,1.0,18,0.8249627405584339,0.26963476838359485,0.44792387246413556,1.0582128854090138,2.026546917924057,1.0,41,3.498733586129641,2.794164463734936,2.558653214126809,5.177042927327708,7.035716755002962,1.0,41,2.948325975185293,0.8445696601607025,2.138451711608863,4.015252994172079,7.029548913947711,1.0,59,2.5599460486293246,1.4579286765964359,1.383265902300018,3.747717185020848,6.465612885443495
tx3_frame_equal_5,-0.7179712308597157,-0.760108592930531,1.0,18,0.8754862325997474,0.4136168531447963,0.39881417294845534,1.205041290009013,1.9648564465997846,1.0,41,3.5282417739847065,2.9131305988927845,2.7911035542569715,5.170459222499398,6.909799966640508,1.0,41,2.93844739846685,0.9567697699543991,2.10189279271057,4.131248799478596,7.175586581966893,1.0,59,2.5216397431973157,1.3804151909105005,1.4673396976062802,3.5531617046347064,6.104228134520079
tx1_weighted_5,0.13542448701827253,0.19133154645703954,1.0,18,2.6869968060961065,1.597798211956633,1.6966846498179766,3.2829758561933255,6.173413131966068,1.0,41,3.553216364557004,0.05399525867572655,3.6260333995869667,5.242727345838563,6.208259852197316,1.0,41,5.532024036219752,0.6688146580926676,3.8596897214221553,7.411299869054248,9.583059945388559,1.0,59,3.4928079973307913,1.5484020789365314,2.6763787256387603,5.269454544862351,7.05889973889974
neighbor_tx1_frame_median_3,-0.06645603354962758,0.03625728584659551,1.0,18,3.427386819583303,-1.1272719613104891,2.8384418320840608,5.113484970567258,6.536862146281588,1.0,41,3.57154435603788,-1.223632837149432,2.9106056992499907,4.962154973905342,7.9881262269091895,1.0,41,5.3599691693583935,-2.1295159211360057,3.9249363972822957,5.980557233601006,8.354420186652384,1.0,59,3.2450689524886362,0.6871469869936275,2.332838788691511,4.368181704514134,6.131589453816954
tx1_frame_equal_5,0.095066570314536,0.14989227571721106,1.0,18,2.688060128948697,1.3534758914933782,1.902121965076786,3.2177758570568815,5.4595643219661385,1.0,41,3.6376683559017278,-0.1200470102472159,3.7047582859961006,5.664268425209029,6.278381287590415,1.0,41,5.408145015168273,0.3095129351316355,3.789814653943897,7.021108571287878,9.398382962001996,1.0,59,3.5428718156525454,1.3331774063334778,2.7194450225297624,5.181761570856182,6.652039917336811
tx3_weighted_4,-0.6950781709756753,-0.7044976821511619,1.0,18,1.2126755729525784,0.419383461465399,0.8266436318527022,1.727371585914193,2.285906370972107,1.0,41,3.646689094140172,2.913325749375658,2.5574935848092735,5.508450294412619,7.423844565624654,1.0,41,2.960419904771073,1.2270159537277572,1.970072600366895,4.089106352947845,8.111274881684865,1.0,59,2.842589520045403,1.9802538271256667,1.7153582230752504,4.285191688422351,7.05470531377712
tx3_weighted_8,-0.8109598242431361,-0.7799132477412396,1.0,18,1.3004606236760345,-0.2115953263173186,0.9491265448322266,1.5171069984424634,2.6671739810821715,1.0,41,3.65152004015536,2.7666647520584093,2.772509381146682,6.038110161562479,8.050353828553888,1.0,41,3.0827571455066836,0.3587504956584346,1.9191798388179566,3.158166137630962,6.3916568464424905,1.0,59,3.097286130391212,2.4258260548907797,1.441453945913842,4.717958628319197,7.995915150816409
tx1_frame_coherent_5,0.10069783636930152,0.1509116608720778,1.0,18,2.7340133411599283,1.4310380016698963,2.0938634087352144,3.3685724468873053,5.658270097156015,1.0,41,3.6715035812137438,-0.11330788869673478,3.7054712942069523,5.594456428350183,6.299097907368976,1.0,41,5.4033698858717845,0.42777868956133325,3.819027635952822,7.246812176533731,9.49794116174899,1.0,59,3.554543442391973,1.2771335076221793,2.718317853782174,5.168173724383015,6.767151096668388
tx3_frame_median_6,-0.7444897423412531,-0.7661441761151138,1.0,18,1.3226099205836568,-0.05093773195663688,1.1080798980068969,1.5689124861143358,2.6058219036718016,1.0,41,3.684636049597363,2.3590912404421878,2.812476135665798,5.960775247058893,7.697894982799939,1.0,41,3.4529201667612313,1.4892272958070316,2.9660820880161634,4.80591013185216,7.403542903051693,1.0,59,2.8675194475554613,1.2279959208005122,1.8453603686829554,3.970129395344503,6.82479571997107
neighbor_tx1_frame_equal_5,0.029487665054759,0.10328093288681707,1.0,18,2.4081590494561382,-0.16449815309782295,1.728795706036338,3.7579098118677963,4.304846991452568,1.0,41,3.692226185061229,-1.3900744441319475,3.593220609948084,4.869709358205694,7.033693569237588,1.0,41,5.229539628871263,-1.2411795189556196,3.2617024074304117,6.383351328160748,8.231819004656675,1.0,59,3.144595204030021,0.3344447803145846,2.568723452459643,4.838877380865197,6.1556736671002765
tx3_frame_equal_6,-0.7236713654715989,-0.76136935472442,1.0,18,1.2386146180893096,0.2481581943556307,1.0038919309286634,1.7580413256015326,2.111965279003299,1.0,41,3.6968123141594917,3.060944126051982,2.8080115570769415,5.636588260270207,7.305278235968677,1.0,41,2.9934486145087558,1.122902724117315,2.2302367126846394,3.7211369872064988,7.2431422195814115,1.0,59,2.713869192283476,1.5136809670854445,1.6408553329541355,3.4451544057587613,6.322688678417056
tx3_frame_median_8,-0.7818263939996035,-0.8173770451400796,1.0,18,1.3552282786605498,0.018126214721859588,0.9160328524734956,2.1527580699658198,2.474146885742635,1.0,41,3.744487379479124,2.4755631339443047,2.8684480943076394,5.855896801716606,7.7118448296904525,1.0,41,3.26889252837752,1.1642546286783535,2.379863386815117,4.870299079721167,6.923406890973582,1.0,59,2.883432787620826,1.0760548040997764,1.7783017124461487,4.467863188377395,6.442213345875713
tx3_frame_coherent_6,-0.7246932966706979,-0.7695272017152417,1.0,18,1.2433315802144302,0.27799334622555705,1.0129572337679538,1.8233665547898328,2.047033404745442,1.0,41,3.7474091915416463,3.1026205406473086,2.8477245741279242,5.859914603641027,7.330716388650524,1.0,41,3.035948789707129,1.1873703557597277,2.21347900574618,3.5797966890888286,7.2174566597501855,1.0,59,2.7138713850301674,1.4212936677831598,1.763189267128122,3.1987296469812776,6.473077431724891
tx3_weighted_5,-0.7238065903970712,-0.7501389584722215,1.0,18,0.8159986062873241,0.3518152443849086,0.4072917246406246,0.8990764096392168,2.3478606300750124,1.0,41,3.752640219125065,3.0378542325295554,2.8257824598238934,5.733439235182825,8.282266143528618,1.0,41,3.0914212175734477,0.9700508460736846,2.047192007906345,3.908140055516802,7.050506179082863,1.0,59,2.720581174961318,1.7369484332790088,1.5637653886567504,4.167715188138715,6.543329996844469
tx3_frame_median_3,-0.7152888727392317,-0.8256778497902934,1.0,18,1.7367545639960429,-0.050702426730026104,1.191798921626749,2.9382415004654345,3.5498568299292574,1.0,41,3.799031968281354,2.3303286820382225,2.949554677221439,5.54043400184095,7.862190384026606,1.0,41,3.3824348791473033,1.1739039250113363,2.436497259745499,5.005067339393745,7.336757173214187,1.0,59,3.053336589568296,-0.4136974924317862,2.214554613535654,4.636853226630839,6.090038694589203
tx3_frame_median_4,-0.7062270208473143,-0.7490736649916652,1.0,18,1.7010812152761168,0.1923523654425077,1.2218385390971287,2.348370866096808,3.23862137183633,1.0,41,3.807111579028048,2.367351196260541,3.2249647797313847,5.841667577239301,7.1811657979016035,1.0,41,3.140608931665036,1.9305514313627805,2.1359034683740257,5.01096910142811,6.843256584744247,1.0,59,2.9735886801140636,0.9205862342088813,2.034188720028416,4.428896722945586,6.317271604774935
neighbor_tx1_frame_coherent_5,0.015961438143589052,0.1265557350957012,1.0,18,2.4743556899587116,-0.42395744561668164,1.806237342227639,3.7703790275205704,4.609680229755754,1.0,41,3.8269084512222586,-1.7320468710761405,3.5538859790538195,4.7904872543594115,7.212495978317544,1.0,41,5.200643355900801,-1.4811317439636995,3.6423815190376,6.243082287539251,7.881922663044019,1.0,59,3.243115631418753,0.6914950549904615,2.5314730823225657,4.884740334551178,6.36874884789327
neighbor_tx3_frame_median_3,-0.7684216997809252,-0.8055232476266267,1.0,18,1.9489479690448361,-0.7914958502519097,1.4525995385179136,2.9151536123893234,3.6859409700352543,1.0,41,3.828929052854752,1.8004463454336368,2.837865666267133,5.031203898744754,7.6071030698329185,1.0,41,4.533166628331888,-0.6013327496894839,3.9472612199741275,5.8385975401806025,8.352377820332677,1.0,59,3.232482628025611,0.3313260436835004,2.423656473525802,4.1524534810616585,7.047586838505673
tx1_weighted_3,0.0038967372893644985,0.06516519016102965,1.0,18,2.631807304211178,0.4048896645635518,2.069049310129893,3.9484536539021153,4.598401780202199,1.0,41,3.8731207125039115,-0.8162378359147773,4.048678221389329,5.913890798728293,6.768486439984734,1.0,41,5.179919130909282,-0.6101338570542014,3.904013543762204,5.981574254852701,9.229108355524767,1.0,59,3.5299753693803777,0.678172782796796,2.9302674547366454,5.326117779189389,6.662021646306738
tx3_frame_median_5,-0.7137153782641027,-0.7169038330765753,1.0,18,1.0682458161933952,0.41841601731168426,0.7597174766339169,1.4817884451667842,1.7698821065969377,1.0,41,3.876148806786853,2.666713746891812,3.562000841790043,6.113761601059591,7.448531077494061,1.0,41,3.5896260198134198,1.9191214212875063,2.9839016628170705,4.876467380937134,7.581907732933158,1.0,59,2.9966611440491424,1.9224968050337428,1.9731115792698284,4.542058235833291,6.896126301319195
neighbor_tx3_frame_equal_5,-0.7149008898440117,-0.7636944067850043,1.0,18,1.156416415055044,0.49547834470604535,0.6628798540744811,1.8987143741782728,2.3167147531615995,1.0,41,3.892379434269421,3.260031793908118,3.172866161327276,5.747357397608093,8.541168345894912,1.0,41,3.311575929044341,1.174616706368548,2.6419598251406864,3.96469249078422,7.731348876890209,1.0,59,2.867998535797983,1.5242245996998383,1.6348598059649109,4.17966967531186,7.553462741864037
neighbor_tx3_frame_coherent_4,-0.6841824922131823,-0.6968505091071718,1.0,18,1.4069089008353886,0.7665450062201274,1.0533542602422976,2.0155514809006547,3.0942881391493615,1.0,41,3.8967294615458408,3.2787904153961103,3.5556780374895247,5.978524961423085,8.347728784756836,1.0,41,3.386517251589848,1.5582273901498092,2.6890128101523723,4.327149866844549,8.426007512704315,1.0,59,3.054276297251102,2.280611680552135,1.5769902208648015,4.501093206543748,7.501154578132712
tx3_frame_equal_8,-0.7352498137549426,-0.7528995565312947,1.0,18,1.3039852166291344,0.8045770728352715,0.8423608990686684,1.8734550269070616,2.525506150479136,1.0,41,3.9216904233519263,3.5542741985224517,3.3029917301813727,6.264539440872062,8.359627104040042,1.0,41,2.98662544669507,1.3902031017265988,1.8815463538145882,3.6491348225861593,7.225015674312594,1.0,59,2.947896936497815,2.3925735027906616,1.4188229766000102,4.40793885916984,7.585214455047559
neighbor_tx1_frame_equal_4,-0.015080795943150628,0.04991052871507598,1.0,18,2.5612952205103188,-0.29599346123513104,1.6019480819849647,4.024562769016738,5.071568364782288,1.0,41,3.9288234994299893,-1.6101469510928585,3.4032215610364487,4.704646632582502,7.284326267317,1.0,41,5.479758507331282,-1.8234154705774044,3.6165924919879657,6.144627118730919,8.407789046300103,1.0,59,3.33137005989302,-0.019450773336974266,2.8057835472696926,4.542939355050349,5.935982001798774
neighbor_tx3_frame_median_4,-0.7287195620386128,-0.6806201212907353,1.0,18,1.4921055215489032,0.2572419842664379,1.0757526890642461,2.2114897878828477,3.515338583346661,1.0,41,3.943762194409978,2.371072949454882,3.266302426891982,5.795429691898339,7.60874028002215,1.0,41,3.800307845157098,0.5014737309412209,2.57189426097658,4.51455317382653,8.248979821190623,1.0,59,3.5306300361469845,2.6060689510924666,2.151586757123383,4.896179995518247,7.866996682805291
tx1_frame_median_8,0.06194778892081099,0.1732002386221384,1.0,18,2.196683384230036,-0.8470416161672869,1.3938531589292156,3.269766714922943,4.612478694795723,1.0,41,3.9443511768382638,-2.152959455509187,3.8290423742538504,5.843817749797881,7.570828569189057,1.0,41,4.737408743191937,-0.9711200568733623,2.6997362543463446,5.2588542614659115,7.534258381253585,1.0,59,3.1361346794821494,0.28155066409188906,2.5070939444400056,4.667616578101544,6.610192100956186
neighbor_tx3_weighted_5,-0.7216717698254249,-0.7437455786768733,1.0,18,1.1162534843362644,0.3977383190663514,0.648942052012683,1.4132567591250877,2.792327763665776,1.0,41,3.961355333535744,3.295038048667452,2.914331345908921,5.824603838337037,8.444397172114202,1.0,41,3.349447582496307,1.1851022173283352,2.48765079715247,3.808694431155515,7.8154210536173085,1.0,59,2.9788176665451203,2.0072994151011465,1.5765491392487352,4.384118610437879,7.463360280647295
neighbor_tx3_frame_coherent_8,-0.7654385437802982,-0.7862380886300153,1.0,18,1.4319245242089833,0.4798163368191432,0.928735838237458,1.9850165264836543,3.654948886910497,1.0,41,3.9613883325238746,3.3021668667137574,3.081310720626214,6.450086616455936,8.562534203577355,1.0,41,3.1820524868674958,1.051207679773581,1.872422724506802,3.6653050189694456,7.32454411116499,1.0,59,3.0794482654023336,2.0606527555892242,1.7628309862683604,4.237098803625954,7.7595092588886025
tx3_frame_coherent_8,-0.7356628291775226,-0.7628113434015895,1.0,18,1.3323069988467244,0.844191644473039,0.8988279102067563,1.903745099557024,2.489298521468024,1.0,41,3.9836754152052167,3.6205010836023597,3.3616610321746307,6.536919197427065,8.70863132188793,1.0,41,3.0134131060090215,1.4872526481250123,1.8584205756925545,3.5944621073776464,7.604605012837782,1.0,59,2.9111995441978706,2.2769453787198204,1.4565489861817214,4.260374779503119,7.5545077855197285
neighbor_tx3_frame_equal_8,-0.7581542367588232,-0.794061704640481,1.0,18,1.4324538059572962,0.5575843191329941,0.9938490874635183,2.0728665081755455,3.522338347541291,1.0,41,3.9976561788862863,3.3765896820917574,3.1597577938434656,6.487244601634096,8.721388777885323,1.0,41,3.20169727061204,1.052063374275657,1.9052848669604372,3.41367873113451,7.4469410199796755,1.0,59,3.033796612942266,1.8597807740679289,1.7624031458008707,4.084527353254714,7.595706507036246
neighbor_tx3_frame_equal_4,-0.6708645616439599,-0.694683591703487,1.0,18,1.4945190626558766,0.9647395444760652,1.143344364395516,2.098555461217255,3.2045788667687276,1.0,41,4.008007018170302,3.5260154546331495,3.845699726337001,6.197295323454443,8.628053294986056,1.0,41,3.4498859484009103,1.725839733747409,2.838992142118148,4.219027822417951,8.319062275273867,1.0,59,3.06652776782448,2.3088356676472523,1.5389547571301578,4.443771850870433,7.52804461805252
neighbor_tx3_frame_median_5,-0.7681439487456455,-0.7681439487456455,1.0,18,1.2503479381176417,-0.3874941567053372,0.7432144281292996,1.738568451242053,2.7827269516505986,1.0,41,4.0149546744048505,2.219775748808675,3.399653872932835,6.003256257602155,7.812263678913466,1.0,41,3.885103684366434,0.26462947963056443,3.310719073021583,4.837859827415181,7.248235290764332,1.0,59,3.1715153311307867,1.424337472550163,1.9964343653151562,4.495432500345572,6.690423814461534
neighbor_tx3_frame_coherent_5,-0.7040926012590553,-0.7627099631842149,1.0,18,1.240704376125359,0.7290207000267643,0.6412720610236525,2.1049705793834494,2.5415101091398946,1.0,41,4.021338377216953,3.466938969941103,3.3060175147782167,6.053677848821479,8.691929216961666,1.0,41,3.3823304378747,1.450520825498854,2.598333469514007,4.0082987274969115,8.057496111218388,1.0,59,2.864062650400495,1.5594913839902473,1.6545156698819852,4.2571728549690135,7.101444066635795
neighbor_tx3_weighted_4,-0.6722968601220989,-0.6844261777274495,1.0,18,1.4939659025169336,0.9071520837851098,1.068194297186639,1.8121314403118731,3.4727597866321904,1.0,41,4.025450822106748,3.4690234105259257,3.092565445793668,6.273293697632507,8.79149107329275,1.0,41,3.3811661310902337,1.7564466161142473,2.6534126082939555,4.269566388630374,7.854796332370452,1.0,59,3.16626094614945,2.465510939510829,1.7238408261463336,4.644832803319828,7.908701276029637
tx1_frame_equal_4,-0.026315704298339404,0.10804003770218196,1.0,18,2.71524692438419,-0.27849342699994445,2.3287484702066026,4.055123958224961,4.978574916540789,1.0,41,4.039824610252922,-1.8398631937160033,3.735867506508078,5.241358855516794,7.321518433030555,1.0,41,5.141677247535593,-1.587157448570452,3.3227452096020977,5.1108179902672415,8.09092321462448,1.0,59,3.5422015122906827,1.0963936788775666,2.818049676707118,5.2367722569795365,6.513664731360155
neighbor_tx1_weighted_4,0.005159778439023419,0.07640782900872944,1.0,18,2.603195435384871,-0.2560276497578495,1.7518914810343666,3.61402723317099,5.247542197591267,1.0,41,4.059511262063362,-1.7436684643121347,3.6658681988527073,4.9971877572137515,7.629427438165639,1.0,41,5.48554192941577,-1.6051443690080878,4.008379569853545,6.536234994901342,8.34966933580391,1.0,59,3.4386064002963233,0.014757269618701023,2.8706345461246565,4.661815655188609,6.309906385813503
neighbor_tx1_weighted_3,-0.03484717084325473,-0.05440332106165363,1.0,18,2.5441216440780483,-0.5129945675739949,1.9457313214506098,3.781753768279311,5.1974939914560805,1.0,41,4.071566962729734,-1.7390746675819482,4.143038816324555,6.039048892038684,7.263743859352862,1.0,41,5.534240564887128,-1.7436530671884212,4.385233946474446,6.109282530928501,8.528558265257983,1.0,59,3.7179586920906993,-1.7232336193575581,2.7574393068806176,5.707097264271101,6.970383787189316
neighbor_tx3_weighted_8,-0.7892143873110882,-0.791958543740517,1.0,18,1.5504315898208232,0.41309048140118376,0.917331504497345,1.762093037012141,4.280203381191893,1.0,41,4.077737405361225,3.379266565485371,3.2346677891314584,6.5507203717354825,9.004029476330533,1.0,41,3.242373147883768,0.8330549953592972,2.3180800625028315,3.9451623523128285,7.03017378783843,1.0,59,3.2904435032223125,2.4241226220030136,1.6710878501046753,4.907204783968009,8.167012646461432
neighbor_tx1_frame_equal_3,-0.06811326140357207,0.07501471256920003,1.0,18,2.559104802465152,-0.8570814752323054,1.7171218623322617,4.448850392988318,5.330278231148602,1.0,41,4.100628333891665,-1.98546205538157,3.8339942280927954,5.84846690736912,7.035887636841143,1.0,41,5.752169403002342,-2.5085942319186634,3.8149103306091328,6.194948172706749,8.28289078293501,1.0,59,3.3521264306005794,0.9792930126833067,2.7441983012052074,4.536319622911309,6.585671678060774
tx3_frame_equal_10,-0.778393980378974,-0.8240252081243142,1.0,18,1.3429880848839844,0.9330826874048866,0.7928590098213951,1.7627988023025312,2.721308406162806,1.0,41,4.108296663787322,3.626800137303215,3.614751980980474,6.602086656756001,9.069822247539221,1.0,41,2.9516417900897842,1.0863320197240152,1.7938568487789546,3.3162572667583463,7.6268291363003105,1.0,59,2.946583643297074,1.9704458020674833,1.6163689684599674,4.681241693652044,6.905706786095512
tx3_frame_median_10,-0.8065353981797626,-0.860377312947425,1.0,18,1.2527353568260127,0.6549240343197289,0.7439210496087114,1.5031669161774204,2.863086973205061,1.0,41,4.112545776980725,2.9636420562950825,3.079099958260887,6.077815407243659,7.914426164655558,1.0,41,3.182056320452035,1.1206359103469774,1.6835171527810076,3.887516274110912,6.962374601400851,1.0,59,3.0366813376523725,1.2749401649101588,1.8763136437301027,4.343537535933995,6.842258416288038
tx1_frame_coherent_3,-0.0571892441569152,0.14875264599798863,1.0,18,2.674435438868711,-0.49745316926537636,1.7653233839939124,4.296700184602052,4.797902694176858,1.0,41,4.178541236455928,-1.7299473047521947,4.464211556978903,5.971169169290884,7.058445498616262,1.0,41,5.2294435798665155,-1.5797180776494357,3.676486469351206,5.966907582195566,8.446149215492804,1.0,59,3.9969945977390187,2.4178988025580295,2.9895216546750443,5.5341850991551915,8.253561613584177
neighbor_tx3_frame_coherent_6,-0.7107492435793497,-0.7013972396551001,1.0,18,1.4607061516593063,0.5965331098878155,1.1308668472365997,2.092209302529468,2.9049728041496,1.0,41,4.183402228878165,3.542004248747398,3.286010008565963,6.523777616597522,9.149260277734218,1.0,41,3.35739506125392,1.6061495958277041,2.837816235792051,3.5902403829084766,8.357842102314352,1.0,59,3.425546687766528,2.8145305153049396,1.9496576633532179,4.780509812514312,7.868832797110541
neighbor_tx3_weighted_6,-0.7352862165614504,-0.758725971821456,1.0,18,1.6153848181224753,0.08326578759904704,1.1901555335846759,2.524282877403688,2.7333218953296408,1.0,41,4.194274217081075,3.3032193144787536,3.503423682170786,6.775163218584069,9.127983778433183,1.0,41,3.3099864057030124,1.2990985468952136,2.8012940342794668,3.7744484645106517,7.888888704478941,1.0,59,3.2726631772957013,1.8920497626498776,2.0017654064760313,4.345691730073339,7.252951303784195
tx3_frame_coherent_10,-0.7792061990842877,-0.8324794237818923,1.0,18,1.3741150947505731,0.9954605289169289,0.7870232039763622,1.7683897227679832,2.752402549682303,1.0,41,4.194644542468638,3.723994792004628,3.809424007787634,7.172356441914775,9.095160617481167,1.0,41,2.980589257526629,1.181892808504656,1.8213416249604668,3.4397151363743497,7.689836902486346,1.0,59,2.9693610175434615,1.9172049417015309,1.521203375809161,4.604480721919767,6.907590192901207
neighbor_tx3_frame_equal_6,-0.7087383457505014,-0.7610966192126184,1.0,18,1.4495032702734858,0.5929401311936895,1.105284736733836,2.1690374895432756,2.883792368069541,1.0,41,4.195431701730312,3.557998328835963,3.249460695261351,6.394024342099071,9.126935762068847,1.0,41,3.330200451086059,1.5541891878204994,2.5665921357548482,3.5747483800810507,8.386722930663346,1.0,59,3.0447993749041435,1.6956694872246592,1.9562634147476161,3.6523058838999187,7.026718607412087
neighbor_tx1_frame_coherent_3,-0.07147519121772808,0.17970448222667396,1.0,18,2.5947589711135985,-0.9360806837417633,1.6648172268838155,4.469396501181559,5.460293618077418,1.0,41,4.198814480674354,-2.102428034598468,3.771624258595574,6.065639589499423,7.083200697106744,1.0,41,5.590103237826372,-2.3607823929858403,3.769073698525289,6.185514283554273,8.217523516786473,1.0,59,3.9993590557656256,2.854325670535438,2.8442297688046314,5.562453224988614,8.402585211848296
tx1_frame_equal_3,-0.07207704746901629,0.15870626852165265,1.0,18,2.74100698020648,-0.7510184898429695,1.7492259325934894,4.546382419358431,4.957435266828868,1.0,41,4.225711521066924,-1.9595817241714701,4.06123002631487,6.2147645176451425,7.122410979214775,1.0,41,5.5363267034010795,-2.1640015989504477,3.721773050058556,5.846022116498531,8.062362857326297,1.0,59,4.031215243079712,2.6359134111544273,2.9463876631838173,5.725117508726237,8.336844939542901
neighbor_tx3_frame_coherent_10,-0.8036545670257277,-0.8300113023778929,1.0,18,1.463348263170527,0.7412135646438323,0.6901576711301689,2.1738273478531185,3.2067693955903462,1.0,41,4.23413280660706,3.5288772412052167,3.8342564023410257,6.7024106716903695,8.921990747256451,1.0,41,3.200404763291253,0.829717997922185,2.0936558679124873,3.853342268232562,7.844818504411281,1.0,59,3.2287162175819693,2.19620511165662,1.8252297153980492,5.096366196345363,8.19817827947435
neighbor_tx3_frame_equal_10,-0.7968055252416311,-0.8138404161581276,1.0,18,1.4644324781763898,0.784001704043489,0.6166733816300901,2.2382743852854654,3.145695922072297,1.0,41,4.24380506129071,3.5545900218144726,3.916632893030657,6.72076015910581,9.109824016596129,1.0,41,3.1939564184776077,0.8293259188146739,2.0307665082662334,3.868199133763423,7.876967235466989,1.0,59,3.272969063825463,2.3976429378065363,1.8171518283295107,5.211890996923412,8.363401779026276
neighbor_tx1_frame_coherent_4,-0.05697850225706383,0.06048606113337687,1.0,18,2.622355594596464,-1.0659259692636123,1.7451327480417644,4.484832382890344,5.908415509932761,1.0,41,4.270277082075788,-2.4653057872148967,3.8390894415766446,5.383786861037385,7.902104355178533,1.0,41,5.53890335644489,-2.5394142683805696,4.3073784331526275,5.73493314733961,7.948225142588845,1.0,59,3.3779407824855046,0.11256179759512978,2.8713275110927334,4.664784044293863,6.233218833501642
neighbor_tx3_frame_median_8,-0.7519805687134555,-0.8204594839608766,1.0,18,1.446186809184612,0.8362402810470628,0.9139854449067193,1.859303186395373,3.356055573105027,1.0,41,4.409414043812593,3.452952359211318,3.249864251107251,7.09768237823171,9.651372708047127,1.0,41,3.593949773766478,1.4061148967989379,2.102512806399925,4.060338052690742,8.194740510387065,1.0,59,3.1727125257136457,1.4020643336972958,2.1383418047536713,4.225172607662827,7.6674816159782155
tx3_weighted_10,-0.8411456778529083,-0.8275209771833232,1.0,18,1.4315323349997064,0.7247807343932025,0.8815392269856213,1.6315882585627155,3.3141845822404155,1.0,41,4.423514280222272,3.600840212516871,3.7912242602159836,7.305175520203012,9.392063417636972,1.0,41,3.102422929294224,0.43649144771922754,2.0448505627605,3.4262265231923954,6.8383903182806245,1.0,59,3.6280264653283454,2.972769108540712,1.8398256985706392,6.342295325083356,8.642900048021492
neighbor_tx3_frame_median_10,-0.8084831779327539,-0.8407290692140139,1.0,18,1.3555268437697487,0.8357644540589076,0.5402006052594763,1.7499051369350562,3.9197732996669115,1.0,41,4.494410087374333,3.367518858884069,3.1161948956332353,6.508341166968914,9.434321896194303,1.0,41,3.502753131023331,0.8916566506919593,2.0823145938701515,3.809124964384332,6.996839381062239,1.0,59,3.37152441658446,2.0051530593439804,2.292881500965603,4.880973277457261,8.493510038368415
tx1_frame_coherent_4,-0.08793301423325905,0.11416866053261882,1.0,18,2.9867076098355465,-1.4276381024998506,2.2950486281006617,4.893094179681498,6.088205603973118,1.0,41,4.561579555301667,-3.059701188404145,3.7014862097422228,6.352698385711836,8.42472077446798,1.0,41,5.2947091973453695,-2.6577861498710402,3.6349588248849174,4.947993194630755,9.119538448389237,1.0,59,3.5901207021572823,1.1392037221752929,2.795887915765002,5.402437672090962,6.572195455683717
tx1_weighted_4,-0.07386329105824627,0.1419150638858856,1.0,18,3.044953642384855,-1.455223027242392,2.125559038930155,4.809123078997226,6.142969796846098,1.0,41,4.6104577451103035,-3.1670291023922865,4.331452722960288,6.111920966863052,8.276740556013854,1.0,41,5.4397424610302405,-2.6923426943836475,4.0507837878148365,5.272600694636166,8.978408109679123,1.0,59,3.560230750422535,1.3064531997318727,2.8812749088003375,5.675226225017541,6.38674930386947
neighbor_tx3_frame_median_6,-0.6958125517485751,-0.8005144811331122,1.0,18,1.4198026398908314,0.90870847437322,0.9226740659841545,2.0331681356130766,3.480472267287142,1.0,41,4.651706389705045,3.814890972055538,3.4616889857568123,7.523362388219269,9.37971064707729,1.0,41,3.96618646675229,1.9984314941636714,2.9639066201946136,5.160965103134893,8.848480940349905,1.0,59,3.0978334429762113,1.0130672885800778,1.9612562889518024,4.507436402270045,7.012028464475107
tx1_frame_median_6,-0.06326056710843136,0.056434976651821615,1.0,18,2.8102399982217077,-1.719721090781492,1.2222777473535937,5.709781370710053,6.67654223353338,1.0,41,4.69856716633233,-3.3445243236038737,4.060397346655641,6.925916763625432,8.70664294487845,1.0,41,5.172259386142075,-2.7651201561078826,3.0693435660637745,4.273794163986794,9.482909885676314,1.0,59,3.5518504977049097,-0.6564217785031092,2.9307871809224335,5.121081915224949,6.536093529289685
neighbor_tx3_weighted_10,-0.8328448434942335,-0.863804193878531,1.0,18,1.6558627290638954,1.094986954096544,0.7905844261859714,2.225173357615276,4.154719473723646,1.0,41,4.705518593531643,3.998486712961458,4.4347271235628085,7.692359676198641,9.639447082557323,1.0,41,3.303749586693091,0.6419406571652029,2.2030144363245343,3.9565113747658174,7.62274360348283,1.0,59,3.545853757034771,2.545951226406476,2.0820592342597473,5.976265521550445,8.307827867981768
tx1_frame_median_4,-0.07749401288308994,0.11269404276028377,1.0,18,3.112026976781883,-1.3840261936803042,2.06333518371004,5.775472889837688,6.785426304241778,1.0,41,4.770608291101791,-2.5824443747643366,4.182455797798661,6.401503548126562,8.743741542097084,1.0,41,5.146016798896766,-2.0946882052379334,3.516372889792931,4.364915429896229,10.255521965605826,1.0,59,3.9138017185313863,1.269359784195825,3.186483136643925,5.849515583210088,8.001058483680453
tx1_frame_median_5,-0.08283202882781791,-0.005215441861729377,1.0,18,2.8912245866581276,-1.7223715627067593,1.9388996831045209,4.7019838802562095,6.0994266937874,1.0,41,4.894329067244887,-3.300519897271137,3.896101542085221,7.270575602800921,9.290739666583711,1.0,41,5.201015150719744,-2.6267909667850913,3.26524459379745,4.780185766505641,10.685729588370679,1.0,59,3.803767304059579,-1.396551996837817,3.3216307317437836,5.887148737268351,7.020238809297247
tx3_weighted_6,-0.6497174586042138,-0.7501796449193644,1.0,18,1.7845343563708664,1.580092021462356,1.0912292830114567,2.4865863484941855,3.660848859140202,1.0,41,5.00862949478939,4.728641435240698,4.727323675202705,7.521197330356537,9.260172764288658,1.0,41,3.817387320828471,2.7128804220185945,2.7760083957988484,4.167988781920216,8.548117317322081,1.0,59,3.0783607266790014,1.9295556481429463,1.85244506389255,4.0591222524829345,7.020543587432975
tx1_frame_median_3,-0.18405401705584096,0.03636602187738091,1.0,18,3.6682355303879017,-2.9408005153716155,1.8263595853644592,6.083520243562142,8.341940559150746,1.0,41,5.330907264744763,-3.7403648866547066,5.1872278216124705,7.3129845576504655,10.05368631101144,1.0,41,5.81123897771659,-3.896177019528908,3.6452872789294863,5.716001684456324,10.960730345136417,1.0,59,3.9339285681822744,0.5459621110751642,3.27045348670346,5.658449296465821,7.7614609089612685
