tm_sequence,session_id,profile,club,truth_deg,combined_frame_equal_8_deg,combined_frame_equal_8_coherence,combined_frame_coherent_8_deg,combined_frame_coherent_8_coherence,neighbor_combined_frame_equal_8_deg,neighbor_combined_frame_equal_8_coherence,neighbor_combined_frame_coherent_8_deg,neighbor_combined_frame_coherent_8_coherence,combined_frame_coherent_6_deg,combined_frame_coherent_6_coherence,combined_frame_equal_6_deg,combined_frame_equal_6_coherence,neighbor_combined_frame_equal_10_deg,neighbor_combined_frame_equal_10_coherence,neighbor_combined_frame_coherent_10_deg,neighbor_combined_frame_coherent_10_coherence,neighbor_combined_frame_coherent_6_deg,neighbor_combined_frame_coherent_6_coherence,combined_frame_coherent_5_deg,combined_frame_coherent_5_coherence,combined_weighted_3_deg,combined_weighted_3_coherence
1,20260809_103715,dense_iq8,9Iron,-0.9009999999999982,0.8617550091033475,0.9626600053204142,0.5825688814764641,0.9624571737714989,-0.30568147469764045,0.9670661115086436,-0.17569997923829708,0.9662778155154927,-0.24396194137822017,0.9510399561184644,0.2855163101904748,0.9511017128990983,-0.2923685619416893,0.9701525487101273,-0.44161038923858975,0.9695878444514523,-0.8930940002485838,0.9571284937024419,0.5227531769037013,0.9507784661113758,-1.1897715493053056,0.8636202657083162
2,20260809_103715,dense_iq8,9Iron,5.678999999999998,5.847641485034804,0.9718071135214524,5.98800057317923,0.9728084724681599,6.5567322026647075,0.9727100086818958,6.861691717025617,0.9735728827077975,5.898542070539326,0.9830681554304411,5.991616069864796,0.9826383682100933,6.218209676467295,0.9338900237866827,6.430845870653541,0.9360988935195439,6.344580664963119,0.973615396442626,6.522806028819505,0.9891000329886014,4.771410131787376,0.8775475705781801
3,20260809_103715,dense_iq8,9Iron,9.034999999999997,8.664388959461103,0.8729652295783987,8.096090354285948,0.8677856790082663,7.832095235304626,0.8957000832480841,8.12465549825859,0.8998713771032317,5.591177407721744,0.8517660039978826,6.542555990883013,0.8512119170156636,8.569951907772472,0.9129256972560695,8.651172583762797,0.919279294663198,5.943208593379388,0.8934252652447594,8.931665670219537,0.9418465800620912,13.42686940532161,0.6720139168270709
4,20260809_103715,dense_iq8,9Iron,-0.9540000000000001,-0.6646391655001408,0.9343448712741254,-0.7939681144859234,0.9341280332070419,-0.532146631261337,0.9181799113076831,-0.3305492949974261,0.9183366728947996,-1.4587691717995201,0.950277963895081,-1.2293551367517006,0.9506936359168735,-0.9409272222713351,0.9090223951738071,-1.0342459088686002,0.9091835110264934,-0.2566098876747561,0.9338584636579397,-1.140836136311285,0.9443642144468075,-1.0245389472241282,0.853384421336482
5,20260809_103715,dense_iq8,9Iron,-2.596,-6.330198324410112,0.9183810450024488,-6.656976810105668,0.9234163406242615,-8.016435645487771,0.9356118578177004,-7.974123358464908,0.9394113266605703,-5.366181280490979,0.9163854715951819,-4.730227672183229,0.9123589882141397,-6.929256715040869,0.9341554958621721,-7.036920322543843,0.9366282367328657,-6.709543291497419,0.9323553388079211,-8.082014308447116,0.95622612410579,-8.253438189242543,0.7279053803159523
6,20260809_103715,dense_iq8,9Iron,4.269,5.826596847467191,0.9885364320171229,5.763593133413846,0.9884812832312417,5.539331387163412,0.9874835865033859,5.79670624762293,0.9877176397466443,5.142402089239103,0.9934895593806122,5.42906655530217,0.9934772901617701,5.622684121341836,0.9834704095244721,5.580501471465661,0.9837132196954065,5.674868236020197,0.9927758972722068,4.951601319586937,0.9924110396286134,3.5680547065422,0.9218185223876602
7,20260809_103715,dense_iq8,9Iron,2.2750000000000017,5.410554377944572,0.9781895963709712,5.285380589833098,0.9782859428638978,4.951063341898775,0.9693485412661885,5.166223040360062,0.9700255091799859,4.962277027295608,0.9794217111628729,5.266965934160251,0.9792856999227566,4.098566257805727,0.9519727583130717,4.038939100838185,0.9527089232801815,5.0081638939432755,0.9657883024177611,4.900403319560566,0.9763374236842052,4.464315273401289,0.9173377485980841
8,20260809_103715,dense_iq8,9Iron,3.904000000000001,7.309240684015833,0.9877605341815273,7.241542506882684,0.9876631054489047,6.298109061601291,0.9799391413493879,6.567131828841443,0.9799932658633425,6.3279742647754915,0.9908457820328151,6.5836583861019475,0.9908935041721699,6.011709800058534,0.9731820889697582,6.050689352525802,0.9736843400629006,5.864274832358546,0.9829077465063872,6.590465856999582,0.9924409482141474,5.667438106339126,0.9108289175369905
9,20260809_103715,dense_iq8,9Iron,-1.1899999999999882,-0.8083413767754475,0.95481692730254,-0.8440066761935372,0.9543366209263738,-2.155312867498757,0.9371400990529615,-1.4337473881623357,0.9389003000776516,-1.3961835514056222,0.9485757564020502,-1.1692863429382265,0.9494858475388025,-2.2494731391826277,0.9409689400116417,-1.9405772282712346,0.9424937634663325,-2.2535185300967626,0.9274119104381088,-1.0805726077793685,0.9431244622279162,-1.7114398796319124,0.8269356870500452
10,20260809_103715,dense_iq8,9Iron,23.772,10.929548774628492,0.6994021259816238,11.654602126693918,0.7415659321408175,10.81474733717061,0.7199813003292175,10.992129383511983,0.6766437701924667,16.74915065850122,0.91385123190633,16.791568578201264,0.8915304941206297,14.598452771753852,0.7336166905262017,15.016449670124207,0.7105646745338904,15.655482780473477,0.9354904828705477,14.731533355998792,0.9182222485044899,19.32842931039071,0.2809611246999961
11,20260809_103715,dense_iq8,9Iron,0.46800000000000014,2.573006332674315,0.9779514810149307,2.3631791008667555,0.9770719744809039,2.902249166948622,0.9756784511214455,3.0183202538007063,0.9741864689869751,3.5335449519197684,0.9930689851684731,3.8392515788027692,0.9932552945599277,2.3002258960519533,0.9736733517495934,2.152315057071715,0.9726533519542224,4.6749741009040875,0.9946338741921921,2.984995163512917,0.9921178082516752,3.7426585368820335,0.9029261693368428
13,20260809_105136,dense_iq8,9Iron,-0.3720000000000001,-0.2951962036395583,0.9749470884914817,-0.41313301496192945,0.9752951475172913,-0.665962579957485,0.9725576898931971,-0.4210594092054543,0.9722956336617845,-1.8782669155767788,0.9785867327823448,-1.6123546796577541,0.9784051776859425,-1.2533956899313903,0.963684638187902,-1.3043034102098685,0.9633830140651805,-1.5587498934301416,0.9805292122625507,-2.0669285286799504,0.9742451328674614,-4.729241586137627,0.8757175628402268
14,20260809_105136,dense_iq8,9Iron,2.9379999999999997,4.145570316009661,0.9914844364515392,4.0304119113594306,0.9916410902271886,3.884356750724842,0.991044342259284,4.081751558324957,0.9911899614170006,3.965931627797378,0.9921381531665547,4.265432296759162,0.9919710974036952,3.435060947608151,0.9892639437931932,3.375819412052537,0.9895066513185625,4.107935802928162,0.9917100602404781,3.325676859244683,0.9912542052348419,2.6775281567555425,0.9230166761160202
15,20260809_105706,dense_iq8,9Iron,-0.965999999999999,0.16998097881396987,0.9797046084993284,0.12150190237397578,0.979401925888558,-1.2089777802835195,0.9760615990020062,-0.9789691733056743,0.9761955040134425,0.9583521809104694,0.9845944386434227,1.1790036068068794,0.9848275091525416,-0.8155921363224232,0.9432586316860798,-1.148511543488681,0.9464701540995863,0.0677417468657068,0.9836890217254712,-0.4029998047232177,0.9901550046781497,0.4533281052755881,0.9283125140716637
16,20260809_105706,dense_iq8,9Iron,4.222000000000001,5.4711060590309515,0.9557537445684909,5.487612058160927,0.9567538731684951,5.563484332852132,0.9619908920525424,5.603550729233266,0.9631622399555897,5.7828405654559925,0.9717971006523631,5.883415525836195,0.9701091527329727,5.029592107412395,0.9643714042655223,4.829661682698822,0.964523366052736,6.112817637315734,0.9743706317779282,4.827673090697116,0.9691293699026909,6.282547356512691,0.9130894299718152
17,20260809_105706,dense_iq8,9Iron,2.4450000000000016,3.9351300306429606,0.9888414466251579,3.8697647164629796,0.9894121766196432,3.1849978902899925,0.9876477032695571,3.4323734064244484,0.9884519799756986,4.522484695165776,0.9927134287184176,4.824828602430095,0.9924548752898255,3.0750441963761537,0.9716606818073827,2.968668777192154,0.9719014386465015,4.192304902670012,0.9907784256129994,3.3969680279752463,0.9971291120603895,3.0787956084158714,0.932376474271907
18,20260809_105706,dense_iq8,9Iron,-2.7810000000000006,-1.875729443821348,0.9548847596118851,-1.8989023440090538,0.9547504181791199,-1.9405050028342816,0.9618977962811546,-1.6994905635737094,0.9619385704705835,-2.8826609348806316,0.9451148913579693,-2.6884445867944926,0.945847072763566,-2.665154754874158,0.9475983433466066,-2.839934291032582,0.946029625634562,-2.1764822406963775,0.9546719793030551,-5.395744672009348,0.9718443494530885,-5.198664513953307,0.8821657737700432
19,20260809_105706,dense_iq8,9Iron,1.2840000000000005,1.6588039336647509,0.9846658877203776,1.503626972949168,0.9849975459894985,0.5027314917250273,0.9898344206954758,0.6827549251006652,0.9900112341911425,1.426461667508798,0.9936695924181079,1.6950407024742056,0.9937771698139662,0.31466513742917046,0.9843941408346367,0.31335401196446405,0.985471233913151,0.9832908083742925,0.9992171415867637,1.056323029138054,0.9924983549866055,0.922001862931462,0.9497499515053116
20,20260809_105706,dense_iq8,9Iron,-1.7059999999999977,-0.6058551682046157,0.9819640220900586,-0.6611647092389172,0.9818830098228276,-0.6943771591639848,0.9870308227765097,-0.49300674195387295,0.9871254442050968,-0.6339154023169801,0.9821509642121827,-0.37380258025078844,0.9822513684619273,0.5677440141655404,0.9841529133436342,0.4514441755889536,0.984214086184431,-0.5636631878881284,0.9866681602713931,-2.1118566611838165,0.9900578170209791,-2.6285251250853587,0.9327099931694669
21,20260809_105706,dense_iq8,9Iron,2.0909999999999997,4.505966136493391,0.9886020003326641,4.407477432167023,0.9886442383755019,4.21220001919551,0.9877873087121124,4.392231247333284,0.9880173606263944,4.817560569264454,0.9905179507713566,5.076815461399789,0.9903946452563842,4.201852364751225,0.9894441071257887,4.098930165213216,0.9897192198194871,5.047433459456268,0.9900229063196457,4.854899130219674,0.9899592412264062,4.674235280273957,0.895561915785849
22,20260809_105706,dense_iq8,9Iron,-1.0409999999999977,-2.093284699682976,0.9467659966920224,-2.3677285155524217,0.9483740534600369,-2.505182351263412,0.9284408969279841,-3.246530184742399,0.9440656505564825,-1.5853170433852355,0.9441813432718184,-1.1090707396359232,0.9431498686483065,-2.7550394995967173,0.9388085290728003,-3.6057046714959347,0.9529622290803658,-2.6349477669745673,0.9288695458188194,-2.0818178792337667,0.9343825606307286,-1.7584646284123098,0.8420596091106606
23,20260809_105706,dense_iq8,9Iron,-2.647000000000001,-2.604972069572201,0.9393314098176968,-2.783361897825651,0.9391127826170765,-3.859312131613439,0.9317015160498741,-4.013540466317959,0.9326709228504693,-2.8364548564790018,0.9483097774055239,-2.471638627386714,0.9481328319261121,-3.6030978533868376,0.9379263189361879,-3.974997507649075,0.9389498442204887,-3.856793559743667,0.9469564859958242,-2.307741542263074,0.9443627137365542,-3.70389517318578,0.8697392550278299
24,20260809_105706,dense_iq8,9Iron,5.447000000000001,5.588323591958066,0.9474783636475829,5.697334432331613,0.9483093187716937,4.713093751826575,0.9171104337123194,5.0609939603916505,0.9192696299755339,4.997470038598862,0.9430269107765686,5.126429675249506,0.941969376592164,4.909119911890343,0.9299938987963985,4.864335587550422,0.9292465360267985,4.551859661582245,0.9220213133726348,5.957978056604722,0.9462756480216621,4.299768810622946,0.7702564769348388
25,20260809_105706,dense_iq8,9Iron,0.8150000000000001,0.7438985535027994,0.9790919072541003,0.6139112205835346,0.9787333304139304,0.31820922091934084,0.9818064460370535,0.612468379270215,0.9819324275096307,0.9666438850700307,0.9840962364807808,1.2530552540335655,0.9844223425265697,0.45289033903614356,0.9852178437191659,0.4365553554937683,0.9854372854875331,0.9628985126928344,0.9866459089837819,0.31465613099362477,0.9816376350671047,2.002766580037631,0.871442459518094
26,20260809_105706,dense_iq8,9Iron,2.508,1.4086453091081392,0.990566831438402,1.367176829485059,0.9903965435334636,2.1636229617351894,0.9844715156963392,2.411368653233865,0.9842694292213735,1.031581533577234,0.987341823518155,1.2264285495056233,0.9874835499472595,3.4716187724430534,0.9812310987269491,3.2457433961345714,0.9809718899487935,1.8453343306659902,0.9808192698275118,1.4626091922507063,0.9904812888266883,2.3357793141833225,0.880537313478851
27,20260809_105706,dense_iq8,9Iron,3.651,4.430287727221516,0.968740786563598,4.43157331877277,0.9685612454887125,4.043557301699977,0.9684958829445676,4.256384883654372,0.9678274206773557,4.314853880880846,0.970185059533075,4.453033887336276,0.9703486767607629,3.4922871043697774,0.9558441284746824,3.3906823532883874,0.9552923925083353,4.264382991337672,0.9680108884131646,3.224849180088468,0.9691309082597941,6.575178409035448,0.9298557956191325
28,20260809_105706,dense_iq8,9Iron,0.6829999999999999,-38.320179672212376,0.3984149053347702,-42.22534926719616,0.44424885612745924,-37.858480479721216,0.438248292219876,-42.185041074500155,0.4829574376078277,-28.200949693751113,0.48473767704258014,-24.33338532382866,0.47552849057245544,-43.9293634609976,0.4756540875934011,-47.21698223726586,0.5081260710010207,-28.94232960931592,0.5275817305792766,-21.249198941304012,0.6179548501010631,-13.084739941417991,0.6346960218887693
29,20260809_105706,dense_iq8,9Iron,3.5029999999999992,4.887188398153964,0.9692990155255627,4.784494698628788,0.9704258001254193,4.267000711884255,0.9727098961245234,4.499563166990596,0.972807622801374,3.4460523334507926,0.9796986114825629,3.610554099058468,0.9795649991820076,3.88092676450999,0.9702857161307777,3.8288197434410725,0.9701885057381299,3.322519471537928,0.9812669205340319,3.3649665571663605,0.9764731813764671,2.937883860056043,0.8969124306809214
30,20260809_111239,dense_iq8,9Iron,-0.2869999999999992,-2.2559683933595047,0.9650036867057981,-2.3512744679899145,0.9638611645394766,-3.7372874600418795,0.9579356937399812,-3.4510653889280696,0.9566688130037108,-2.298880333571702,0.9645809590287441,-1.9919762327216046,0.9663180809086239,-2.0436782969161893,0.9540301053096083,-1.9992400935839207,0.9526125643562382,-3.107304067942452,0.9508837587990995,-3.4946340303253383,0.9625132346868714,-1.5785638178044337,0.888254380459562
31,20260809_111239,dense_iq8,9Iron,-1.975,-3.014656680520101,0.9611390708822554,-2.992938359947174,0.9607019739509083,-3.8442422981029765,0.9556397253748016,-3.597577829725205,0.9554155771477684,-3.9302132853739438,0.9631100748940558,-3.8190744375611727,0.9640372983240165,-2.493850473629246,0.9411128645885688,-2.675607894155874,0.9427670562439268,-3.7293504014378875,0.9531646861952149,-3.535343763698436,0.9601839158094283,-5.952886601304956,0.8151892873449181
32,20260809_111239,dense_iq8,9Iron,2.692000000000001,3.3719924185555206,0.9754771984465491,3.2136427199367064,0.9754625531650827,2.6943160133801816,0.9777859427790265,2.863619647102074,0.9776029740817597,3.3322348507300745,0.9860196413277741,3.6678448337410177,0.9862588910228377,2.768897886334521,0.9752617090498331,2.617096386006281,0.9750208333036403,3.331117273797261,0.9835202091082742,3.2353791707295914,0.9836351943386298,2.96591764905441,0.8710616924379899
33,20260809_111239,dense_iq8,9Iron,8.571999999999997,9.331726413646406,0.7206109903688879,14.024459416117741,0.7446207986649112,10.040513854704148,0.8019342767597464,13.265955013474596,0.7941367186877024,10.564200495890855,0.6555539111152877,4.751238374158995,0.6908089275402154,8.874558965070142,0.6769124985378328,13.19805005260238,0.7904522349541244,10.173518139211735,0.7207794618653454,13.850749615007164,0.6439566462246157,11.268782644022068,0.41573022649009883
34,20260809_111239,dense_iq8,9Iron,2.443,3.5571008582565513,0.9796473291627318,3.573176641330518,0.9793957257927705,3.1715158055962442,0.9839264294021031,3.484208438179994,0.9834805868011043,2.6451628208218954,0.9827244732362491,2.838268697513912,0.9828714191358333,2.770715323181171,0.9764564367914123,2.738676722337554,0.9755830797449319,2.9503480876820958,0.9817397961264153,3.3867902439187074,0.9899929052191424,2.0106891453902547,0.8828610729138805
35,20260809_111239,dense_iq8,9Iron,-3.6969999999999983,-3.5487065527172437,0.9554966718687955,-3.5922191834075092,0.9540613086669246,-4.859016302632416,0.9308874174173327,-4.370811028817372,0.9325069286519334,-2.4338102750457558,0.9553459072240095,-2.3746527892515563,0.9561375874946337,-3.9809915610486932,0.9284817789393653,-3.750539042046586,0.9297177401536273,-2.5262013127557714,0.9284538350986494,-4.047553504294531,0.9572713058265991,-2.4050803073048526,0.8042725953294508
36,20260809_111239,dense_iq8,9Iron,0.37599999999999956,0.4178213921102637,0.9853118275774075,0.2721303038939831,0.9845163877323778,-0.033982912501797906,0.9823942020408694,0.12649415617799345,0.9818608432622962,-0.5850735008808416,0.9810268098814686,-0.22788096627009669,0.9821349653717083,-0.10555743651885867,0.98509836381946,-0.24514024055678268,0.9849713221758372,-0.7916584707485868,0.9788916753433542,0.5835339523515798,0.9965100019516693,-0.5325200914130911,0.8959110260891724
37,20260809_111239,dense_iq8,9Iron,0.7980000000000013,1.247095726670716,0.9668447395339816,1.265297873047358,0.9695561921424316,0.7278433186510312,0.963465975056209,1.1312204939180848,0.966105819533332,-0.024093139921852566,0.9727369265339405,-0.018266213193643403,0.9708949764389708,0.44046985215575335,0.9635407344363284,0.515625368875678,0.9655260902215741,-0.1536504528035242,0.9698098880054269,1.020976757752916,0.9886766138917102,0.04226699156194169,0.9132552677432857
38,20260809_111239,dense_iq8,9Iron,0.15000000000000255,0.9052982578039176,0.9487379148271562,0.7466384794198281,0.9486222687001358,0.4869830212819146,0.9499723697395586,0.6256156788913598,0.9501795640583751,-0.4544910203088013,0.9614281604395741,-0.09455333349912624,0.961039951610681,0.041930787378839,0.9419482616404397,-0.0599505701392694,0.9425048303704409,-0.22875786040356852,0.9595548017625793,0.06908599859990246,0.961311976946146,-0.4614171492437024,0.8777781551511784
39,20260809_111239,dense_iq8,9Iron,-4.236999999999999,-2.803031809753013,0.9483229433596887,-2.9584000307928684,0.9485559380218446,-3.86947846475,0.9628357567885928,-3.6814603670543025,0.96281282420095,-3.3876063175520135,0.9370520360042266,-3.0422142906251524,0.9371559764382278,-4.335044913815339,0.9665713406598941,-4.34281734243109,0.9664447690026099,-4.250446902079976,0.9538470293445298,-2.2838295716125767,0.9410200860307437,-4.85001449617362,0.853001393221475
40,20260809_111239,dense_iq8,9Iron,1.5270000000000015,1.1734941977205438,0.9825372688119225,1.0833678988970012,0.9824510431289267,0.7028207090228117,0.9789430683585595,0.9597793430704782,0.979004400194948,1.1719246365515446,0.9816907306068425,1.442184684480454,0.9817495819534628,1.8711520436365017,0.9741729377396364,1.6276285079252162,0.9757686597052492,1.4655535085651379,0.9822475793715785,0.7678740025420451,0.9780816088852895,1.4913803933101368,0.9273789377670674
41,20260809_111239,dense_iq8,9Iron,-2.4189999999999854,-3.874678171506831,0.9248325246802954,-3.585539573244226,0.9292283531561536,-4.312825743406354,0.915847570357224,-3.760934530422745,0.9220527654232201,-5.235731909007868,0.9821867786937902,-5.034099992605121,0.9818129128265807,-3.1075540542398685,0.9088143080702448,-2.586972152751639,0.9112026491874439,-5.172929178272876,0.9804382472033976,-6.015831363766246,0.9801729837708281,-4.955754546163715,0.9478548628473138
42,20260809_111239,dense_iq8,9Iron,-0.3469999999999999,0.5742693952397575,0.9741294494332997,0.2291179407017301,0.9754774119555207,1.0594532230313218,0.9698925701421031,1.0523929350154788,0.9703084981875129,0.5867164384020473,0.9733966001326098,1.1030236185381312,0.9723494388261921,0.7126746802670915,0.9728079085086463,0.42226331405070455,0.9736974351855026,1.7910814194795173,0.9694481213780727,0.6113075817831821,0.9689053263389928,-0.10018990139623277,0.7582621942631826
43,20260809_111902,wide_iq16,9Iron,-1.0529999999999968,-0.10510038682738954,0.9537563036878713,-0.08831350364074682,0.953305072191795,-1.0529999999999964,0.9480810409249852,-0.7085849540300876,0.9475230391774585,-0.6573895406435624,0.9591630335499407,-0.45526060638567456,0.9598104464351436,-0.6807472233713113,0.941847607432449,-0.5914874310221022,0.9414487777155699,-1.0529999999999964,0.9556392794344856,0.7087012268948841,0.976410795425635,-1.5611911296344587,0.8569965193874333
44,20260809_111902,wide_iq16,9Iron,0.4990000000000001,1.3385962576949542,0.9647003496133223,1.1191230764473943,0.9638874364466385,1.0677285800486747,0.9637309486351537,1.1606744342774382,0.9627248471352297,-0.27178812945916603,0.960634963628411,-0.0025529602870220437,0.9615575301986387,0.803887114281447,0.961275415769976,0.6527986319768813,0.9607888205053722,-0.05568094468792507,0.9595743903946454,1.0388040623071193,0.9763589147318785,0.49900000000000044,0.923204286888497
46,20260809_111902,wide_iq16,9Iron,-1.8519999999999992,-1.2916586729783621,0.9430307819041426,-1.6028301870644468,0.9428431188278676,-2.3531547272771545,0.954936174054137,-2.2966021732473014,0.9542484236535524,-2.1778325054428507,0.9501570281356343,-1.7722247080488764,0.950782696141066,-1.7040118691802864,0.9617213611562365,-1.8519999999999994,0.9609177836195268,-2.7708723243611573,0.9636432938308175,-1.0638750929885619,0.9575212287852918,0.18319846272581047,0.8856997172025276
47,20260809_111902,wide_iq16,9Iron,1.4870000000000003,2.0856407815531197,0.9655196316396729,2.0437864334211113,0.9655291820224181,1.7300022425673292,0.9623286293536248,1.9292270228268336,0.9626856387890406,1.8732774046780183,0.9777579462583782,2.1288809906660555,0.977668256867565,1.8621441615469545,0.9650429667225595,1.797308428404689,0.9653706662116402,1.8479623823473619,0.9779792320931088,2.930558244389169,0.9916042782507455,3.8320754174104272,0.910485069276454
48,20260809_111902,wide_iq16,9Iron,-2.560999999999999,-2.9605485781184684,0.9662371578486975,-3.1847353852567513,0.9661449053967279,-3.1025583533203567,0.9698772480466288,-3.021090041058915,0.9698249751588559,-4.904319804348991,0.9701213142414634,-4.561710060100475,0.9700400217738389,-2.081525191753763,0.9552955497498173,-2.2163938718169587,0.9546598835915016,-4.554234905018728,0.9746518722041235,-4.107217078927406,0.9754123365360862,-3.4754041567150007,0.9061653113235781
49,20260809_111902,wide_iq16,9Iron,-0.5240000000000008,-0.5240000000000009,0.9351884478490172,-0.5240000000000009,0.9356020887401817,-0.7657988666535684,0.9324775833444011,-0.5240000000000009,0.9327611665746388,0.25220555574055337,0.9354835044426927,0.45184660387793024,0.9348054374812026,-0.5240000000000009,0.9433623447962436,-0.5992750076769577,0.9432770328842367,0.5612916961155183,0.9315386246311619,-1.1356812845356605,0.9308206694945076,0.15235030689054185,0.8692097397098594
50,20260809_111902,wide_iq16,9Iron,-0.8639999999999991,-0.15524579693032284,0.9678967437691622,-0.30235189470380697,0.9669530225237998,-0.9753534757287108,0.9655389854786968,-0.9060461782803918,0.9644818080361847,0.3920357759913457,0.9933050570899916,0.6765793585347294,0.9931524060108031,-0.5610605574264883,0.9723584371844531,-0.7449101402326045,0.9714397874782121,-0.21005319315017779,0.994103681858164,0.04185793268517978,0.9919806044608624,-1.495222628125243,0.9018158863396722
51,20260809_111902,wide_iq16,9Iron,0.2789999999999982,1.2530797352486618,0.9691920669769448,1.113833194483148,0.9706716841445487,0.8849935084798597,0.9714253314345828,1.2964966585357816,0.9718650059488965,0.7721786314055632,0.9767558050650076,0.9716397389935221,0.9762751177822229,1.8939003520022422,0.9623864765765106,2.06816066387265,0.9621985198096928,1.0356727505746837,0.9663758490463871,-0.06929233939194566,0.9744612235335387,-0.16631804149982515,0.8221817914596786
52,20260809_111902,wide_iq16,9Iron,1.5450000000000006,1.2199797213983532,0.9539876731678396,0.9883298500084153,0.955469066981989,1.4196027019296515,0.9534331838514553,1.501068720077589,0.9548597930173474,0.5187182226032268,0.9480154355513607,0.9039905721407427,0.9461116214410717,1.6752154195952231,0.9467647318858381,1.3908633783790152,0.9480668727193874,1.0965467465451357,0.95184634184987,1.240139097783091,0.9470952054614707,-0.04781417527893432,0.9202968598412243
53,20260809_111902,wide_iq16,9Iron,1.754000000000001,0.7147220125661811,0.9867820942422991,0.7642747560615906,0.9869337962066602,-0.04265728570978237,0.9759294606305141,0.2760811193553981,0.9756095573298232,1.0881157193234203,0.9880449082961189,1.1473066464650679,0.9873355326430207,1.2291730232569509,0.9744590269240969,1.2149381108193715,0.9747145615843797,1.0306618393840972,0.9834676544740514,1.6686537576000717,0.9951354587626834,1.7202446607273043,0.9210198640301792
54,20260809_111902,wide_iq16,9Iron,2.8979999999999997,1.7733053707910138,0.9657994770209115,1.6697138635622222,0.9660279670718288,1.387996164934315,0.9717431500979778,1.5877903107071232,0.9721809193043062,2.1923120361105317,0.9805546734220584,2.4769651592114523,0.9803751580603738,2.2147826820715584,0.9702810955547267,2.091023649583002,0.9708332292161627,1.935487173120161,0.9775183060945565,2.898,0.9867786886745861,3.885777616585254,0.9123262046042236
55,20260809_111902,wide_iq16,9Iron,1.1819999999999986,0.025725367627902663,0.9898445010313157,-0.05652624307013241,0.9892554983127989,-0.22565926945552528,0.9900155338568475,-0.09548000631589892,0.9894587479691689,-0.6101777797784079,0.9867779452638991,-0.3259452613124668,0.9872295052710661,-0.33413137052590614,0.9558372574320442,-0.19554168327670443,0.9632195490632689,-0.6331462243862723,0.9873871329665346,-0.6472536925196032,0.9851014165986164,-0.4293289654534716,0.9053426200770298
56,20260809_111902,wide_iq16,9Iron,-1.158999999999999,-1.8884725571767296,0.9672611487107609,-1.858000953242666,0.9672801938828949,-2.8071880449751285,0.9522872242688117,-2.47698402547699,0.9527780863434279,-1.6901040371795297,0.9721108463726429,-1.5227235168864004,0.9722006319191975,-2.328631441866339,0.949204229279973,-2.287756986339855,0.9495197496679585,-2.33340424429295,0.9522939983912535,-2.993714186582544,0.973288119165527,-3.7643653084736446,0.8587021482962266
57,20260809_111902,wide_iq16,9Iron,0.22900000000000081,-0.3254548029538332,0.9767700481225696,-0.4595062530157757,0.976867304146918,-0.22153418493480576,0.9701837520272493,-0.06521067407086235,0.97066284993184,-0.10941608853197414,0.9727061412824167,0.22900000000000117,0.9725787027360737,-0.08518258490791249,0.9597721019027325,-0.12603171753623352,0.9600179163789194,0.5133045884963127,0.9665977605930741,-0.1489992694650143,0.9677161293678487,0.5388291377203512,0.895664406157732
58,20260809_111902,wide_iq16,9Iron,3.095000000000001,3.0677859324474106,0.9490130442758417,2.8648421783654503,0.9476602980235626,2.63161120701584,0.9364185258538269,2.663892475127235,0.934606458528413,3.0950000000000006,0.9370264307980979,3.4645413652655144,0.9392214666298905,2.2449806163010586,0.9453261053840054,2.11106259778806,0.9437206440089523,3.0535176062501828,0.9179552951492546,1.18426798962106,0.9431920021426844,0.7219075499305889,0.8470656617683229
60,20260809_111902,wide_iq16,9Iron,3.7070000000000007,1.878332535422002,0.9397039789722468,1.8507481892095814,0.93932503647594,1.0968267869908122,0.9370853119627162,1.4802573785430229,0.9372906038155133,4.277790174483641,0.9696088312992533,4.501315090541242,0.9694322286337053,2.181805582820595,0.9460829867050256,2.278420367909352,0.9470183807260786,4.2829658914168744,0.972928687100491,2.860494626201956,0.9731305591292888,3.20009891951879,0.8975718711690052
62,20260809_111902,wide_iq16,9Iron,0.21099999999999958,-1.5141089582766432,0.9828334333762164,-1.553259221351018,0.9827067417311263,-1.9414864543359676,0.9823335029448462,-1.6638081673739114,0.9823506004466461,-2.8795263985774735,0.9875611068022541,-2.6319115021188257,0.9875161610066545,-0.9031724367060353,0.9765972631037991,-0.99300263885025,0.9772335186081126,-2.961215689799946,0.9876284297165845,-2.7183198035593716,0.9873225449899482,-3.0459464314425406,0.8785829785930519
63,20260809_111902,wide_iq16,9Iron,-0.5169999999999985,1.639153979866325,0.9764322544214533,1.563532259997375,0.976256752608511,0.7664322196299682,0.9807229083312398,1.0086115533590143,0.9804600007721128,3.0477055413588388,0.9884508153557383,3.2918876512281243,0.9886673520947898,0.6269116583077046,0.9641449566958457,0.6233599226008272,0.9642950823009296,2.3470870283643426,0.9872122082145899,2.423995201597912,0.98688992206677,2.875507320544674,0.8810012689167965
64,20260809_113433,wide_iq16,9Iron,0.1809999999999994,1.2028558323109952,0.9607353983534752,1.1615078160557064,0.9608084191682666,0.5567715213648473,0.96153611800333,0.8095882030105898,0.9614907292970859,1.1930867566520533,0.9757501772353837,1.437698294032719,0.9757095988233505,0.2787282940139213,0.9673344448709786,0.250902800442381,0.9671302908745145,0.9679204872053009,0.9763792832799575,-0.06604417095111088,0.9781931136826396,-1.716288439349277,0.9331241326687201
65,20260809_113433,wide_iq16,9Iron,2.858999999999999,2.8900602717421715,0.9740837162803655,2.79348092268439,0.9745928386452432,2.3888267655946045,0.9751708596401357,2.5730077196395573,0.975566587764566,3.1843797857747504,0.9871700150007884,3.4936788163527206,0.9869795423099482,2.627687015196424,0.9766471578582845,2.5317675414912943,0.9769407170237081,3.3239706664995783,0.9873598790954121,3.0700105970196954,0.9850882937945901,2.3212938172493294,0.9030736865616965
66,20260809_113433,wide_iq16,9Iron,0.5170000000000009,1.8730141076311444,0.9795471167687144,1.7576825582694933,0.9798857671114024,1.3502698767830281,0.9858925852566114,1.4794864509968269,0.9859732045675759,2.445874724901145,0.9853581369841443,2.7930680027635493,0.9855230543724521,0.747846965799825,0.9784145505661235,0.5865658930468619,0.9785447476322322,2.197486309682278,0.9870233097114229,1.5425254720174901,0.9851227515621755,1.1724956158063284,0.9055754941878407
67,20260809_113433,wide_iq16,9Iron,-0.9309999999999982,-0.6426379065987232,0.9765340069902434,-0.7026064228368382,0.9762095705470764,-2.5605165496756785,0.9672571777830324,-2.221081410628747,0.9667193656651959,0.20420311288947052,0.9904137260186168,0.40746489497375715,0.9901345753974925,-1.8761007947611805,0.9685936152900219,-1.8637783805321182,0.968434534093094,-1.1828343753988626,0.9718865614899332,-0.467469241414844,0.9892799025242255,0.03904779470254572,0.9270203316293564
68,20260809_113433,wide_iq16,9Iron,1.2139999999999995,2.7308087371841703,0.976807148185562,2.463131022960258,0.9775360734458266,2.6618504618373877,0.9768741292099956,2.7667316252055554,0.9776507661468842,1.886780479356984,0.9819902307701875,2.2296942466637555,0.9816826146938317,2.2749285565965396,0.9688422847657302,2.0921670867874695,0.9694877380985841,2.123184326342586,0.9862333590384555,2.694452366785181,0.9901730752179032,2.7626351084459624,0.9229110488710531
69,20260809_113433,wide_iq16,9Iron,-4.886999999999991,-4.019499008211631,0.9787668786215615,-4.185168303267139,0.978267598406559,-4.337673419699161,0.9774546505820334,-4.1766526713514445,0.9772050846413357,-4.479786881782329,0.9725930273431056,-4.101202363483232,0.9732680460445602,-1.1320391760341595,0.9290662442435336,-1.574412421430714,0.9327678962264053,-3.8964223620639267,0.9742398269279195,-6.222006854146024,0.9842353272092252,-6.951742918919232,0.9132889253518496
70,20260809_113433,wide_iq16,9Iron,0.8130000000000012,1.8891794551878114,0.9666242327249938,1.8314385335588559,0.9674079755672803,0.8855064477711806,0.961468156798992,1.0862088390387512,0.961598881178177,2.048451873436057,0.9836032042898949,2.3804938583763113,0.983317248679466,0.06940420169853123,0.9563247110398638,0.052718112413423814,0.9572808877733336,1.7220147476637702,0.9885119120703318,2.3876141376663096,0.983909481076355,2.494057193833525,0.9009458902879647
71,20260809_113433,wide_iq16,9Iron,1.116,2.61348617784167,0.9476696404205488,2.4792381378460617,0.9478268195824593,1.0510702193381034,0.9448843362370198,1.3347865915711707,0.944419471663761,1.9712493543965592,0.9635212098990635,2.2432644386127105,0.9635827806054339,1.2360364069482632,0.9316894832106056,1.2386171858092412,0.931054899816585,0.3747712321118162,0.9570722443710546,3.075293647961455,0.9754109397089304,3.8146572765481466,0.9014996549032379
72,20260809_113433,wide_iq16,9Iron,0.08900000000000066,1.2456918687495542,0.9842330076078519,1.1653608905878339,0.9842483050623475,0.10299130683583434,0.987720329647651,0.3588558912301114,0.9879621141398354,0.7450223367472185,0.9798403205966496,0.9868440799133713,0.9798381159871877,0.07164958141043613,0.9820491650100405,0.025373173285775402,0.98198021804797,-0.12545588596095866,0.9854433996699014,1.6210926218793236,0.989554308435095,2.472950088819528,0.9053310279447632
73,20260809_113433,wide_iq16,9Iron,0.3530000000000008,-0.7637491115952594,0.9429666102397524,-0.9448858961995935,0.9432294408885592,-0.5179339418338735,0.9438034501985461,-0.33915740511589426,0.944257790380416,-0.2288837762122978,0.9496383149264226,0.08609330202458308,0.9489711488883429,0.6022360385471757,0.951070533827048,0.48782534237184116,0.9509574776194422,0.7690397359158208,0.9530022747815765,0.3858198968964057,0.947485238828526,-0.0089021632195608,0.9049391538786657
74,20260809_113433,wide_iq16,9Iron,-0.6259999999999974,1.4579719441568169,0.9785757453063225,1.3822619916346826,0.9779879420485468,0.2168537836735707,0.9743014532680511,0.36696773722417947,0.9746995994998381,2.074094817510564,0.9852984276220378,2.2363397167028642,0.9851814234196978,-0.8013423788975443,0.9593931471561369,-0.9680991898449172,0.9594126714986156,1.0622444257832173,0.9760822505247756,0.9352178141306123,0.9878480591662436,0.1047756462815709,0.87632193037011
75,20260809_113433,wide_iq16,9Iron,6.256,6.874194823049966,0.9560259055783926,6.728526326121081,0.9598282975444006,7.364119567964967,0.9343244795728368,7.209457270370398,0.9348566200139174,6.66429640984505,0.9950463098952435,6.763803435776638,0.994950860420667,3.499710203956672,0.8282221317051727,2.6669111060432336,0.827681408730064,7.946747903637951,0.9636403861720264,6.840647215936244,0.9968035033592899,6.68707534289204,0.8147165935247614
76,20260809_113433,wide_iq16,9Iron,-3.3009999999999806,-4.026173206532267,0.9831726058574752,-4.245953844873447,0.9835449102222971,-4.483038310160127,0.9883089587500535,-4.346364416373299,0.9883904144346417,-4.771533216974952,0.9808901250618532,-4.333581411867325,0.9803443214024924,-4.024209806661656,0.9723528760785538,-4.113859311633131,0.9729331241474749,-4.593329676734882,0.9862102549406504,-4.764634805009288,0.9778512921118099,-5.396006245234577,0.881346798399881
77,20260809_113433,wide_iq16,9Iron,1.253000000000002,0.8678649168186375,0.9678183644172004,0.8480330021938884,0.9677502712752842,0.8265974830150252,0.9725201813906288,1.1483942650605985,0.972155364170419,0.9553065758139526,0.9656597134245473,1.1043053398220528,0.9655608958070655,0.5394166857897686,0.9756564218823393,0.6030426551163579,0.9753012452022205,1.1981413106984458,0.9717003974315899,0.41690073165123587,0.9593076807921274,-0.3041711239072799,0.8922704903547719
78,20260809_113433,wide_iq16,9Iron,1.0550000000000002,0.2713559550153576,0.980369557039714,0.040673615452946246,0.9809245917703813,-0.09616786816049487,0.9827357521586916,0.008317761778389762,0.983030384134176,-0.025403573908864555,0.9868301706877074,0.45285820612682187,0.986303294343792,1.4686078587143505,0.9762337968218511,1.279069361044618,0.9763525559121473,-0.0546277748457425,0.9863496268750828,0.2513811123286522,0.9870788386251437,-0.4770786909922825,0.8672452162260644
79,20260809_113433,wide_iq16,9Iron,-0.11599999999999763,0.19667460645066245,0.967995228283466,0.1532093655119446,0.9689120276574889,-0.2980744139424572,0.965968116416234,-0.1976473233525699,0.9665583571390125,-0.3495816519459586,0.9591329351157061,-0.1511959425515974,0.9574924208013501,-0.40688995281215634,0.9685817874779172,-0.5392184671427064,0.9694330789144071,-0.6630135791500582,0.9602952450521575,-0.6955254443030559,0.9503250015576071,0.37461120907039946,0.8264733738585256
80,20260809_113433,wide_iq16,9Iron,-0.5729999999999991,-0.37639442127573425,0.9644999214001873,-0.41462905687817164,0.9644662238993684,-0.5403259049745837,0.9582473602572648,-0.3310409015232537,0.9581065196015458,0.058719077718508414,0.9675894226776719,0.2590424394292499,0.9674824792727769,-0.3841637033394327,0.9584954068644223,-0.4771007187630367,0.9583420685355674,-0.049505006793143645,0.9589266167489583,-1.2025909685508465,0.967668630015636,-1.7389855939776238,0.8940584119128385
81,20260809_113433,wide_iq16,9Iron,-0.47099999999999975,0.8602367467701322,0.9546468226258737,0.8251652812803089,0.9546542881654746,-0.10370030215908765,0.9526585296934441,0.19780740937765645,0.9529688093128301,0.44704685245113773,0.9700490374090229,0.7135044581699902,0.969882333900526,-0.52460368017837,0.9578372220496858,-0.47328537917067565,0.9578597338295511,0.10309172860058834,0.968007431368658,1.3092176762534171,0.9770647242653357,2.295202325634397,0.9210269395315741
82,20260809_113433,wide_iq16,9Iron,-4.477,-4.520966831400692,0.9488006404083621,-4.873962506479532,0.9531263754040987,-4.684050638572452,0.9486658523489117,-4.784184723219604,0.9526003213408623,-4.876386739361541,0.941669254886545,-4.208146553179429,0.9371328597001929,-3.310234330996112,0.947343223096731,-3.5340647772948373,0.9485890855440828,-4.717989613702525,0.9423403141635214,-4.424575363909375,0.936399152909186,-2.727447401354427,0.7917022071594039
83,20260809_113433,wide_iq16,9Iron,-1.8139999999999932,-1.870986209256284,0.9938368980912987,-1.985822541952966,0.9938539150457861,-2.410432358859559,0.9922631078142702,-2.1978704756031786,0.9923239086053398,-1.8299001195812852,0.9945968502740872,-1.539516067308795,0.9946373350783245,-0.873104430777789,0.9841593402724392,-0.9750658461077566,0.9842748994009851,-1.9690149138372326,0.9920187506652031,-1.931459956511917,0.9940329873175531,-2.0155672288969284,0.9241338012998379
84,20260809_113433,wide_iq16,9Iron,0.33300000000000085,0.6643542573713244,0.956018575369553,0.5414958721118645,0.9557991335930713,-0.04131310600350391,0.9359517562592023,0.15892686972699058,0.9355396146489088,0.7626410847440908,0.9561540334135983,1.0500217460076882,0.9565835669056456,0.6317394590703178,0.9382352790886811,0.468281642460847,0.9382634952362833,0.2761670717022898,0.9300179066788887,-0.6553962530265455,0.9557978507768609,-1.2493957734079735,0.8104540358744844
85,20260809_113433,wide_iq16,9Iron,0.5749999999999997,0.9625273221359938,0.9585840397240397,0.931924978879668,0.9580194000079221,0.38092778386377574,0.96139812849143,0.606879599657881,0.9607887681965226,0.30207488545700195,0.9690006880148225,0.48363074420531377,0.9693285593414163,0.9627464426459282,0.9611003574952669,0.8760167498302108,0.9606719350574185,0.06166239868366039,0.9743589634019285,1.4705190652999924,0.9839997135172134,2.3183061899355053,0.9212407352601829
86,20260809_113433,wide_iq16,9Iron,-0.37200000000000194,2.21795033813278,0.9494127708325822,1.9581904285678282,0.9518590855731416,1.1343434376461463,0.9419911289217039,1.0657583988645571,0.9456375103206264,2.970737123156303,0.9519963695188824,3.3669400686309805,0.9493993412343218,-0.022015684453378946,0.941539061827075,-0.19802798980357592,0.9451718940080697,1.5548418498331054,0.9353543601623574,1.4300666261254413,0.9541218999014036,0.07397149419315928,0.9243273672376884
87,20260809_113433,wide_iq16,7Iron,2.9359999999999995,4.256999221234946,0.9474985362877227,4.068419122819307,0.9483771751733799,4.492611677809329,0.97254611760742,4.718729460067189,0.9730581647915615,3.5085299048731624,0.9326806178488253,3.916911332268752,0.9312883629884142,5.4554972969870645,0.9593070882168713,5.509415863005968,0.9581294317146863,4.9300018397316006,0.9665411839173881,3.5698104654382283,0.9184439450794303,3.6403234406968443,0.7377217873107677
88,20260809_113433,wide_iq16,7Iron,3.608000000000002,3.514767502683723,0.8781884595476434,3.234659117193237,0.8791015783966452,4.108052844238609,0.8976249823164768,4.407725387732415,0.9055322135676692,1.707048332537629,0.8694336923487135,2.4488009757528215,0.8673066769917779,4.13998464782684,0.8940170415110995,4.077795953176248,0.900058850347688,3.5870293867599634,0.9015335870864781,4.5529388422802315,0.9217946711763202,7.755226973645494,0.7670942236514597
89,20260809_113433,wide_iq16,7Iron,-4.979999999999999,1.1482312689628114,0.8007469430219091,1.5099204213996194,0.8365897568978174,2.99486057938713,0.7271906346711272,3.139164936866537,0.783585914656814,0.5403298214927458,0.8534318708913076,-0.07387430057957915,0.8064863999271732,4.359440685561001,0.7320458368516813,3.471687108680178,0.7840594887367249,3.080892416270097,0.7760335306030245,-1.6927689836181952,0.8285339149226203,-1.4113122768460045,0.8188007795793215
90,20260809_113433,wide_iq16,7Iron,1.0740000000000003,0.15212180463495129,0.979848287138509,0.06805887615980764,0.9802572205589071,1.0148926439186914,0.9814015053443456,1.3271466425050575,0.9821438546456467,-0.29151357960605156,0.9813669885611314,0.04823787040182775,0.9808896642624648,1.3053357312144314,0.9812165714306256,1.3345176386503048,0.9818183131512166,1.4864775904333876,0.9827770120092127,-1.6887361325579078,0.9884205105991059,-1.270433525078128,0.901412794123157
91,20260809_113433,wide_iq16,7Iron,-0.6159999999999993,-0.6759389651474706,0.9332481293900692,-0.7827348314746282,0.9346202009438274,-0.8677898841467481,0.9812937286916803,-0.4781450663573729,0.9809867119275918,-0.9028520637140443,0.9202911509696693,-0.7277091349719488,0.9167310050015032,-0.17335180412265966,0.9829574320571884,-0.0916448547452782,0.9830010338563487,-0.09558169731020569,0.979898493572425,-2.210198450543267,0.9077812730955206,-3.339646188471551,0.802148045385377
92,20260809_113433,wide_iq16,7Iron,2.474,2.4086030641746636,0.962273150516234,2.1980997788481385,0.9620980035866233,3.009890952177765,0.9654667410651977,3.012703943574982,0.9649284437493669,2.465908370423345,0.9626029941365655,2.900850675593404,0.9631223019624461,2.712237589365787,0.9598103994854608,2.5020696889734944,0.9599054641569006,3.2874713458751823,0.9588636549144471,3.275177768531029,0.9655701334302822,4.012374299094371,0.8787398642216679
93,20260809_113433,wide_iq16,7Iron,1.0779999999999996,1.9278983061582768,0.9305860791022293,1.959545330860392,0.9299637131757086,1.926630682633888,0.9352256904630447,2.1463891298656628,0.9339225035123053,1.7168576728300624,0.9621420510659734,2.0442202207022335,0.9623170294052731,0.6802505292464164,0.9178464110664362,0.8053435231295545,0.9201227790628046,2.0395384382426167,0.9509650607397618,0.40550067923698146,0.9616647167044855,1.2081342206561538,0.8501814863665892
94,20260809_113433,wide_iq16,7Iron,-0.00499999999999702,-1.5223124058486388,0.9572100973870372,-1.8135433310612996,0.9582287132649037,-1.610701359252323,0.9408313338412496,-1.5003233252067125,0.9419448170083107,-1.938943576464808,0.9771099569143885,-1.6350798564827118,0.9763877639294717,-0.39424559593789943,0.94722285159059,-0.618960791715119,0.9475118050570203,-1.2114619648698268,0.9609440897112843,-3.888773035402018,0.9976584058871332,-4.901300914314655,0.8353251355856192
95,20260809_113433,wide_iq16,7Iron,2.2170000000000267,0.9902745583377044,0.950451143468424,1.1624272019400141,0.9545812078455228,0.6751191319985802,0.9566330913425931,1.084315972907144,0.9584851046044646,1.944934742017444,0.9859481890073198,2.169385898686679,0.9857717263741788,3.789023688040487,0.7717895305529976,3.561286033275066,0.7947805436185844,2.015560028764226,0.9850943714230916,0.9084795153633094,0.9875709920090642,-0.09517787803656969,0.8693686217904621
96,20260809_113433,wide_iq16,7Iron,1.430000000000003,1.4708472162054245,0.9762214277950969,1.6609687940726485,0.9762702012872022,1.844501694943828,0.9667572182470445,2.47940520464264,0.9669153980454596,1.7793144276324342,0.9738092166152693,1.7526218601521775,0.9735349279076121,1.5087105408349977,0.9707476625346418,1.8427308726008058,0.9700105014729282,3.2897859898756474,0.9659104973685401,0.4587478734055445,0.9756245509994356,-0.37156595359911154,0.8847503270506422
97,20260809_113433,wide_iq16,7Iron,0.48999999999999844,0.257017473429908,0.9868111709398258,0.13630880604230053,0.9869659264243926,0.29376259688341627,0.9836882400108428,0.48583108620058013,0.9839409956032732,-0.32787896675856465,0.9886378578406604,0.03075061774623814,0.9885414970077774,2.686804727629439,0.943848046014147,2.068152492338225,0.9492418743043097,0.253838989308875,0.9824780309634491,-1.2862162769459626,0.9898125499863806,-1.211983696250015,0.8858695683128046
98,20260809_113433,wide_iq16,7Iron,-0.44799999999999623,-0.44657297901841436,0.9345034477640618,-0.04858414194526022,0.9358798100598303,0.8909839496732486,0.9482642834526909,1.666777050282732,0.9488321857773409,-0.67674461686342,0.9447509506675845,-0.7621709241350322,0.9439615242387994,2.0574028931821498,0.9496068117920956,2.50421109184575,0.9509267554520516,1.8380211738248946,0.9644769169530109,-0.7678923540431103,0.9326850378266627,0.35259385388180536,0.7837412195529915
99,20260809_113433,wide_iq16,7Iron,-0.65,1.9267933628516924,0.9433164135973949,1.6390945861930788,0.9406430914007343,1.9090743393201859,0.9513864173291637,1.819002145308965,0.947270828089133,1.0996729199641107,0.9380989331840474,1.5413714703347188,0.9420405620674823,0.852017955128505,0.9296790378980416,1.5213966868665978,0.944049663135181,1.6096577104904848,0.9449786445481174,-0.15895719565871191,0.9288640221311193,2.6191986544892405,0.7937472590028055
100,20260809_113433,wide_iq16,7Iron,-0.14600000000000019,-0.9037223488179807,0.9656883795559563,-0.8465677382239633,0.965934825381772,-1.7980369749927645,0.9521011705319444,-1.0346270610912855,0.9566864810627717,-1.0798502119628206,0.9757325037408243,-0.8116302146121659,0.976423626051148,-0.04630174904291094,0.9480781637048963,0.19955239802286387,0.9534784303167603,-1.317657979700755,0.9772987932562887,-1.593849565196447,0.9710229775927921,-1.8460367026615172,0.8933680251343309
101,20260809_113433,wide_iq16,7Iron,-4.393999999999997,-3.486923501754355,0.8237813586762492,-1.359018047187155,0.9035601361889194,-2.190681678700839,0.9512488473908304,-1.4737317676286565,0.9576420073361644,-2.5599715592214793,0.9258200497785344,-2.1738898407610954,0.9190867578537555,0.10219396756461299,0.9345375651710981,0.5740854565939583,0.9409657475017844,-1.6540181703665002,0.9534074771923752,-1.0896285792264888,0.9347034122748599,-4.510912309604071,0.7677157232251852
102,20260809_113433,wide_iq16,7Iron,3.037999999999997,0.762511781464822,0.8270657803637042,2.304379516402276,0.8295813414990296,0.8982454380777415,0.8425584036353272,3.719076987042121,0.8657410429954348,2.3948549578912015,0.873315489935515,1.125604350328018,0.871174011157647,4.243382514205092,0.8173195030889124,5.543570686670591,0.8605195881707294,4.159219139870986,0.893442664454244,3.994502879731997,0.8788614728605256,1.9518504108863295,0.6410190602089779
103,20260809_113433,wide_iq16,7Iron,5.347999999999999,5.307784418457772,0.9095190490077626,4.728814154531016,0.9100527936230379,3.9136869094533036,0.9430415764843635,3.945495827857643,0.9397737480938871,4.130169536926513,0.9020678166756997,5.089206144546744,0.901988697860069,4.823102934634597,0.9473365262703931,4.676111509107456,0.9452021955709461,3.349816637485727,0.9391458978634502,6.304081271379756,0.9229895093792408,7.366032279615414,0.7476691223417259
104,20260809_113433,wide_iq16,7Iron,-3.2689999999999975,-3.3562512445675012,0.9554120767817538,-3.1432077315626095,0.9549258283996686,-3.398149153578171,0.9595634937557446,-2.8946706922968013,0.9587700559972936,-4.713517279065375,0.9700215713859817,-4.641461500577205,0.9694627612260033,-2.276951886200561,0.9637685381683637,-2.0651833129485047,0.9639442159226358,-4.335397445935175,0.9731328184374312,-4.184362330085709,0.9719274623600468,-7.066791463893721,0.8534677234741955
