tm_sequence,session_id,profile,club,truth_deg,combined_frame_equal_8_deg,combined_frame_equal_8_coherence,combined_frame_coherent_8_deg,combined_frame_coherent_8_coherence,neighbor_combined_frame_equal_10_deg,neighbor_combined_frame_equal_10_coherence,neighbor_combined_frame_coherent_10_deg,neighbor_combined_frame_coherent_10_coherence,combined_frame_equal_6_deg,combined_frame_equal_6_coherence,neighbor_combined_frame_coherent_6_deg,neighbor_combined_frame_coherent_6_coherence,neighbor_combined_frame_equal_6_deg,neighbor_combined_frame_equal_6_coherence,combined_frame_coherent_6_deg,combined_frame_coherent_6_coherence,combined_frame_median_10_deg,combined_frame_median_10_coherence,neighbor_combined_frame_equal_8_deg,neighbor_combined_frame_equal_8_coherence,combined_weighted_3_deg,combined_weighted_3_coherence
1,20260809_103715,dense_iq8,9Iron,-0.9009999999999982,0.2201738775389456,0.9718013751174372,0.5657978394154677,0.9715501513575581,-0.21378885603403422,0.9802267912729894,-0.18408237855822168,0.9798478436710335,-0.029677059806384503,0.9640759934989807,-0.907292265940112,0.9730209533064176,-0.7974414111018135,0.9736130514303102,-0.03126864639423347,0.9636422937365139,1.234673325053031,0.9692258383086383,0.3869757916874972,0.9785407078663638,-0.8429096314689235,0.8666158060497996
2,20260809_103715,dense_iq8,9Iron,5.678999999999998,5.425397131665102,0.970790301286129,5.975504493062497,0.9714617225249561,6.475356780917929,0.9418336838783297,6.6314669063333005,0.9421936262348856,6.0228266296706305,0.9789309970969798,6.544331567480821,0.9742234030137565,6.538140061785814,0.9749506842572995,6.209467844359589,0.9792759542718802,7.030058985788659,0.9337477424626274,7.518059554974946,0.9746997285637257,4.888696568117721,0.8837779568577001
3,20260809_103715,dense_iq8,9Iron,9.034999999999997,6.429380052464921,0.887352201538827,6.802453277634754,0.8862988085456085,7.303738107614431,0.9169196684297383,7.915360578280859,0.9229138056583254,6.374892705743886,0.8717649771279922,6.234705823320208,0.9022966270593391,5.828024732763032,0.8961185191160718,6.175601863615957,0.8720164870542991,6.2682472936254365,0.8613612048998883,6.859577620115397,0.9048867327180774,13.292356764233782,0.7576162159229853
4,20260809_103715,dense_iq8,9Iron,-0.9540000000000001,-0.43641974814565304,0.9455142137546592,-0.048774159909438425,0.9452664954108303,-0.40854988385029295,0.9280033994565515,-0.3326545445080881,0.9286543310692102,-0.3513640915731738,0.9600834134597425,0.5714137945731371,0.9460086847593893,0.6521434058201915,0.945243759403847,-0.25037071120165294,0.9599546129875556,-1.7236643196698154,0.9177401298607757,0.9724422966777205,0.9355707548125469,0.32263991072427417,0.870745324235966
5,20260809_103715,dense_iq8,9Iron,-2.596,-6.0474156590231685,0.9360179072110134,-5.582594964727585,0.9377380747973499,-6.068365171655239,0.9498312262278015,-5.881221634577379,0.9512574591647613,-4.415718288948848,0.9317944719421839,-6.081324035594021,0.9484707248511224,-6.005150611147608,0.94618444914072,-4.391869224554576,0.9331121331292996,-5.629240617449399,0.9323432610270086,-6.374087388088203,0.9520890614335297,-6.906021665241743,0.7749228241293094
6,20260809_103715,dense_iq8,9Iron,4.269,5.1088199284685905,0.9903381615453087,5.519584612200333,0.990232822794646,5.367336992463859,0.986278807878555,5.461277663931158,0.986335037119983,5.148001773487311,0.9947046028256484,5.311260315059544,0.9947489040911761,5.376815022999563,0.9946380903006323,5.18991835463785,0.9946801472659871,6.574699124222228,0.9661632102168498,5.91553187866141,0.9899786494144809,3.978641918804869,0.9178930689018578
7,20260809_103715,dense_iq8,9Iron,2.2750000000000017,5.165659303563742,0.9802344935815404,5.509910262373685,0.9802380553743715,4.552968338332692,0.9585261352037531,4.569445663663825,0.9590171448433916,5.544521837394301,0.9795419600722662,5.212035740889025,0.9671478176885443,5.304981928372505,0.9662947876572593,5.575988987617319,0.9795550907747834,2.7194732041196317,0.9735630488834998,5.9515418444731685,0.9710954554260595,5.481855439455562,0.9262297873276196
8,20260809_103715,dense_iq8,9Iron,3.904000000000001,6.834770385861115,0.9906560380930477,7.203748169977723,0.9906249276160576,6.158363886714991,0.9774550530452905,6.285860174474152,0.9779897849965492,6.580754118040835,0.9912225081679799,5.8254035077255795,0.9848228265541773,5.887519975695643,0.9844750418672886,6.633522016642724,0.9912537621295725,8.1109272319638,0.9627710016989652,7.023830024654867,0.9848356815445376,6.074878785381223,0.9182748324657033
9,20260809_103715,dense_iq8,9Iron,-1.1899999999999882,-0.7720867912065024,0.9637274638176135,-0.3702361371528052,0.9633496505981762,-1.6675040819925702,0.9526226209630518,-1.4839601786732723,0.953409018118576,-0.34128995622981856,0.9564033843398465,-1.5934612432358815,0.9405418636092866,-1.7189322257813169,0.9403534821621838,-0.24909558988652974,0.955457073862756,-1.0998085696131548,0.9437166988700337,-0.8375412001166763,0.9525496897875341,0.25402613690127,0.8205175241936377
10,20260809_103715,dense_iq8,9Iron,23.772,7.53343361376943,0.8613814355879748,8.816426647294467,0.8753185021765335,11.4845302493712,0.7983332708817982,11.10133566423835,0.7878307995336516,12.219943146069541,0.9325687602617528,12.174827120335165,0.9587162280431413,12.39381637644929,0.9547216548694516,12.75986089808633,0.9311708287736529,4.034452192553205,0.709553948819823,8.781129273628862,0.7970841642383657,15.340339579297078,0.34814830101727945
11,20260809_103715,dense_iq8,9Iron,0.46800000000000014,2.3610628707273196,0.9765270553390748,2.6464252045918344,0.9759703373166383,2.654207749161692,0.9752349769736149,2.6397923133078263,0.9744897810145479,4.203741304421044,0.9917294921991423,4.890847903467212,0.9945082141797428,4.959365459865672,0.994704985773224,4.226765239442162,0.991659682159604,2.019508033971076,0.9551608158371441,3.7525771081713204,0.9748718727708541,4.42206023277772,0.9098603960760908
13,20260809_105136,dense_iq8,9Iron,-0.3720000000000001,-0.6762235017105449,0.9821566994149803,-0.30600818181735323,0.9823541869748127,-1.237010854433741,0.9720393453417525,-1.1154883983715966,0.9719880763973131,-1.5450890469878504,0.9911617282100541,-1.8504990533093268,0.9932398036733393,-1.7843086837287903,0.9933278094611208,-1.4717569919731213,0.9910381184007417,-3.2722739475747797,0.9792810946879905,-0.04609955936768853,0.9795145365255945,-3.083499561741682,0.9035063448077832
14,20260809_105136,dense_iq8,9Iron,2.9379999999999997,3.6385953941306473,0.9929732435418454,3.989610441581059,0.9931222149938527,3.5547502158296433,0.9917595127578702,3.6282259129738557,0.9919272126119659,4.309176990313915,0.9930417939499282,4.109167179244387,0.9927680901193557,4.202794151283909,0.9926857455043309,4.328829726921324,0.9931498717204144,3.4678065541749405,0.9806333776593844,4.498498037719714,0.9926761686384766,3.1865801771782474,0.9265699975056896
15,20260809_105706,dense_iq8,9Iron,-0.965999999999999,0.062405944464404645,0.9830771613032503,0.4590907577407133,0.9828086301166389,-0.3001967133482084,0.944189604112057,-0.5257843434341474,0.9474559269418806,1.315873880321738,0.9849847037453786,0.12311837167868986,0.9837054905170899,0.1937776338124872,0.983829370334143,1.4066860282908102,0.9847813726749601,0.25845461255350793,0.9360920602085507,-0.2015147878050405,0.9801657831231756,0.7528435845166844,0.9150015503143047
16,20260809_105706,dense_iq8,9Iron,4.222000000000001,5.450973213350908,0.9617224867530396,5.927102134317441,0.9622065681249781,5.674398723454962,0.9640662968196165,5.604098905556273,0.963461669002049,6.314406392857906,0.9749165716254394,6.493022583003393,0.9776297816439153,6.554940071306144,0.9766821168628957,6.478969414842683,0.9758490283733872,5.044135783255806,0.9708367316272044,6.755817797249704,0.9623487126520761,7.383035219610943,0.9148296215133179
17,20260809_105706,dense_iq8,9Iron,2.4450000000000016,3.369565926966007,0.989474977693229,3.7322733121592218,0.9898892887446077,2.9300841812822767,0.9756243921970166,2.9425416525825216,0.9756248035713934,4.569272254254079,0.9908851702766097,3.8179562470397364,0.9892480870014864,3.969627903376605,0.9888856597516261,4.571920654571555,0.9912693506924201,3.3696705092215735,0.9650567549753013,3.699979846896554,0.9883879215069408,3.3159106019598767,0.9384225341239515
18,20260809_105706,dense_iq8,9Iron,-2.7810000000000006,-2.1214147818892033,0.9754164029912042,-1.7277407705207022,0.9755992608389062,-2.1665963186460413,0.9761370145445959,-2.1223862158771434,0.9760878275371928,-2.1888610779405093,0.9720522480649229,-2.265731017522476,0.9776128184695111,-2.213294598179208,0.9773974495924448,-2.1186432617380717,0.9721728371379526,-3.8770687816081364,0.9398550549614564,-1.4534209572393726,0.9787302438595518,-4.43151755325402,0.9009795441352343
19,20260809_105706,dense_iq8,9Iron,1.2840000000000005,1.4012248757657089,0.9889693133395198,1.7477822823432048,0.9890442217702458,0.22277814980906385,0.9886755323617444,0.3814407662673813,0.989405014906495,1.8580035109519903,0.9952845937764838,0.925835602681813,0.9995015471961864,0.9847748817638745,0.999503000031845,1.9001258291242926,0.995218675686575,2.213777872758074,0.9637522198277534,1.2630983512319538,0.9929067138002539,1.492432332479974,0.9555406073668312
20,20260809_105706,dense_iq8,9Iron,-1.7059999999999977,-1.1067757279741928,0.9834127201327243,-0.7006655709365445,0.9834459922745173,0.5914117764326464,0.9822347059044014,0.5490448242837292,0.982113048982938,-0.5406809688544632,0.9835522856606113,-0.9654335149599118,0.9863982446291211,-0.8370778110051684,0.9864069176099156,-0.4808146401998565,0.983597428680006,1.0376949195498641,0.9673770536771495,-0.18112850384537335,0.9870403567440501,-2.4280037187858894,0.9404857940747644
21,20260809_105706,dense_iq8,9Iron,2.0909999999999997,4.462448863686366,0.9876461197794134,4.823917443704594,0.9877864834525395,4.55568609413556,0.9880375171819875,4.561613538829574,0.9885826650189757,5.625362502513052,0.9900969841599475,5.474383909156021,0.989282669239796,5.605928870743275,0.9887118583115392,5.666902280620681,0.9902615199870737,3.5520719522193454,0.9848969828542795,5.268246755845236,0.9861966090609846,6.110333599487348,0.9030439130801355
22,20260809_105706,dense_iq8,9Iron,-1.0409999999999977,-2.3853954593998123,0.9588105080328795,-2.193255141760433,0.9598963241491463,-2.728204261532569,0.9509757600715469,-3.3784494716593163,0.9627821199014949,-1.172766567474307,0.9574934031248228,-2.924929947243631,0.9446545975202357,-1.7590965958073919,0.9298968442413863,-1.3316229610181338,0.9583669605259185,-2.212288304049892,0.9485609916645682,-1.7809529024124315,0.9422905773456905,-0.6497702636861172,0.8680050608211234
23,20260809_105706,dense_iq8,9Iron,-2.647000000000001,-2.789075670405514,0.948672179952996,-2.484333956108936,0.9492148056645885,-2.9192870953132655,0.9463940302748728,-3.1738573785606756,0.9493088041824299,-2.030108101226642,0.9534123017951818,-2.851500341496616,0.9507187600419358,-2.3262329023434263,0.9464777964522129,-2.0692259136470676,0.9541490162619097,-2.6944902345548316,0.9407004579785466,-2.4229502734709976,0.9387695954218589,-3.387264125763162,0.8882419993927793
24,20260809_105706,dense_iq8,9Iron,5.447000000000001,5.160967031349437,0.9601813591783799,5.596736085206615,0.9603905488510848,5.388974178675797,0.9415967840046733,5.402327057804676,0.9424037327328637,5.283084046338495,0.9613617517429519,4.662320298537558,0.9384128393212364,4.968868359119211,0.9351952080391778,5.289990268646647,0.9618536941913903,6.246970826503994,0.9181848762311358,5.713733819055695,0.9321514384272368,5.030653905393047,0.8172879794465632
25,20260809_105706,dense_iq8,9Iron,0.8150000000000001,0.5807666719830971,0.9819152875428326,0.9603509523288617,0.9819772925687426,0.976873903630152,0.987532697471827,1.1195526937886253,0.9880927124007431,1.7092939644063543,0.9863113836355092,1.5544594377224388,0.9894044311690395,1.4068054771617042,0.9878583210623049,1.8059673603795812,0.9866495334807813,0.37983982821806395,0.9627010227019482,1.3599562130649379,0.9853190515864764,2.79818948750123,0.8812796777405673
26,20260809_105706,dense_iq8,9Iron,2.508,1.2231194909923848,0.988882202122644,1.66443115851304,0.9886247286974347,3.1794886586807922,0.9853275884354693,3.2151087926043833,0.9845434111798698,1.212439294800112,0.9858404429679654,1.7289574475828582,0.9829362781080884,1.7383172141646657,0.9832393383057935,1.366178022277428,0.9854785213074806,3.6247765031702586,0.9690508748459123,2.82222000590673,0.986264697023284,3.4505950809073234,0.9045907677202543
27,20260809_105706,dense_iq8,9Iron,3.651,3.635007061751749,0.9726238925889087,4.070717807133561,0.9724483040683101,3.335953627876984,0.9646867488845977,3.2850033557286227,0.9638767677448622,4.020188533455654,0.9747968102834176,3.7859897966117457,0.9748125317626848,3.929596705631509,0.9756128203862594,4.150477016981012,0.9745547603266383,3.9048865601712395,0.9325089991775759,4.4560580746774505,0.9742074590127583,6.6281366566719555,0.9328619678876178
28,20260809_105706,dense_iq8,9Iron,0.6829999999999999,-35.859383710282195,0.4370928579171208,-36.10301110931429,0.46736763948300686,-41.27576415543632,0.4973838019076765,-41.875297642323844,0.5095689266056708,-23.078102099781006,0.5511228470286736,-25.256895897385718,0.6205094365107197,-23.916194556000928,0.5928465245433903,-23.9670125894851,0.5830129629596076,-47.049402750559096,0.40272653975500283,-34.57958607991296,0.4766350170726242,-12.149566013894697,0.6453949584604743
29,20260809_105706,dense_iq8,9Iron,3.5029999999999992,4.809832892223888,0.9802349064597382,5.158476949609501,0.9807735262688568,4.023500937538124,0.976423880500105,4.133074679585564,0.9762719332200571,4.2638636666555545,0.9883607219060728,3.629806880006412,0.9847968109795782,3.6594545028544396,0.9849191546872924,4.365775341988314,0.9882635455903445,3.847765609215776,0.9756455529735172,5.085885523343974,0.9789224202290683,3.49560016026983,0.9046261144273968
30,20260809_111239,dense_iq8,9Iron,-0.2869999999999992,-2.1170467166286855,0.9684703960997877,-1.8099319827249956,0.9673866554619909,-1.581618929708178,0.961411824224732,-1.434219397994642,0.9603616730135274,-1.5040499819492772,0.9712456811951621,-2.793708735549516,0.9591989186909576,-2.8311416729359062,0.9608963879217448,-1.5550673202224474,0.9697286628188581,-1.1448296925269408,0.9734515433681012,-2.549304276246598,0.9641499906235881,-1.0094305528341796,0.8992176940973028
31,20260809_111239,dense_iq8,9Iron,-1.975,-3.4268798948513792,0.9638092260473955,-2.9614209976742703,0.9635933355706292,-2.569840621683482,0.9461834262120694,-2.578784878889246,0.9475378917747762,-3.847619393126633,0.966914864004027,-4.006278060494454,0.9551772315146505,-3.9824885785232995,0.9554221219896362,-3.6798718616062938,0.9663234114404159,-3.801431652047761,0.9462735843113276,-3.249933902635316,0.9582625500031252,-5.701486596615729,0.8158489726553824
32,20260809_111239,dense_iq8,9Iron,2.692000000000001,2.8145903091713405,0.9807461968425002,3.089367252454067,0.9808234250821737,2.549894723989257,0.9827489880437886,2.5202149506405904,0.9827263048895291,3.3526066805160797,0.9887853148802308,2.8049853569106884,0.9883245398242223,2.9511609527226272,0.988248699503172,3.3026739122403606,0.988779630342067,0.9215200159291508,0.972301350844312,3.1699073226274304,0.9840814025083566,3.416835129139511,0.887441139913076
33,20260809_111239,dense_iq8,9Iron,8.571999999999997,7.696518841008761,0.7879618904125096,10.433429600090406,0.7989822417242417,4.765821599704123,0.8143925624042341,7.444933317630321,0.834133097413976,4.555767756839646,0.7624500990307875,3.8895008400183015,0.7900444109182664,2.8123393026474024,0.8014311130590892,7.261840545004126,0.7465484941120792,7.469217699403419,0.7298458931262835,6.8690334232537404,0.8132368692423396,8.397223824767753,0.5227004880832243
34,20260809_111239,dense_iq8,9Iron,2.443,3.1571428037896347,0.9775012106319891,3.632110219233413,0.9769789183249706,2.762994290987816,0.9738434781660044,2.834461752448251,0.972662526020662,2.766230550120587,0.9799909013876044,2.784392187117239,0.9787164773141229,2.7834136086115273,0.9791670594382665,2.8934609109408336,0.9797040332052285,2.623734414739907,0.9696516083381882,3.8739827314169633,0.9817155227851079,1.8150323771741923,0.8826550670737201
35,20260809_111239,dense_iq8,9Iron,-3.6969999999999983,-3.059212432652122,0.9636706758942412,-2.695499686343748,0.9630466245703674,-2.7273299824773733,0.9448535585707105,-2.591758499449906,0.9453057946258494,-1.5259063372195916,0.9642589527217624,-1.644479673653688,0.9440635011761104,-1.8979089567901282,0.9419715719829167,-1.3757184563777782,0.9640410249741396,-2.6956035409864376,0.9407197798456208,-2.8297883713097547,0.9453139837837716,-0.6023788783225512,0.8513452688186766
36,20260809_111239,dense_iq8,9Iron,0.37599999999999956,-0.022272437258587085,0.9898929994179317,0.31777440811925695,0.9894635906280783,-0.058755612127827095,0.9901690815014245,-0.03807281409909871,0.9903348885869563,0.01647756792192729,0.9869467969930024,-0.6968688680283898,0.9850420535732177,-0.5164530540663301,0.9852753972740143,0.0023984205294872245,0.9862454905491099,-0.6651813998877726,0.9746873427657876,0.5105459171416485,0.9880982186699672,0.09460139979947564,0.9129626194648413
37,20260809_111239,dense_iq8,9Iron,0.7980000000000013,0.6753170030860653,0.9772273898519039,1.1091650322673532,0.9784893354289923,0.4096697454299217,0.9695404011639923,0.5446676824942638,0.9707943015163418,0.2771835592228889,0.9767379679332978,-0.2432109832791826,0.9727737687976643,-0.3452309012843214,0.9716634140687949,0.4863282494073399,0.9777421864553419,-0.20470077411956017,0.9887558196048442,1.240950618192198,0.9692370591656819,0.3835604157773811,0.9320883938741958
38,20260809_111239,dense_iq8,9Iron,0.15000000000000255,0.7513977600862133,0.9529097402385404,1.0645587970036392,0.9527644332057237,0.2529403400772857,0.9494275022720051,0.2944149478558529,0.9500352616510533,0.31502776942479543,0.9621664052244712,0.033827710617862314,0.9614962215011547,0.16295810435492591,0.961236802239346,0.2809979542410427,0.9624113280970171,0.08810198001641804,0.9395593165139671,1.37184017276063,0.9545566032264936,0.6551051203745372,0.8791461661932842
39,20260809_111239,dense_iq8,9Iron,-4.236999999999999,-2.6803383496092916,0.9547487990624656,-2.4178261377055748,0.9551051023304605,-3.775721563049188,0.9721480635981326,-3.7331993114456417,0.9722023963912044,-2.459824302882618,0.9434521455714325,-3.842188250383932,0.9597911862503447,-3.6755129874191925,0.9602151893638021,-2.5512259005528293,0.9434301412164131,-4.10487200771437,0.9231829271026845,-2.817695441042496,0.9679987746590044,-4.057806571178856,0.8573481517339341
40,20260809_111239,dense_iq8,9Iron,1.5270000000000015,0.5712903700721536,0.9845160430056399,0.9505227796692294,0.984449728262711,1.443454428528043,0.979123869155228,1.3858644546964223,0.9801154365130801,1.3094545977609844,0.9845394232442324,1.2422958991377717,0.9858606605707337,1.2993688741467435,0.9859946194140016,1.362609998762871,0.984492149414017,0.44268809086584077,0.9716584880165721,1.2020890521903966,0.9812910553973706,1.6805738145173845,0.9440121950909941
41,20260809_111239,dense_iq8,9Iron,-2.4189999999999854,-4.038977088423729,0.9358832152366242,-3.328605723540947,0.9388734809522273,-2.5047964441347945,0.925958776397074,-2.1469731612660623,0.9277678311650652,-4.696003230529099,0.9842732885539575,-4.960851018563519,0.9836404989162008,-4.974442386607934,0.9833300208989958,-4.589787876837238,0.9846325408964416,-4.4889045395834515,0.9502231108611932,-3.3713193944645634,0.9279661680404464,-4.249878497031725,0.949799561465907
42,20260809_111239,dense_iq8,9Iron,-0.3469999999999999,0.7449187204215006,0.9795924619210102,0.8924241687761012,0.979904732294652,0.6384540525521586,0.978437243854937,0.5311474107964244,0.9788657476289577,1.5013928708600144,0.9799241357188212,1.525335473492087,0.9752340175485944,1.7458737481259476,0.975413900895323,1.3107474896686835,0.9801002955734709,-0.10145214050106141,0.9470880817561129,1.5142321822976343,0.9762573682544342,1.4131879550066124,0.8140844508777358
43,20260809_111902,wide_iq16,9Iron,-1.0529999999999968,-1.0529999999999964,0.9651487710735674,-0.6462038364064967,0.9643482075831309,-1.0529999999999964,0.9547709008936435,-0.8868098341647506,0.9539763658227579,-0.9090169939468163,0.9634084348822483,-1.6612356598767342,0.9584075688211496,-1.6190024838482,0.9595576191621239,-0.8538007124875763,0.9623826998629742,-0.431704195554639,0.9542389534979521,-0.908814694528132,0.9603096314975038,-1.3535095374144905,0.8807672488763999
44,20260809_111902,wide_iq16,9Iron,0.4990000000000001,1.0912829351027982,0.9692052413590029,1.362707185365042,0.9683763741371337,0.9399540531236393,0.9659099589242347,0.931715976765658,0.9653164841818884,0.12882154021070072,0.9685393324042435,-0.1313324490490327,0.9666188666269974,-0.0546129877036607,0.9681358502916299,0.16785189676469947,0.967308913036659,-0.7902440181432355,0.9448813764266554,1.8053107931342127,0.968536358326599,0.928951931813594,0.9024201575455557
46,20260809_111902,wide_iq16,9Iron,-1.8519999999999992,-1.826992233646376,0.9565864456609838,-1.5056253085775635,0.9562188186940875,-1.6784728346820756,0.9666985935867549,-1.5981174199063382,0.966445505203485,-1.8519999999999994,0.9576227124084361,-2.817962466610459,0.9651671169343593,-2.7358584001410162,0.9656507325579314,-1.852,0.9571162462409024,-2.353924885530638,0.9445745424427869,-1.6690280826760975,0.9619266169030106,0.018197210335352192,0.9000883545783311
47,20260809_111902,wide_iq16,9Iron,1.4870000000000003,1.558295970947466,0.9693534434411997,1.9632038048356257,0.969100890637826,1.6158143683635584,0.9730878657231126,1.7261017759873443,0.9728806975197255,1.9455635562763398,0.9765414860424785,1.6167905262697333,0.9784381379894831,1.6903035246121147,0.9786347502712891,1.9801927737326526,0.9763374600082231,-0.8028941912956091,0.9595654949448594,2.224038924203301,0.9702582829032544,4.565162327659851,0.9172590083194075
48,20260809_111902,wide_iq16,9Iron,-2.560999999999999,-3.1128974212940355,0.9747973558750114,-2.834861727323002,0.9747375033591419,-2.0312663129108417,0.9668769094693586,-2.016134140093098,0.9665129659805292,-4.073263249036247,0.9780841643298319,-4.214532818706859,0.9806633001941344,-4.098625719446648,0.9806665429412845,-4.083364264794821,0.9780416280449663,-1.9200165871048285,0.9265755155476002,-2.261220803751876,0.9770360308663554,-2.9453409418807626,0.9164320274120539
49,20260809_111902,wide_iq16,9Iron,-0.5240000000000008,-0.934510834385367,0.9550545978887891,-0.55495045324908,0.9558271983912692,-0.3589506393764246,0.9562675168134106,-0.3909356155940956,0.9565134429391525,0.1529937658682662,0.9506300812287852,-0.01297056415304688,0.943746636552032,0.16518974256431004,0.9438526206422266,0.22159556087708226,0.9518270403083301,-1.5516447234192157,0.9465810076039579,-0.13402985103817922,0.9493783326587467,-0.0506225123593618,0.8842839936382425
50,20260809_111902,wide_iq16,9Iron,-0.8639999999999991,-0.5672481709474954,0.9776516080086938,-0.2703631248709393,0.9772653918464603,-0.5981631864647221,0.9829120511422544,-0.6583066611144934,0.9824624598076356,0.8943844032946259,0.9934310261503625,-0.14420973263476142,0.9944782928085768,0.04188399319201641,0.9942447588388993,0.9111562371484717,0.9935921694675486,0.3755502101873034,0.981181058049051,-0.30797255471975965,0.9787268644337292,-1.1115682585682374,0.9154807529562173
51,20260809_111902,wide_iq16,9Iron,0.2789999999999982,0.48986289860278776,0.9801286466361826,0.7546142493682042,0.9808049065756439,1.8235396045026018,0.9772049566973185,1.9765394209142622,0.9766900400926857,0.6006880596380683,0.9849474343241815,0.8639669831944021,0.981415050092935,0.8067654428202211,0.9815408149050517,0.645840205684306,0.9849594246880848,1.012564502425685,0.9192332121696664,1.585927115330748,0.983856845830785,-0.103407418344931,0.8712930186471279
52,20260809_111902,wide_iq16,9Iron,1.5450000000000006,0.8709793714043317,0.9633554946092288,1.2835663517646152,0.9629241298439492,1.4921466857369068,0.9580932767209775,1.5450000000000008,0.9577211512177034,1.0155483214693017,0.9563655699265929,1.2165285156082564,0.9592978080215941,1.2061388725052933,0.9599093637408266,1.155103092015373,0.9556512402239323,0.022302727927152922,0.9468572338729832,2.1029535284579413,0.9626691934810891,0.6325810762600582,0.90984874440593
53,20260809_111902,wide_iq16,9Iron,1.754000000000001,0.12945895392421852,0.9892264709971914,0.5966275948783112,0.9893037052005274,0.9120199120660514,0.9797985581944818,1.0420061317450877,0.9798310082878668,0.8047090041406725,0.9891438014310056,0.44967508981865195,0.9852307896157777,0.36699079502444,0.9849038194593192,1.0106290961505577,0.9895089399926289,1.2476100332306739,0.9655121785860017,0.4193801110774409,0.9802612679275922,1.754000000000001,0.9226192691915769
54,20260809_111902,wide_iq16,9Iron,2.8979999999999997,1.50322492571402,0.9721358815218353,1.839439633017912,0.9723862984852426,2.0413410730042876,0.9757343889809256,2.023403024701713,0.9759765955919639,2.5231115393336947,0.9808094416081539,1.961578951999304,0.9788793718418826,2.1009607527787053,0.9786143611632436,2.525322515029223,0.9810603253955213,2.4220153317497344,0.9525387347054425,2.1113475510767667,0.9740547419073127,4.14474106197095,0.9137862866735537
55,20260809_111902,wide_iq16,9Iron,1.1819999999999986,0.10065860543946119,0.9893923982758208,0.4728220686653215,0.9889306447865125,0.23320319284400087,0.9734358722731654,0.3061278558878943,0.9739441881828076,0.022387636932273712,0.9867788173537186,-0.2833817011099408,0.9866626591471597,-0.19988289258011868,0.9869466462927593,0.08232417540437938,0.9864892520776605,-0.8913463761655614,0.9567192328804683,0.7641793747461728,0.989538920727989,0.6718162294868567,0.9383313127647833
56,20260809_111902,wide_iq16,9Iron,-1.158999999999999,-1.6111189125031617,0.9781366085681639,-1.158999999999999,0.9780596615046219,-1.8067360289819998,0.9648209041721678,-1.6429385409060375,0.9652302183062488,-0.7320685700887618,0.980955288256963,-1.8077006892392,0.9661541336258408,-1.8488118882468787,0.9654912903950849,-0.590117983921485,0.9809082489105129,-0.3621047522586739,0.9581180987491346,-1.6271910790949842,0.9674127672559765,-2.425887041328714,0.8563893537376438
57,20260809_111902,wide_iq16,9Iron,0.22900000000000081,-0.8586515686305843,0.9795941304275184,-0.48410169415612303,0.979544116785246,-0.19813453284291613,0.9661252850192351,-0.06917155673514336,0.9663309954100839,0.10805380073858903,0.9755729395494286,0.22900000000000117,0.9709742459571707,0.22900000000000117,0.97033264943485,0.13906959995930765,0.975614503831535,-3.9834849866667708,0.9190033610219652,0.22900000000000117,0.9749488222096033,0.8939121461005832,0.9216243308046084
58,20260809_111902,wide_iq16,9Iron,3.095000000000001,2.7377601108224847,0.9575336292865276,3.0687433355094664,0.9567290737098186,2.6878071975385858,0.9567512144753028,2.7105175257008502,0.9554491853986133,3.412644284183418,0.949144493958117,3.039689917710779,0.9319090828096608,3.1845516072251687,0.9342174271236218,3.441005062847977,0.9477464933602081,1.8488456314777808,0.9487257917088634,3.406951308161006,0.9470935015456663,1.008752542766497,0.8577485110633809
60,20260809_111902,wide_iq16,9Iron,3.7070000000000007,1.9779481761684796,0.9441244683456121,2.4148806937812215,0.943649170749766,2.6161749565792496,0.954887951612959,2.7817395199508828,0.9547815125398147,4.83771062706011,0.9670807861055398,4.394114789102545,0.9686527776768281,4.371548887249361,0.9685532182668135,4.957061941142934,0.9671741681533207,3.707000000000001,0.9437434111826273,2.422696089203102,0.9457753034680666,4.392937160319507,0.888437553765622
62,20260809_111902,wide_iq16,9Iron,0.21099999999999958,-1.9011579378110177,0.9838067783003497,-1.4465276083205185,0.9838347937142354,-0.7080891929570894,0.9759596995906337,-0.6325340969032868,0.9768454581349931,-2.665573672832663,0.9886553720691903,-3.135711791421035,0.9877004996724839,-3.158263200039732,0.9875899335398054,-2.5425940965877385,0.9886180566316145,-2.472349460494829,0.9709010566535421,-1.3384164205415128,0.9820125716770376,-2.3845383487832144,0.9215442898577968
63,20260809_111902,wide_iq16,9Iron,-0.5169999999999985,1.2248940634031473,0.9740667766141423,1.5879507086464444,0.9737968530030631,0.7578119760420917,0.9643323783113958,0.8591562340147604,0.9638477471589819,3.4374608385437386,0.9875412193745996,2.746098146808017,0.9887317396659243,2.7250864553029266,0.9887522952515212,3.4831632996426176,0.9871804685022687,-0.7616678191924742,0.8716740610871998,1.7056111430280232,0.9799897801876587,3.5980859157841905,0.8862376488499732
64,20260809_113433,wide_iq16,9Iron,0.1809999999999994,1.0788892350993964,0.9643687187019191,1.4649278747648102,0.9641081403319341,0.5548731394926659,0.9705677659354256,0.6225115817116708,0.9703321241882158,2.067348180212699,0.9824092435844523,1.4326741187587353,0.9832594265856472,1.5067552903929278,0.98338123398183,2.1346198072279376,0.9823135425691513,-0.9037132394491327,0.9355890370853324,1.4728878144691702,0.9655881652267894,-0.2598536280947541,0.9301527893530608
65,20260809_113433,wide_iq16,9Iron,2.858999999999999,2.654308256763982,0.9766185275939163,3.0184611093597624,0.9769460882969729,2.5360927228705528,0.9767631693618497,2.560340541101373,0.9768804402124696,3.7228306893621155,0.9861677294214911,3.4416294656996382,0.9863994550286875,3.543624943301569,0.9862296547262391,3.734964302068794,0.9863115121605187,3.585290088762294,0.946745210671477,3.2041413741386733,0.9775127908767651,3.2903870330741865,0.9035919071226964
66,20260809_113433,wide_iq16,9Iron,0.5170000000000009,1.544522000877824,0.9810026689367117,1.9064203788084393,0.9811715331643263,0.8709115374310626,0.9815715952898781,0.8438623059146357,0.9814138122649194,2.699181623597204,0.9871494996781721,2.039555329141787,0.9882656619471745,2.1980360049302115,0.9885793183149789,2.69590186332514,0.9869361641911237,0.5598987934364098,0.9536760862078981,2.1135232174256577,0.9874207690804436,1.3220285277475006,0.8929910159379842
67,20260809_113433,wide_iq16,9Iron,-0.9309999999999982,-1.2105639499479894,0.9831753793249194,-0.8307371430459645,0.9827549212824954,-1.9654854365369052,0.9732288249614841,-1.82552351730744,0.9733321071076295,0.2535544037733755,0.9918844666298664,-1.6383245152036447,0.9725821160821894,-1.7603902309569426,0.9718798871962816,0.35855539485394705,0.9920988606224572,-0.36257468042442326,0.98025553419068,-2.060139692203652,0.9723165661604719,0.36364356833200595,0.9267583731379325
68,20260809_113433,wide_iq16,9Iron,1.2139999999999995,2.5389402086677144,0.980817322235191,2.834692354900362,0.9808939113542232,2.5366071075587797,0.9738688045002808,2.5252669985437484,0.9740961910743449,2.8217201793471385,0.9812683325411246,2.4350889224909107,0.9845285494206618,2.490624308295701,0.9844628097163666,2.8392432690242417,0.9813462075067546,1.3790012988360294,0.9542244767389013,3.5008647276965963,0.979349880646685,4.319981872711876,0.9367214808570354
69,20260809_113433,wide_iq16,9Iron,-4.886999999999991,-4.418941532421489,0.9855250240264912,-4.133139123239743,0.9852992206518195,-1.6993442887273407,0.9568573483089319,-1.775609718164602,0.9571428220849926,-3.8184455653244913,0.982135295566443,-3.786641595921286,0.9818311947481299,-3.6388764825125546,0.9821098904045291,-3.8947442110578034,0.9817165282829764,-3.4599268322649,0.9595541244799902,-3.588171082959999,0.9840929637186753,-5.915085841760707,0.9263601501861123
70,20260809_113433,wide_iq16,9Iron,0.8130000000000012,1.715141662037317,0.9714773893398918,2.034737660331671,0.9722468181692392,0.6390096663825706,0.9656701298039115,0.628657967859213,0.9664148553042976,2.737840642752146,0.9842336059645587,1.99550679131588,0.9887501271996064,2.2063556483867846,0.988395291002091,2.638294312504592,0.9844374052906701,-0.8289518068825759,0.9644127195383824,1.8693163480925266,0.9666401319406942,2.9377224429540765,0.9112748022580656
71,20260809_113433,wide_iq16,9Iron,1.116,2.050858517466115,0.9508802694545136,2.395801452147942,0.950864539819133,1.2319485329724669,0.9402800858053098,1.376092321879685,0.9398424026262641,2.1918584576023092,0.9661841483087761,0.5214364880103616,0.9593521313286038,0.5675872659216162,0.9598968353991384,2.216684293776428,0.9661545579558339,2.0579755544875753,0.928029566458646,1.7791599078987919,0.9491476563228401,3.8072640131088984,0.9137477325328642
72,20260809_113433,wide_iq16,9Iron,0.08900000000000066,0.6122574420699387,0.9824307855152559,1.0035959611807015,0.9823982919438266,-0.03399946142986678,0.9824899988769671,0.04930612266980551,0.9822977512268931,0.884739337772915,0.9774991688689086,-0.24265132203051365,0.9832880061605626,-0.20468292680522993,0.9834771263911489,0.9605807108185191,0.9773850638905005,-0.21727701105021768,0.9594729027673328,0.5805431334661763,0.9868776793624504,3.046296483836581,0.9142855932962138
73,20260809_113433,wide_iq16,9Iron,0.3530000000000008,-1.0230261110502552,0.9490911821836023,-0.7124548116849585,0.9491669905438038,0.3890551132421827,0.9579468988060199,0.4330772438617083,0.9580503403747375,0.24124962995004803,0.9540922470829369,0.6960699716535776,0.9580904371407023,0.7703491266363096,0.9574870049924061,0.27909946363912214,0.9546166764389287,0.9419472731364686,0.9213304047640856,0.19689431331301988,0.9505237866779829,0.629821396038517,0.9140899010853794
74,20260809_113433,wide_iq16,9Iron,-0.6259999999999974,1.0019708900223623,0.9813296891059676,1.3598900552193427,0.9809348898321159,-0.679636549019998,0.9661903530107985,-0.665160098080023,0.9658707149544817,2.03956688036946,0.9856755982103782,0.8801192215861859,0.9752260093604643,0.8844186418672033,0.9750078277021524,2.1382341764397435,0.9856998362655198,0.2342497724681327,0.9805842802691771,0.9145655740880262,0.9757904719127525,0.11664952547567475,0.8956733207992095
75,20260809_113433,wide_iq16,9Iron,6.256,6.509031537607562,0.9627060956590371,6.92180922194721,0.9622966472664741,3.7685633222436854,0.8646869813630109,3.411143863055047,0.8612681721342623,6.755939991174723,0.9921545437145108,7.258608775057157,0.9524573312301408,7.402488039697199,0.954924073960239,6.8598541502672274,0.9919791218882005,3.4999980143853207,0.8551978711697537,7.829199248869516,0.9419144934866452,7.5395444628305155,0.8208368431057448
76,20260809_113433,wide_iq16,9Iron,-3.3009999999999806,-3.3424343482006895,0.9872581496703449,-3.050804102056577,0.9873555014814566,-3.2390143718071234,0.9782621693167497,-3.1761543141028414,0.9785315588175912,-3.083983137052439,0.9849262874200391,-3.627541576110453,0.9882498615104359,-3.4817675725200887,0.9883516679586574,-3.153752549227887,0.9850109548441853,-3.980912714923052,0.9395552517301604,-2.838779503276202,0.9904113427808444,-3.1276072208936685,0.8685357807807724
77,20260809_113433,wide_iq16,9Iron,1.253000000000002,0.6161317730662835,0.9711342580471144,1.0681180539858715,0.9711394664224916,0.6283613385255208,0.9777325196117863,0.806716280745438,0.9774253194825969,1.2199498535714817,0.9699500748237163,1.213782698818655,0.9761932372555923,1.1583419749496349,0.9764120889837122,1.4018072360423048,0.9701481211623206,-0.7861497271227118,0.9609990546485555,1.6266239282773989,0.9753649995156305,0.5453135073506372,0.9009218937329592
78,20260809_113433,wide_iq16,9Iron,1.0550000000000002,-0.2079092186044288,0.9783817005123724,0.01277914284823562,0.9790070860081186,1.1452929313513074,0.9782175168665314,1.0794634500123337,0.9783468581998994,0.41663366850882666,0.9798539971685588,-0.23235473058772296,0.9809252269619526,0.048341840253148506,0.9802934157754404,0.2735971252419092,0.980539391431181,-1.1964761758337434,0.9689823817075529,0.5107198016954351,0.9809080138676913,0.27026143384580176,0.9133878263600423
79,20260809_113433,wide_iq16,9Iron,-0.11599999999999763,-0.3843083845592056,0.9696270287267807,0.122128401714957,0.9703842884073821,-0.48012635877911924,0.9727369549828937,-0.42494806437109667,0.9731527128087071,-0.1043177894501873,0.9599697452258544,-0.5839588617195489,0.9625176173342285,-0.48971141574381405,0.9620663064006977,0.11830870364395746,0.9611931202789614,-2.6473490269262583,0.9571200366369099,0.3127758839005661,0.9708819648327713,1.3188431185552538,0.8484160747939031
80,20260809_113433,wide_iq16,9Iron,-0.5729999999999991,-1.122634486762765,0.9719983001350525,-0.7226817136369965,0.972105591084262,-0.6127619795730406,0.9689714858343143,-0.5663181944065321,0.9689991418271237,-0.14006873049609905,0.9744063906538506,-0.48828495176644077,0.96978258448969,-0.4287092926844929,0.9696605919590819,-0.050518634789066125,0.9746590439385185,-1.1130897931782806,0.9739476528441147,-0.32196565624175233,0.9686583016451163,-1.7918313468282934,0.8963715405981766
81,20260809_113433,wide_iq16,9Iron,-0.47099999999999975,0.517721845436979,0.9622694031354008,0.9452243279934961,0.9623086695837715,-0.23142850510028548,0.9648394873256272,-0.09601717201401015,0.9649271199849533,0.8643598138951386,0.9748761309580893,0.22704041504173583,0.9731788329506618,0.28776100477799865,0.9731599582622827,0.9183556427249704,0.9749627585295814,-0.4366090046134756,0.9553859330748308,0.7152251263531098,0.9598646054041978,2.915691157595913,0.9272989928079961
82,20260809_113433,wide_iq16,9Iron,-4.477,-4.5586737442336105,0.9535865038803752,-4.3597753873284875,0.9565705282916184,-3.083104996944102,0.9543715257658659,-3.126675845744543,0.9553265516382378,-3.9569893111296652,0.9415992635379609,-4.506880043291385,0.9465139464623771,-4.068207120080981,0.9437390315636295,-4.181347859687499,0.9447929091406295,-4.887747653575287,0.9506444892866606,-3.6834214607729368,0.9543476120834051,-1.8548874582891952,0.8206244123983324
83,20260809_113433,wide_iq16,9Iron,-1.8139999999999932,-2.1713976437996187,0.9940228985569682,-1.8220699965264324,0.9941268725576552,-0.7157673687017714,0.9850847267039358,-0.6585422922309422,0.9851294020527289,-1.3747437813955712,0.9942956266763089,-1.8657670813134715,0.9921010763826084,-1.7890565137690757,0.9919784515582529,-1.353725975735676,0.9943650960546435,-1.1848578663029838,0.9664024703488774,-1.5700775152448587,0.9927996435228476,-1.5087626457859695,0.9408335936029549
84,20260809_113433,wide_iq16,9Iron,0.33300000000000085,0.3053398452813797,0.9613700816926539,0.5862139538801416,0.9615092609647883,0.5165832984913832,0.9467601806348611,0.418541141557175,0.9466327647290557,1.2813606524288337,0.95843012090539,0.06092692778868776,0.9354067010568118,0.28383164505868885,0.9363788455211282,1.2275052930727013,0.9581750437232218,0.30698949821076393,0.9597901791727169,0.530027547110317,0.9450177621239062,-0.6932575415278227,0.8612206126987382
85,20260809_113433,wide_iq16,9Iron,0.5749999999999997,0.540048093260597,0.9685668420593707,0.9869794738938513,0.9683313716109867,1.099710349864047,0.9711958222256272,1.1705292348482463,0.971012564516018,0.6520404392803745,0.9720261787653467,0.24784917681277674,0.9768399613533557,0.28262423664499153,0.9770505049571133,0.7935554096557287,0.9718436559472808,0.5362489073038119,0.9429493310504581,1.1142461698478776,0.9716480472743908,2.3943696037757816,0.9172795279862863
86,20260809_113433,wide_iq16,9Iron,-0.37200000000000194,1.910896607003869,0.9582360290376367,2.152614457846276,0.959652409802277,0.03705917943196618,0.9502156935014281,-0.02308018618575431,0.9524798943842986,3.0822849997542385,0.9536782125456704,1.068881810694839,0.9421941944505179,1.4206817704807415,0.940364252636006,3.0272342349373256,0.9549570353507457,-0.315113259351981,0.9554017027708339,1.6819409475539449,0.9500567379673341,-0.15614569141888693,0.916169617148327
87,20260809_113433,wide_iq16,7Iron,2.9359999999999995,3.7192853589705104,0.9596018769289285,4.014675718513392,0.9600486676877665,4.94658752195402,0.9753534823091938,5.080050862040527,0.9753123277101987,3.9947245626553256,0.9478206882562353,4.810585480906227,0.9737464954719489,4.848373686759117,0.9735706453685183,3.91235460972605,0.9482829129227606,2.288399837488242,0.9119202736808567,5.045451854553277,0.977753207914591,3.8819604915984263,0.7700700457911264
88,20260809_113433,wide_iq16,7Iron,3.608000000000002,2.393139888831239,0.9173708563956934,2.7299724133870353,0.9176405338810437,3.709443418360277,0.9346611093139948,3.782096757589154,0.9359395630782235,1.6960562615589587,0.9163828643202558,2.944984527772189,0.9481269993749515,3.0447815328882197,0.9450838056618373,1.5301255364536044,0.9178147511818951,-0.465552937298418,0.9071336505159111,4.2932767487138905,0.9413262155895665,6.176608090743578,0.8178505129021125
89,20260809_113433,wide_iq16,7Iron,-4.979999999999999,-0.5250652992016995,0.8702511417139708,0.2106249261202959,0.8908021790694367,1.789655551796394,0.8414592368150672,1.5229997107895714,0.8788924733365984,-0.7880818990902564,0.8638901596500338,2.0535362232693037,0.8428899333835804,1.9905072926915393,0.782838128546487,0.034564258141518284,0.8891223885418957,-1.5499034232157365,0.7886362493307972,2.3419495404640758,0.8104340130641368,-1.4124950766045328,0.814631198349866
90,20260809_113433,wide_iq16,7Iron,1.0740000000000003,0.11237646169402313,0.9846086774701093,0.4875659380219669,0.9848729920086112,1.5408635847351058,0.9856009171082991,1.6234423469396604,0.9858001028398197,0.49731871286895224,0.9857435994751139,1.6836624500671193,0.986702865046005,1.7628092853021187,0.9865390976733877,0.48858312945301696,0.9860242439887686,-0.7689995205582385,0.9879457175675859,2.027117502522305,0.9852788646258905,-0.7041984772618605,0.9132899533169992
91,20260809_113433,wide_iq16,7Iron,-0.6159999999999993,-1.5641885300893625,0.9522034554957178,-0.9708697768498219,0.9539896637876091,-0.652108177540602,0.9858873133415109,-0.49079923523512636,0.9861411491361755,-0.8961228730106865,0.9381772957187495,-0.5878882025527891,0.9829604311298393,-0.6536396286104217,0.9825973892338077,-0.5653190825742496,0.9406624130709518,-2.054709692256411,0.9170534078973951,-0.6396658920968874,0.9850065862460176,-2.321321718635319,0.8446602082432675
92,20260809_113433,wide_iq16,7Iron,2.474,1.9407960289780624,0.9641150673655922,2.24515486855529,0.9639389493131977,2.6822463765884397,0.9631657019679096,2.6443643285431215,0.9632359769107185,2.6699678645258365,0.9637340868095153,2.9775650613498064,0.959034097737196,3.244818560516106,0.9597422148950426,2.6263734511622823,0.9634540050652978,1.4570887280940783,0.9238373648865543,3.5369085085377856,0.9656421645017915,3.9816024241768657,0.8678091852884693
93,20260809_113433,wide_iq16,7Iron,1.0779999999999996,0.9771552522734825,0.9496154799408337,1.5489343163513696,0.9500105553182614,0.6628737963799002,0.9505714543058501,0.87123420043093,0.950984935339239,1.709705864145947,0.9719166960565091,1.5377931164040723,0.9648713654494303,1.527056083336669,0.9648951366238451,1.8024677725769254,0.9720682393854337,0.5306812042831547,0.9074469184479149,1.984261641388821,0.9549178472601175,0.6918074340763422,0.8784496830906521
94,20260809_113433,wide_iq16,7Iron,-0.00499999999999702,-2.066048370032172,0.9621375622841244,-1.8366727952721438,0.962313032747662,-0.7701337377970521,0.9630558424906651,-0.8142487661292864,0.9628618571544009,-1.868768981795238,0.9790760260261382,-1.885909773561092,0.9772644241066898,-1.7904381312238469,0.9767510887453419,-1.8284433053142788,0.9791452133473719,-0.29665212833849397,0.9185067600922301,-1.2596601810627008,0.9590665858427125,-3.686922358006487,0.8289966998077146
95,20260809_113433,wide_iq16,7Iron,2.2170000000000267,1.2394184684124174,0.9781979026220256,1.6674166390446146,0.978248386784183,4.897755791415693,0.8630431239701195,4.4409924338885896,0.8847712509948333,2.08105280981765,0.988123980371963,1.933322691127209,0.9868078962554407,1.9563796426892448,0.9869206520715128,2.1728209262871894,0.988086345865854,3.567221676364785,0.8424378956172992,2.1147954249220597,0.9803168621995973,0.17683595638723393,0.8949015701025219
96,20260809_113433,wide_iq16,7Iron,1.430000000000003,1.3287853281490989,0.9774697200227751,1.9304922704667946,0.9777158658196402,1.692204840341705,0.9733683578824254,2.051522265540506,0.9735485930107467,1.8819665105311598,0.9765990976514836,2.8311230542738257,0.968944533206059,2.5455842983980674,0.9681260464009663,2.130133777807651,0.9768466359517242,-0.34222945703811414,0.9558114399551195,2.575472480323609,0.9693492007690412,0.02528670462436149,0.9014671716502919
97,20260809_113433,wide_iq16,7Iron,0.48999999999999844,-0.21782843288149295,0.9895973785184652,0.15634012874317724,0.9896870489563836,1.6366363273748437,0.9652221782718694,1.5843148088406793,0.9676600347150841,-0.02509747712392928,0.9916022788350167,0.05859503225705876,0.987281306832608,0.17858893547209298,0.9872072110193829,-0.004222044242006054,0.9916175535993818,1.5448795064780918,0.9423346936295601,0.8585977112189406,0.9878796501350438,-1.5162044010438775,0.919167781561249
98,20260809_113433,wide_iq16,7Iron,-0.44799999999999623,-0.13982231458273506,0.9545150865002754,0.5298680591606323,0.9545589690561302,2.450258265756956,0.9706900564119595,2.703406157156145,0.9710265645923258,-0.035521785551026024,0.9548175324080828,2.32289704641806,0.9731404579607627,2.1238186016865486,0.9725043229845461,0.2500798044441163,0.9549091955766392,1.1822528192687927,0.9713312767824286,2.234210545493695,0.969232504509921,1.4803767025291144,0.8072100244164394
99,20260809_113433,wide_iq16,7Iron,-0.65,1.6678776127523294,0.9502518952759877,1.8123575213857404,0.9481642483627521,1.6452567851471396,0.9563369100895114,1.824484966527642,0.9565860677723114,1.9884060114488804,0.946767967451231,1.7704454798044438,0.9506647196295849,2.142339359431194,0.9545906551783753,1.8213449806896869,0.9436233162724931,-1.3073009344210966,0.9524002720122444,2.5705967658417532,0.9582809440223393,3.304856998314529,0.8225744243932842
100,20260809_113433,wide_iq16,7Iron,-0.14600000000000019,-1.5810296991673165,0.9662376977727986,-1.2279899956818483,0.9658180746687266,-0.40696089029307564,0.9540399066168982,-0.19877755546008627,0.9566267847107586,-1.1460758105417952,0.9777665566222851,-1.8370046605252746,0.9792746031786004,-1.7551859521920867,0.9798395683354464,-1.1284410427344411,0.977379457356478,-2.275182080032795,0.9571940892106149,-1.3214451821267552,0.9569021259351249,-2.381544001755846,0.8895139550321893
101,20260809_113433,wide_iq16,7Iron,-4.393999999999997,-2.068513516665828,0.9305363318257219,-1.0290015044780119,0.9328288596579309,-0.06838065315377814,0.9583647977401059,0.4515866292094205,0.9614025921374074,-2.4390260676512425,0.9345833771924426,-1.8700947237902057,0.965310683539645,-1.8093061130893426,0.9618090867169911,-2.5605897550260863,0.9425999676727949,-1.9245111351620943,0.8762645214853801,-1.2170923205155992,0.9647519843165911,-3.73296304763913,0.7948480051981187
102,20260809_113433,wide_iq16,7Iron,3.037999999999997,1.1518330797432677,0.8695563759066237,2.7674179843062516,0.8727608522045163,4.474808695280457,0.8998452396840998,5.725353925852084,0.9122213882595965,1.639523742585575,0.9035397904418255,4.085132323969718,0.9284981642788441,2.4409922005493088,0.9208130312303081,2.6779998115990504,0.9048505904392453,1.279401469329267,0.8193341933929454,2.8469071684925087,0.903599694739204,2.647006194182073,0.7084012484561842
103,20260809_113433,wide_iq16,7Iron,5.347999999999999,4.431042067089723,0.9077667901125295,4.100467125604759,0.9092560463814847,4.669724072488496,0.948203295901013,4.612546763843603,0.9464339273297236,4.870933852494774,0.8978136581566637,3.4688856005242634,0.9336379182732577,3.867731439429994,0.9380924189658271,3.973944499125583,0.8984820161655133,5.408945331716491,0.8868955457745684,4.3833696578184025,0.941823124430971,7.110884697328822,0.765423698102342
104,20260809_113433,wide_iq16,7Iron,-3.2689999999999975,-4.177285189159917,0.9694190046144953,-3.5731020788748578,0.9689949691569282,-2.8394442913039564,0.9752591172061436,-2.557289324160024,0.9753540485592579,-4.759519091067445,0.9757102529070495,-4.621031840517259,0.978936459106863,-4.680632049390196,0.9786033761027761,-4.558416704888752,0.9759916149977966,-4.369233378561419,0.9325775183693674,-3.20941685085113,0.9727164201384385,-6.936322500135655,0.8820240202459738
