tm_sequence,tm_club,iwr_config,tm_launch_angle_deg,replay_launch_angle_deg,error_deg,absolute_error_deg,status,channels_used,two8_deg,four4_path_tdm_deg,component_std_deg,n_frames,n_snapshots,track_speed_mph,track_rms_bins,track_inliers,track_span_s,ops_ball_speed_mph,effective_tilt_deg,session_log_path,iwr_dump_path
1,9Iron,config/iwr6843_l3dump_dense_36f2ms_32bin_iq8.cfg,18.82799999999999,-3.584327281855336,-22.412327281855326,22.412327281855326,accepted,channel_two8_deg,-3.584327281855336,18.29400564465866,10.939166463257,10,31,101.07525451384112,0.22855936159203996,147,0.04121500000000001,101.11277362280275,12.0,/Users/john.pacino/openflight_sessions/session_20260809_103715_trackman.jsonl,/Users/john.pacino/openflight_sessions/iwr6843/iwr6843_20260809_103852_642_001.l3dump
2,9Iron,config/iwr6843_l3dump_dense_36f2ms_32bin_iq8.cfg,24.050999999999988,24.812052053718602,0.7610520537186147,0.7610520537186147,accepted,channel_two8_deg;channel_four4_path_tdm_deg,26.36546458222244,23.258639525214765,1.5534125285038378,12,40,93.85503066963945,0.2526286608350848,122,0.03654,95.00324047338869,12.0,/Users/john.pacino/openflight_sessions/session_20260809_103715_trackman.jsonl,/Users/john.pacino/openflight_sessions/iwr6843/iwr6843_20260809_103940_737_002.l3dump
3,9Iron,config/iwr6843_l3dump_dense_36f2ms_32bin_iq8.cfg,12.057999999999986,10.628661162067035,-1.429338837932951,1.429338837932951,accepted,channel_two8_deg,10.628661162067035,19.48024942652232,4.425794132227643,10,38,85.23382016818597,0.22985315982819637,146,0.04040500000000001,86.34806851171876,12.0,/Users/john.pacino/openflight_sessions/session_20260809_103715_trackman.jsonl,/Users/john.pacino/openflight_sessions/iwr6843/iwr6843_20260809_104041_799_003.l3dump
4,9Iron,config/iwr6843_l3dump_dense_36f2ms_32bin_iq8.cfg,20.395000000000003,19.67682002578683,-0.7181799742131716,0.7181799742131716,accepted,channel_two8_deg;channel_four4_path_tdm_deg,19.36097453286536,19.9926655187083,0.31584549292147024,10,32,95.65985482808668,0.20332135572138857,108,0.03681,96.12332155078126,12.0,/Users/john.pacino/openflight_sessions/session_20260809_103715_trackman.jsonl,/Users/john.pacino/openflight_sessions/iwr6843/iwr6843_20260809_104056_141_004.l3dump
5,9Iron,config/iwr6843_l3dump_dense_36f2ms_32bin_iq8.cfg,19.111999999999995,-1.969573823627113,-21.081573823627107,21.081573823627107,accepted,channel_two8_deg,-1.969573823627113,15.310187260931635,8.639880542279373,10,38,102.77103379773826,0.2756983615154519,99,0.038540000000000005,103.0474591201172,12.0,/Users/john.pacino/openflight_sessions/session_20260809_103715_trackman.jsonl,/Users/john.pacino/openflight_sessions/iwr6843/iwr6843_20260809_104120_777_005.l3dump
6,9Iron,config/iwr6843_l3dump_dense_36f2ms_32bin_iq8.cfg,23.24800000000001,-4.003173901644404,-27.251173901644414,27.251173901644414,accepted,channel_two8_deg,-4.003173901644404,22.27814339838088,13.140658650012641,10,35,100.30210523146397,0.24485804834120917,92,0.04135000000000001,101.52007583276368,12.0,/Users/john.pacino/openflight_sessions/session_20260809_103715_trackman.jsonl,/Users/john.pacino/openflight_sessions/iwr6843/iwr6843_20260809_104139_745_006.l3dump
7,9Iron,config/iwr6843_l3dump_dense_36f2ms_32bin_iq8.cfg,21.186999999999983,19.316126961267308,-1.8708730387326753,1.8708730387326753,accepted,channel_two8_deg;channel_four4_path_tdm_deg,19.07496640112771,19.557287521406902,0.24116056013959586,12,37,97.79659396762449,0.25078894463654594,93,0.04000000000000001,98.8726114680176,12.0,/Users/john.pacino/openflight_sessions/session_20260809_103715_trackman.jsonl,/Users/john.pacino/openflight_sessions/iwr6843/iwr6843_20260809_104204_001_007.l3dump
8,9Iron,config/iwr6843_l3dump_dense_36f2ms_32bin_iq8.cfg,21.837999999999997,-2.6367979429247166,-24.474797942924713,24.474797942924713,accepted,channel_two8_deg,-2.6367979429247166,23.076690302604412,12.856744122764564,9,28,102.06560218379343,0.2749005666729592,74,0.04094500000000001,103.25111022509766,12.0,/Users/john.pacino/openflight_sessions/session_20260809_103715_trackman.jsonl,/Users/john.pacino/openflight_sessions/iwr6843/iwr6843_20260809_104229_232_008.l3dump
9,9Iron,config/iwr6843_l3dump_dense_36f2ms_32bin_iq8.cfg,19.82799999999998,17.952611269614067,-1.8753887303859145,1.8753887303859145,accepted,channel_two8_deg;channel_four4_path_tdm_deg,18.950576589752508,16.954645949475623,0.9979653201384426,12,40,97.16391994592806,0.2775593878389514,112,0.036,98.05800704809572,12.0,/Users/john.pacino/openflight_sessions/session_20260809_103715_trackman.jsonl,/Users/john.pacino/openflight_sessions/iwr6843/iwr6843_20260809_104250_675_009.l3dump
10,9Iron,config/iwr6843_l3dump_dense_36f2ms_32bin_iq8.cfg,16.92099999999999,12.455699601946618,-4.465300398053371,4.465300398053371,accepted,channel_two8_deg,12.455699601946618,28.664704838727662,8.104502618390523,5,15,77.92005468471719,0.3962063711803454,43,0.034945,80.03488425732424,12.0,/Users/john.pacino/openflight_sessions/session_20260809_103715_trackman.jsonl,/Users/john.pacino/openflight_sessions/iwr6843/iwr6843_20260809_104310_730_010.l3dump
11,9Iron,config/iwr6843_l3dump_dense_36f2ms_32bin_iq8.cfg,20.986999999999995,-1.944155781737022,-22.93115578173702,22.93115578173702,accepted,channel_two8_deg,-1.944155781737022,17.79389496033749,9.869025371037257,10,33,102.02666948495286,0.24577823027348228,81,0.04200000000000001,102.94563356762697,12.0,/Users/john.pacino/openflight_sessions/session_20260809_103715_trackman.jsonl,/Users/john.pacino/openflight_sessions/iwr6843/iwr6843_20260809_104334_921_011.l3dump
13,9Iron,config/iwr6843_l3dump_dense_36f2ms_32bin_iq8.cfg,18.199,15.994245866398973,-2.2047541336010283,2.2047541336010283,accepted,channel_two8_deg;channel_four4_path_tdm_deg,17.01068825911327,14.977803473684679,1.0164423927142954,11,40,97.34268355229122,0.2470887394556439,122,0.04081000000000001,97.95618149560548,12.0,/Users/john.pacino/openflight_sessions/session_20260809_105136_trackman.jsonl,/Users/john.pacino/openflight_sessions/iwr6843/iwr6843_20260809_105259_654_003.l3dump
14,9Iron,config/iwr6843_l3dump_dense_36f2ms_32bin_iq8.cfg,23.280999999999988,20.959231127862232,-2.3217688721377563,2.3217688721377563,accepted,channel_four4_path_tdm_deg,-5.0,20.959231127862232,,13,42,100.26537293412463,0.2614503235974278,108,0.03894500000000001,101.82555249023439,12.0,/Users/john.pacino/openflight_sessions/session_20260809_105136_trackman.jsonl,/Users/john.pacino/openflight_sessions/iwr6843/iwr6843_20260809_105317_669_004.l3dump
15,9Iron,config/iwr6843_l3dump_dense_36f2ms_32bin_iq8.cfg,21.110999999999994,-1.8963978785172233,-23.007397878517217,23.007397878517217,accepted,channel_two8_deg,-1.8963978785172233,19.787804892691984,10.842101385604604,11,36,104.03212280134497,0.2450973390593683,110,0.04040500000000001,105.08397016992188,12.0,/Users/john.pacino/openflight_sessions/session_20260809_105706_trackman.jsonl,/Users/john.pacino/openflight_sessions/iwr6843/iwr6843_20260809_105723_005_001.l3dump
16,9Iron,config/iwr6843_l3dump_dense_36f2ms_32bin_iq8.cfg,20.846,20.678316618360988,-0.1676833816390122,0.1676833816390122,accepted,channel_two8_deg;channel_four4_path_tdm_deg,19.959601741649525,21.397031495072447,0.7187148767114611,10,36,98.0076341189332,0.2632185076551239,120,0.04081000000000001,98.77078591552736,12.0,/Users/john.pacino/openflight_sessions/session_20260809_105706_trackman.jsonl,/Users/john.pacino/openflight_sessions/iwr6843/iwr6843_20260809_105745_377_002.l3dump
17,9Iron,config/iwr6843_l3dump_dense_36f2ms_32bin_iq8.cfg,21.75000000000001,19.846643111591,-1.9033568884090108,1.9033568884090108,accepted,channel_two8_deg;channel_four4_path_tdm_deg,21.56335957874078,18.129926644441216,1.7167164671497819,12,38,96.04246706731091,0.24553902279587922,143,0.04027000000000001,97.1415770756836,12.0,/Users/john.pacino/openflight_sessions/session_20260809_105706_trackman.jsonl,/Users/john.pacino/openflight_sessions/iwr6843/iwr6843_20260809_105806_912_003.l3dump
18,9Iron,config/iwr6843_l3dump_dense_36f2ms_32bin_iq8.cfg,11.933999999999989,10.849593289035894,-1.0844067109640942,1.0844067109640942,accepted,channel_two8_deg;channel_four4_path_tdm_deg,7.7328975178467605,13.96628906022503,3.1166957711891348,11,36,98.03597897576587,0.20092681588044028,104,0.043350000000000014,98.8726114680176,12.0,/Users/john.pacino/openflight_sessions/session_20260809_105706_trackman.jsonl,/Users/john.pacino/openflight_sessions/iwr6843/iwr6843_20260809_110203_483_004.l3dump
19,9Iron,config/iwr6843_l3dump_dense_36f2ms_32bin_iq8.cfg,21.618000000000006,-2.154440049317299,-23.772440049317304,23.772440049317304,accepted,channel_two8_deg,-2.154440049317299,22.91518245493015,12.534811252123724,11,37,100.93818468501719,0.28161476877076713,102,0.03827,101.72372693774415,12.0,/Users/john.pacino/openflight_sessions/session_20260809_105706_trackman.jsonl,/Users/john.pacino/openflight_sessions/iwr6843/iwr6843_20260809_110216_790_005.l3dump
20,9Iron,config/iwr6843_l3dump_dense_36f2ms_32bin_iq8.cfg,15.913999999999985,16.091583771873395,0.1775837718734099,0.1775837718734099,accepted,channel_two8_deg;channel_four4_path_tdm_deg,14.575232685077344,17.60793485866945,1.5163510867960523,11,38,85.77381493742939,0.28733073965075673,95,0.04227,86.7553707216797,12.0,/Users/john.pacino/openflight_sessions/session_20260809_105706_trackman.jsonl,/Users/john.pacino/openflight_sessions/iwr6843/iwr6843_20260809_110238_956_006.l3dump
21,9Iron,config/iwr6843_l3dump_dense_36f2ms_32bin_iq8.cfg,21.541000000000007,-1.9446265635159812,-23.48562656351599,23.48562656351599,accepted,channel_two8_deg,-1.9446265635159812,20.77507138167182,11.359848972593902,11,35,103.99700470236127,0.2524354890035772,103,0.04135000000000001,105.18579572241212,12.0,/Users/john.pacino/openflight_sessions/session_20260809_105706_trackman.jsonl,/Users/john.pacino/openflight_sessions/iwr6843/iwr6843_20260809_110251_829_007.l3dump
22,9Iron,config/iwr6843_l3dump_dense_36f2ms_32bin_iq8.cfg,19.436999999999987,16.953870871253528,-2.4831291287464587,2.4831291287464587,accepted,channel_two8_deg;channel_four4_path_tdm_deg,18.590802284170394,15.316939458336664,1.636931412916865,12,44,97.57976465918046,0.2964129689125251,99,0.03894500000000001,98.36348370556642,12.0,/Users/john.pacino/openflight_sessions/session_20260809_105706_trackman.jsonl,/Users/john.pacino/openflight_sessions/iwr6843/iwr6843_20260809_110312_094_008.l3dump
23,9Iron,config/iwr6843_l3dump_dense_36f2ms_32bin_iq8.cfg,19.85000000000001,-1.6072464202193046,-21.457246420219313,21.457246420219313,accepted,channel_two8_deg,-1.6072464202193046,16.0093432605031,8.808294840361203,11,35,106.42161834771936,0.28553662344159786,110,0.04254000000000001,106.9168301147461,12.0,/Users/john.pacino/openflight_sessions/session_20260809_105706_trackman.jsonl,/Users/john.pacino/openflight_sessions/iwr6843/iwr6843_20260809_110324_313_009.l3dump
24,9Iron,config/iwr6843_l3dump_dense_36f2ms_32bin_iq8.cfg,21.001999999999992,-1.988384621865889,-22.990384621865882,22.990384621865882,accepted,channel_two8_deg,-1.988384621865889,18.021134444202563,10.004759533034226,8,30,105.92529369726005,0.23892600533159652,72,0.041215,106.000400142334,12.0,/Users/john.pacino/openflight_sessions/session_20260809_105706_trackman.jsonl,/Users/john.pacino/openflight_sessions/iwr6843/iwr6843_20260809_110338_659_010.l3dump
25,9Iron,config/iwr6843_l3dump_dense_36f2ms_32bin_iq8.cfg,18.271999999999995,-1.8065650872944672,-20.07856508729446,20.07856508729446,accepted,channel_two8_deg,-1.8065650872944672,16.995697119029163,9.401131103161816,10,35,105.27832896582994,0.2885742233116134,92,0.040405,105.79674903735352,12.0,/Users/john.pacino/openflight_sessions/session_20260809_105706_trackman.jsonl,/Users/john.pacino/openflight_sessions/iwr6843/iwr6843_20260809_110356_324_011.l3dump
26,9Iron,config/iwr6843_l3dump_dense_36f2ms_32bin_iq8.cfg,17.694000000000003,34.271326567727534,16.577326567727532,16.577326567727532,accepted,channel_two8_deg,34.271326567727534,15.955943845663683,9.157691361031926,8,29,109.69426070198948,0.2818276270812855,74,0.04308,109.8697711369629,12.0,/Users/john.pacino/openflight_sessions/session_20260809_105706_trackman.jsonl,/Users/john.pacino/openflight_sessions/iwr6843/iwr6843_20260809_110416_300_012.l3dump
27,9Iron,config/iwr6843_l3dump_dense_36f2ms_32bin_iq8.cfg,15.733000000000004,16.16924425944704,0.4362442594470366,0.4362442594470366,accepted,channel_two8_deg;channel_four4_path_tdm_deg,13.419550312133055,18.91893820676103,2.749693947313988,9,31,98.1513978173977,0.33174852854498366,68,0.04321500000000001,98.66896036303712,12.0,/Users/john.pacino/openflight_sessions/session_20260809_105706_trackman.jsonl,/Users/john.pacino/openflight_sessions/iwr6843/iwr6843_20260809_110430_952_013.l3dump
28,9Iron,config/iwr6843_l3dump_dense_36f2ms_32bin_iq8.cfg,3.7129999999999934,11.16937870994111,7.4563787099411165,7.4563787099411165,accepted,channel_two8_deg;channel_four4_path_tdm_deg,10.709149196696128,11.629608223186093,0.4602295132449825,14,50,109.88867968553072,0.2781558427153687,92,0.037215,110.68437555688477,12.0,/Users/john.pacino/openflight_sessions/session_20260809_105706_trackman.jsonl,/Users/john.pacino/openflight_sessions/iwr6843/iwr6843_20260809_110451_906_014.l3dump
29,9Iron,config/iwr6843_l3dump_dense_36f2ms_32bin_iq8.cfg,22.051999999999992,-2.1473283741541196,-24.199328374154113,24.199328374154113,accepted,channel_two8_deg,-2.1473283741541196,19.905107835118862,11.02621810463649,10,35,103.16204986675567,0.25446144412272176,81,0.04148500000000001,104.06571464501954,12.0,/Users/john.pacino/openflight_sessions/session_20260809_105706_trackman.jsonl,/Users/john.pacino/openflight_sessions/iwr6843/iwr6843_20260809_110504_888_015.l3dump
30,9Iron,config/iwr6843_l3dump_dense_36f2ms_32bin_iq8.cfg,19.563,16.896280238425817,-2.666719761574182,2.666719761574182,accepted,channel_two8_deg;channel_four4_path_tdm_deg,17.565521522859893,16.227038953991745,0.669241284434074,14,38,95.75582606321953,0.28479703096768527,102,0.04094500000000001,96.42879820825196,12.0,/Users/john.pacino/openflight_sessions/session_20260809_111239_trackman.jsonl,/Users/john.pacino/openflight_sessions/iwr6843/iwr6843_20260809_111304_873_001.l3dump
31,9Iron,config/iwr6843_l3dump_dense_36f2ms_32bin_iq8.cfg,19.862000000000002,-1.8266549459837949,-21.688654945983796,21.688654945983796,accepted,channel_two8_deg,-1.8266549459837949,19.07389986271883,10.450277404351311,11,35,105.21378341553863,0.263026155523317,110,0.04148500000000001,105.6949234848633,12.0,/Users/john.pacino/openflight_sessions/session_20260809_111239_trackman.jsonl,/Users/john.pacino/openflight_sessions/iwr6843/iwr6843_20260809_111337_707_002.l3dump
32,9Iron,config/iwr6843_l3dump_dense_36f2ms_32bin_iq8.cfg,20.518999999999995,-2.5565891886684367,-23.07558918866843,23.07558918866843,accepted,channel_two8_deg,-2.5565891886684367,19.030449534020953,10.793519361344694,12,35,102.46249888408406,0.23296641639524113,102,0.037595,103.0474591201172,12.0,/Users/john.pacino/openflight_sessions/session_20260809_111239_trackman.jsonl,/Users/john.pacino/openflight_sessions/iwr6843/iwr6843_20260809_111402_385_003.l3dump
33,9Iron,config/iwr6843_l3dump_dense_36f2ms_32bin_iq8.cfg,16.297999999999995,14.491597501094702,-1.8064024989052925,1.8064024989052925,accepted,channel_two8_deg;channel_four4_path_tdm_deg,12.065603364786972,16.917591637402435,2.4259941363077315,13,42,93.6743925361807,0.3121860645544157,117,0.040675,93.37403163354493,12.0,/Users/john.pacino/openflight_sessions/session_20260809_111239_trackman.jsonl,/Users/john.pacino/openflight_sessions/iwr6843/iwr6843_20260809_111432_771_004.l3dump
34,9Iron,config/iwr6843_l3dump_dense_36f2ms_32bin_iq8.cfg,21.578999999999997,-2.2218661051077437,-23.80086610510774,23.80086610510774,accepted,channel_two8_deg,-2.2218661051077437,21.327498309224357,11.77468220716605,9,31,102.27359953036984,0.2681287285522944,90,0.042,102.84380801513673,12.0,/Users/john.pacino/openflight_sessions/session_20260809_111239_trackman.jsonl,/Users/john.pacino/openflight_sessions/iwr6843/iwr6843_20260809_111446_022_005.l3dump
35,9Iron,config/iwr6843_l3dump_dense_36f2ms_32bin_iq8.cfg,19.87499999999999,-1.8985070201610987,-21.773507020161087,21.773507020161087,accepted,channel_two8_deg,-1.8985070201610987,15.894994944023853,8.896750982092476,8,29,104.80425501409182,0.2666237875600806,98,0.04094500000000001,105.38944682739259,12.0,/Users/john.pacino/openflight_sessions/session_20260809_111239_trackman.jsonl,/Users/john.pacino/openflight_sessions/iwr6843/iwr6843_20260809_111506_120_006.l3dump
36,9Iron,config/iwr6843_l3dump_dense_36f2ms_32bin_iq8.cfg,17.875,-1.7836542345237159,-19.658654234523716,19.658654234523716,accepted,channel_two8_deg,-1.7836542345237159,15.625251502653061,8.704452868588389,8,29,104.51784166681756,0.26302196714774007,101,0.039215,105.28762127490235,12.0,/Users/john.pacino/openflight_sessions/session_20260809_111239_trackman.jsonl,/Users/john.pacino/openflight_sessions/iwr6843/iwr6843_20260809_111520_310_007.l3dump
37,9Iron,config/iwr6843_l3dump_dense_36f2ms_32bin_iq8.cfg,19.61399999999999,-1.9413818119455422,-21.555381811945534,21.555381811945534,accepted,channel_two8_deg,-1.9413818119455422,21.16735852029374,11.55437016611964,10,35,100.77418786745159,0.23452704324961043,88,0.04081000000000001,101.31642472778321,12.0,/Users/john.pacino/openflight_sessions/session_20260809_111239_trackman.jsonl,/Users/john.pacino/openflight_sessions/iwr6843/iwr6843_20260809_111536_008_008.l3dump
38,9Iron,config/iwr6843_l3dump_dense_36f2ms_32bin_iq8.cfg,19.239999999999984,-1.66803519607694,-20.908035196076924,20.908035196076924,accepted,channel_two8_deg,-1.66803519607694,15.332691922189596,8.500363559133268,10,33,105.92231789419915,0.23909892402378022,114,0.03867500000000001,106.81500456225587,12.0,/Users/john.pacino/openflight_sessions/session_20260809_111239_trackman.jsonl,/Users/john.pacino/openflight_sessions/iwr6843/iwr6843_20260809_111551_296_009.l3dump
39,9Iron,config/iwr6843_l3dump_dense_36f2ms_32bin_iq8.cfg,18.15099999999999,-2.779259617536392,-20.930259617536382,20.930259617536382,accepted,channel_two8_deg,-2.779259617536392,14.242231921626693,8.510745769581543,11,41,101.01094713183313,0.2474619181541369,109,0.03946000000000001,101.52007583276368,12.0,/Users/john.pacino/openflight_sessions/session_20260809_111239_trackman.jsonl,/Users/john.pacino/openflight_sessions/iwr6843/iwr6843_20260809_111610_198_010.l3dump
40,9Iron,config/iwr6843_l3dump_dense_36f2ms_32bin_iq8.cfg,17.771999999999984,17.027578645655048,-0.7444213543449365,0.7444213543449365,accepted,channel_two8_deg;channel_four4_path_tdm_deg,16.024514282049807,18.030643009260285,1.0030643636052385,10,34,99.193276099753,0.27623882604426975,103,0.037215000000000005,100.0945180979004,12.0,/Users/john.pacino/openflight_sessions/session_20260809_111239_trackman.jsonl,/Users/john.pacino/openflight_sessions/iwr6843/iwr6843_20260809_111623_837_011.l3dump
41,9Iron,config/iwr6843_l3dump_dense_36f2ms_32bin_iq8.cfg,17.134999999999987,16.817833284065294,-0.31716671593469314,0.31716671593469314,accepted,channel_two8_deg;channel_four4_path_tdm_deg,16.331531495803436,17.30413507232715,0.48630178826185677,9,32,92.06544155035773,0.21888295066606944,131,0.03481000000000001,93.2722060810547,12.0,/Users/john.pacino/openflight_sessions/session_20260809_111239_trackman.jsonl,/Users/john.pacino/openflight_sessions/iwr6843/iwr6843_20260809_111644_633_012.l3dump
42,9Iron,config/iwr6843_l3dump_dense_36f2ms_32bin_iq8.cfg,19.181999999999995,-1.6495830341652962,-20.83158303416529,20.83158303416529,accepted,channel_two8_deg,-1.6495830341652962,16.107419338531884,8.87850118634859,10,35,104.28048700029852,0.30066044945011033,71,0.043215,105.18579572241212,12.0,/Users/john.pacino/openflight_sessions/session_20260809_111239_trackman.jsonl,/Users/john.pacino/openflight_sessions/iwr6843/iwr6843_20260809_111659_763_013.l3dump
43,9Iron,config/iwr6843_l3dump_wide_24f3ms_53bin_iq16.cfg,20.186999999999983,19.95397054901042,-0.2330294509895623,0.2330294509895623,accepted,channel_four4_path_tdm_deg,37.4600277900222,19.95397054901042,8.75302862050589,11,43,106.73131916534608,0.21887100769606438,136,0.043215,107.42595787719728,12.0,/Users/john.pacino/openflight_sessions/session_20260809_111902_trackman.jsonl,/Users/john.pacino/openflight_sessions/iwr6843/iwr6843_20260809_111926_148_001.l3dump
44,9Iron,config/iwr6843_l3dump_wide_24f3ms_53bin_iq16.cfg,19.703999999999997,18.14119800869748,-1.5628019913025177,1.5628019913025177,accepted,channel_four4_path_tdm_deg,-1.7159665165431965,18.14119800869748,9.928582262620338,12,44,104.66505274120014,0.16194261748482272,76,0.04048500000000001,105.08397016992188,12.0,/Users/john.pacino/openflight_sessions/session_20260809_111902_trackman.jsonl,/Users/john.pacino/openflight_sessions/iwr6843/iwr6843_20260809_111948_007_002.l3dump
46,9Iron,config/iwr6843_l3dump_wide_24f3ms_53bin_iq16.cfg,19.142999999999997,30.87221776843049,11.729217768430495,11.729217768430495,accepted,channel_two8_deg,30.87221776843049,19.343237215151944,5.764490276639274,10,40,111.37215308767512,0.2882723177177936,87,0.045405,112.10993329174806,12.0,/Users/john.pacino/openflight_sessions/session_20260809_111902_trackman.jsonl,/Users/john.pacino/openflight_sessions/iwr6843/iwr6843_20260809_112107_663_004.l3dump
47,9Iron,config/iwr6843_l3dump_wide_24f3ms_53bin_iq16.cfg,20.176000000000002,20.10907849540405,-0.06692150459595325,0.06692150459595325,accepted,channel_four4_path_tdm_deg,-1.4902938804576107,20.10907849540405,10.79968618793083,11,41,103.8261505690451,0.33294466636992276,62,0.04267500000000001,104.88031906494142,12.0,/Users/john.pacino/openflight_sessions/session_20260809_111902_trackman.jsonl,/Users/john.pacino/openflight_sessions/iwr6843/iwr6843_20260809_112222_669_005.l3dump
48,9Iron,config/iwr6843_l3dump_wide_24f3ms_53bin_iq16.cfg,18.461999999999996,18.0206064494147,-0.44139355058529617,0.44139355058529617,accepted,channel_two8_deg;channel_four4_path_tdm_deg,18.14366332295843,17.897549575870965,0.1230568735437334,13,48,96.67278050287844,0.18550338979192807,61,0.037485000000000004,96.83610041821291,12.0,/Users/john.pacino/openflight_sessions/session_20260809_111902_trackman.jsonl,/Users/john.pacino/openflight_sessions/iwr6843/iwr6843_20260809_112302_270_006.l3dump
49,9Iron,config/iwr6843_l3dump_wide_24f3ms_53bin_iq16.cfg,18.522000000000006,35.36154122541425,16.839541225414244,16.839541225414244,accepted,channel_two8_deg,35.36154122541425,16.606144271783062,9.377698476815594,11,38,106.32952269568916,0.28079480352050556,103,0.04240500000000001,107.01865566723635,12.0,/Users/john.pacino/openflight_sessions/session_20260809_111902_trackman.jsonl,/Users/john.pacino/openflight_sessions/iwr6843/iwr6843_20260809_112320_901_007.l3dump
50,9Iron,config/iwr6843_l3dump_wide_24f3ms_53bin_iq16.cfg,20.358999999999995,35.38059403727929,15.021594037279293,15.021594037279293,accepted,channel_two8_deg,35.38059403727929,18.45415494607547,8.463219545601909,11,40,106.14613147681887,0.2993268427718498,71,0.042675000000000005,107.52778342968752,12.0,/Users/john.pacino/openflight_sessions/session_20260809_111902_trackman.jsonl,/Users/john.pacino/openflight_sessions/iwr6843/iwr6843_20260809_112345_386_008.l3dump
51,9Iron,config/iwr6843_l3dump_wide_24f3ms_53bin_iq16.cfg,17.565000000000023,17.502343206309433,-0.0626567936905893,0.0626567936905893,accepted,channel_four4_path_tdm_deg,-1.7735111723703205,17.502343206309433,9.637927189339877,8,29,105.49784819578745,0.3195098087759599,62,0.039675000000000016,105.59309793237306,12.0,/Users/john.pacino/openflight_sessions/session_20260809_111902_trackman.jsonl,/Users/john.pacino/openflight_sessions/iwr6843/iwr6843_20260809_112410_572_009.l3dump
52,9Iron,config/iwr6843_l3dump_wide_24f3ms_53bin_iq16.cfg,19.44699999999999,19.8552062618582,0.4082062618582114,0.4082062618582114,accepted,channel_four4_path_tdm_deg,-1.5022845008129997,19.8552062618582,10.6787453813356,10,38,106.85696956209726,0.23964558497620206,69,0.040215,106.81500456225587,12.0,/Users/john.pacino/openflight_sessions/session_20260809_111902_trackman.jsonl,/Users/john.pacino/openflight_sessions/iwr6843/iwr6843_20260809_112436_236_010.l3dump
53,9Iron,config/iwr6843_l3dump_wide_24f3ms_53bin_iq16.cfg,19.762999999999995,37.70205859817081,17.939058598170813,17.939058598170813,accepted,channel_two8_deg,37.70205859817081,18.627826062634266,9.53711626776827,10,35,107.26248306519079,0.214155086746795,60,0.04048500000000001,107.42595787719728,12.0,/Users/john.pacino/openflight_sessions/session_20260809_111902_trackman.jsonl,/Users/john.pacino/openflight_sessions/iwr6843/iwr6843_20260809_112506_986_011.l3dump
54,9Iron,config/iwr6843_l3dump_wide_24f3ms_53bin_iq16.cfg,20.082999999999995,19.14920700246351,-0.9337929975364858,0.9337929975364858,accepted,channel_four4_path_tdm_deg,-2.072923043918231,19.14920700246351,10.61106502319087,9,33,101.39232884120682,0.33473327503141936,56,0.04267500000000001,102.33468025268556,12.0,/Users/john.pacino/openflight_sessions/session_20260809_111902_trackman.jsonl,/Users/john.pacino/openflight_sessions/iwr6843/iwr6843_20260809_112532_956_012.l3dump
55,9Iron,config/iwr6843_l3dump_wide_24f3ms_53bin_iq16.cfg,17.520999999999997,16.747491717393338,-0.7735082826066595,0.7735082826066595,accepted,channel_two8_deg;channel_four4_path_tdm_deg,17.1247552778923,16.370228156894374,0.3772635604989638,11,40,98.2022520393959,0.19951785787308346,76,0.04048500000000001,98.26165815307618,12.0,/Users/john.pacino/openflight_sessions/session_20260809_111902_trackman.jsonl,/Users/john.pacino/openflight_sessions/iwr6843/iwr6843_20260809_112617_860_013.l3dump
56,9Iron,config/iwr6843_l3dump_wide_24f3ms_53bin_iq16.cfg,18.683999999999983,15.840297470585028,-2.843702529414955,2.843702529414955,accepted,channel_four4_path_tdm_deg,34.592946098531556,15.840297470585028,9.376324313973264,11,39,107.29449774731735,0.2721714013247682,70,0.04567500000000001,108.03691119213869,12.0,/Users/john.pacino/openflight_sessions/session_20260809_111902_trackman.jsonl,/Users/john.pacino/openflight_sessions/iwr6843/iwr6843_20260809_112642_160_014.l3dump
57,9Iron,config/iwr6843_l3dump_wide_24f3ms_53bin_iq16.cfg,17.842999999999986,30.343077029923638,12.500077029923652,12.500077029923652,accepted,channel_two8_deg,30.343077029923638,17.134768714950326,6.604154157486656,12,41,109.58717917986029,0.2840151932826225,78,0.043215,110.48072445190431,12.0,/Users/john.pacino/openflight_sessions/session_20260809_111902_trackman.jsonl,/Users/john.pacino/openflight_sessions/iwr6843/iwr6843_20260809_112706_058_015.l3dump
58,9Iron,config/iwr6843_l3dump_wide_24f3ms_53bin_iq16.cfg,19.710000000000008,16.672106370113834,-3.037893629886174,3.037893629886174,accepted,channel_two8_deg;channel_four4_path_tdm_deg,19.79832723688426,13.545885503343408,3.126220866770425,9,35,97.30077622076989,0.31577945422054,54,0.042405,98.36348370556642,12.0,/Users/john.pacino/openflight_sessions/session_20260809_111902_trackman.jsonl,/Users/john.pacino/openflight_sessions/iwr6843/iwr6843_20260809_112920_053_016.l3dump
60,9Iron,config/iwr6843_l3dump_wide_24f3ms_53bin_iq16.cfg,21.039999999999996,20.636900102313138,-0.4030998976868574,0.4030998976868574,accepted,channel_four4_path_tdm_deg,-3.905239016704025,20.636900102313138,12.27106955950858,11,41,101.10690234220445,0.325915392557794,62,0.04035000000000001,102.53833135766602,12.0,/Users/john.pacino/openflight_sessions/session_20260809_111902_trackman.jsonl,/Users/john.pacino/openflight_sessions/iwr6843/iwr6843_20260809_113046_536_018.l3dump
62,9Iron,config/iwr6843_l3dump_wide_24f3ms_53bin_iq16.cfg,17.558999999999997,15.236304296038938,-2.3226957039610596,2.3226957039610596,accepted,channel_four4_path_tdm_deg,32.64636221114688,15.236304296038938,8.70502895755397,11,34,108.93292918238112,0.2003597116950163,71,0.04635000000000001,109.05516671704103,12.0,/Users/john.pacino/openflight_sessions/session_20260809_111902_trackman.jsonl,/Users/john.pacino/openflight_sessions/iwr6843/iwr6843_20260809_113146_980_020.l3dump
63,9Iron,config/iwr6843_l3dump_wide_24f3ms_53bin_iq16.cfg,21.94699999999997,19.96035640052528,-1.9866435994746894,1.9866435994746894,accepted,channel_four4_path_tdm_deg,-1.4585758841667325,19.96035640052528,10.709466142346006,11,40,105.91953833038835,0.28366002704564713,75,0.04854,106.9168301147461,12.0,/Users/john.pacino/openflight_sessions/session_20260809_111902_trackman.jsonl,/Users/john.pacino/openflight_sessions/iwr6843/iwr6843_20260809_113208_656_021.l3dump
64,9Iron,config/iwr6843_l3dump_wide_24f3ms_53bin_iq16.cfg,20.032000000000004,17.974577242276727,-2.057422757723277,2.057422757723277,accepted,channel_four4_path_tdm_deg,-1.6822628924743785,17.974577242276727,9.828420067375554,12,44,101.95135904398849,0.3054903375276877,86,0.04554,102.84380801513673,12.0,/Users/john.pacino/openflight_sessions/session_20260809_113433_trackman.jsonl,/Users/john.pacino/openflight_sessions/iwr6843/iwr6843_20260809_113449_571_001.l3dump
65,9Iron,config/iwr6843_l3dump_wide_24f3ms_53bin_iq16.cfg,21.833999999999996,21.85723574990678,0.02323574990678523,0.02323574990678523,accepted,channel_four4_path_tdm_deg,-2.781878851325386,21.85723574990678,12.319557300616085,12,43,102.58309648157402,0.2555466007751165,55,0.04348500000000001,103.65841243505861,12.0,/Users/john.pacino/openflight_sessions/session_20260809_113433_trackman.jsonl,/Users/john.pacino/openflight_sessions/iwr6843/iwr6843_20260809_113516_751_002.l3dump
66,9Iron,config/iwr6843_l3dump_wide_24f3ms_53bin_iq16.cfg,21.64999999999998,21.58128931191545,-0.06871068808452918,0.06871068808452918,accepted,channel_four4_path_tdm_deg,-1.4431904423057067,21.58128931191545,11.512239877110579,11,41,106.7693256502495,0.22654010957567783,76,0.04308000000000001,107.12048121972657,12.0,/Users/john.pacino/openflight_sessions/session_20260809_113433_trackman.jsonl,/Users/john.pacino/openflight_sessions/iwr6843/iwr6843_20260809_113546_514_003.l3dump
67,9Iron,config/iwr6843_l3dump_wide_24f3ms_53bin_iq16.cfg,20.68699999999998,19.464776282106143,-1.2222237178938364,1.2222237178938364,accepted,channel_four4_path_tdm_deg,38.86412996140147,19.464776282106143,9.699676839647662,12,42,106.14017736422815,0.2923510263970998,76,0.04335000000000001,107.32413232470704,12.0,/Users/john.pacino/openflight_sessions/session_20260809_113433_trackman.jsonl,/Users/john.pacino/openflight_sessions/iwr6843/iwr6843_20260809_113633_392_004.l3dump
68,9Iron,config/iwr6843_l3dump_wide_24f3ms_53bin_iq16.cfg,20.854999999999997,18.69078411829478,-2.1642158817052177,2.1642158817052177,accepted,channel_four4_path_tdm_deg,-1.4147064793381106,18.69078411829478,10.052745298816445,10,40,106.50167136653572,0.21309485567443337,56,0.043350000000000014,106.9168301147461,12.0,/Users/john.pacino/openflight_sessions/session_20260809_113433_trackman.jsonl,/Users/john.pacino/openflight_sessions/iwr6843/iwr6843_20260809_113657_539_005.l3dump
69,9Iron,config/iwr6843_l3dump_wide_24f3ms_53bin_iq16.cfg,16.327999999999996,14.461755704037866,-1.8662442959621295,1.8662442959621295,accepted,channel_two8_deg;channel_four4_path_tdm_deg,15.01858907764757,13.904922330428164,0.5568333736097033,10,38,100.93170462070846,0.22414016308476956,53,0.033675,101.41825028027345,12.0,/Users/john.pacino/openflight_sessions/session_20260809_113433_trackman.jsonl,/Users/john.pacino/openflight_sessions/iwr6843/iwr6843_20260809_113728_852_006.l3dump
70,9Iron,config/iwr6843_l3dump_wide_24f3ms_53bin_iq16.cfg,20.496999999999996,19.455329203556147,-1.0416707964438494,1.0416707964438494,accepted,channel_four4_path_tdm_deg,-1.4890275419774175,19.455329203556147,10.472178372766782,12,42,104.96031934924606,0.24427901725544368,51,0.037485000000000004,105.08397016992188,12.0,/Users/john.pacino/openflight_sessions/session_20260809_113433_trackman.jsonl,/Users/john.pacino/openflight_sessions/iwr6843/iwr6843_20260809_113747_478_007.l3dump
71,9Iron,config/iwr6843_l3dump_wide_24f3ms_53bin_iq16.cfg,20.32499999999999,19.492255743675273,-0.832744256324716,0.832744256324716,accepted,channel_four4_path_tdm_deg,-1.8010568845076695,19.492255743675273,10.646656314091471,12,39,103.57661927758735,0.28737488626769037,112,0.041595,104.67666795996095,12.0,/Users/john.pacino/openflight_sessions/session_20260809_113433_trackman.jsonl,/Users/john.pacino/openflight_sessions/iwr6843/iwr6843_20260809_113830_727_009.l3dump
72,9Iron,config/iwr6843_l3dump_wide_24f3ms_53bin_iq16.cfg,19.690999999999978,19.036782380198524,-0.6542176198014538,0.6542176198014538,accepted,channel_four4_path_tdm_deg,-1.3641949941385516,19.036782380198524,10.200488687168537,11,39,105.73148486302831,0.2189660765150934,55,0.043215,106.3058767998047,12.0,/Users/john.pacino/openflight_sessions/session_20260809_113433_trackman.jsonl,/Users/john.pacino/openflight_sessions/iwr6843/iwr6843_20260809_113910_354_010.l3dump
73,9Iron,config/iwr6843_l3dump_wide_24f3ms_53bin_iq16.cfg,18.82699999999999,18.039280510320594,-0.7877194896793966,0.7877194896793966,accepted,channel_four4_path_tdm_deg,-1.4231460642656062,18.039280510320594,9.731213287293102,11,35,104.3803387742806,0.2959365024503256,58,0.04227000000000001,104.98214461743166,12.0,/Users/john.pacino/openflight_sessions/session_20260809_113433_trackman.jsonl,/Users/john.pacino/openflight_sessions/iwr6843/iwr6843_20260809_113930_522_011.l3dump
74,9Iron,config/iwr6843_l3dump_wide_24f3ms_53bin_iq16.cfg,19.51499999999999,31.994587773892043,12.479587773892053,12.479587773892053,accepted,channel_two8_deg,31.994587773892043,16.23404311409939,7.880272329896327,10,36,109.7033254730933,0.25311287030596386,71,0.045270000000000005,110.37889889941407,12.0,/Users/john.pacino/openflight_sessions/session_20260809_113433_trackman.jsonl,/Users/john.pacino/openflight_sessions/iwr6843/iwr6843_20260809_113948_990_012.l3dump
75,9Iron,config/iwr6843_l3dump_wide_24f3ms_53bin_iq16.cfg,23.20599999999999,22.254627470498477,-0.9513725295015121,0.9513725295015121,accepted,channel_four4_path_tdm_deg,-5.0,22.254627470498477,,9,31,104.14296433854594,0.3232361605644412,41,0.041325,105.6949234848633,12.0,/Users/john.pacino/openflight_sessions/session_20260809_113433_trackman.jsonl,/Users/john.pacino/openflight_sessions/iwr6843/iwr6843_20260809_114009_851_013.l3dump
76,9Iron,config/iwr6843_l3dump_wide_24f3ms_53bin_iq16.cfg,19.06699999999998,17.11497783805421,-1.95202216194577,1.95202216194577,accepted,channel_two8_deg;channel_four4_path_tdm_deg,17.017166696121016,17.212788979987405,0.09781114193319418,13,51,100.01883134579408,0.2959186216299245,63,0.04035000000000001,100.50182030786134,12.0,/Users/john.pacino/openflight_sessions/session_20260809_113433_trackman.jsonl,/Users/john.pacino/openflight_sessions/iwr6843/iwr6843_20260809_114029_936_014.l3dump
77,9Iron,config/iwr6843_l3dump_wide_24f3ms_53bin_iq16.cfg,18.83999999999998,33.20498609751451,14.364986097514528,14.364986097514528,accepted,channel_two8_deg,33.20498609751451,16.39252129401484,8.406232401749833,9,33,107.43470481918455,0.2754230335511683,64,0.04267500000000001,108.34238784960938,12.0,/Users/john.pacino/openflight_sessions/session_20260809_113433_trackman.jsonl,/Users/john.pacino/openflight_sessions/iwr6843/iwr6843_20260809_114048_395_015.l3dump
78,9Iron,config/iwr6843_l3dump_wide_24f3ms_53bin_iq16.cfg,18.435999999999996,15.905701850754879,-2.5302981492451178,2.5302981492451178,accepted,channel_four4_path_tdm_deg,-1.3483220256985617,15.905701850754879,8.627011938226719,10,33,104.19582559211511,0.27187816083394795,62,0.04308000000000001,105.08397016992188,12.0,/Users/john.pacino/openflight_sessions/session_20260809_113433_trackman.jsonl,/Users/john.pacino/openflight_sessions/iwr6843/iwr6843_20260809_114106_681_016.l3dump
79,9Iron,config/iwr6843_l3dump_wide_24f3ms_53bin_iq16.cfg,18.220999999999986,31.45301904871698,13.232019048716992,13.232019048716992,accepted,channel_two8_deg,31.45301904871698,16.008792047636902,7.722113500540038,10,35,110.84264714003582,0.21041322291552847,72,0.04348500000000001,111.29532887182619,12.0,/Users/john.pacino/openflight_sessions/session_20260809_113433_trackman.jsonl,/Users/john.pacino/openflight_sessions/iwr6843/iwr6843_20260809_114125_814_017.l3dump
80,9Iron,config/iwr6843_l3dump_wide_24f3ms_53bin_iq16.cfg,17.821999999999996,31.85504033972686,14.033040339726863,14.033040339726863,accepted,channel_two8_deg,31.85504033972686,16.506401637484924,7.6743193511209675,10,36,109.05118989915653,0.22952423966023366,60,0.04159500000000001,109.66612003198243,12.0,/Users/john.pacino/openflight_sessions/session_20260809_113433_trackman.jsonl,/Users/john.pacino/openflight_sessions/iwr6843/iwr6843_20260809_114142_992_018.l3dump
81,9Iron,config/iwr6843_l3dump_wide_24f3ms_53bin_iq16.cfg,21.593999999999998,19.245061750383396,-2.3489382496166016,2.3489382496166016,accepted,channel_four4_path_tdm_deg,-1.5827734140858978,19.245061750383396,10.413917582234646,10,38,103.43646222320689,0.2572993045497539,58,0.04146000000000001,104.37119130249025,12.0,/Users/john.pacino/openflight_sessions/session_20260809_113433_trackman.jsonl,/Users/john.pacino/openflight_sessions/iwr6843/iwr6843_20260809_114203_200_019.l3dump
82,9Iron,config/iwr6843_l3dump_wide_24f3ms_53bin_iq16.cfg,18.13100000000001,16.781072225956166,-1.3499277740438451,1.3499277740438451,accepted,channel_two8_deg;channel_four4_path_tdm_deg,16.284183067525472,17.27796138438686,0.4968891584306938,12,44,96.71723206274577,0.26651687027009835,62,0.04035000000000001,97.85435594311525,12.0,/Users/john.pacino/openflight_sessions/session_20260809_113433_trackman.jsonl,/Users/john.pacino/openflight_sessions/iwr6843/iwr6843_20260809_114220_561_020.l3dump
83,9Iron,config/iwr6843_l3dump_wide_24f3ms_53bin_iq16.cfg,18.48299999999998,17.49413569115166,-0.9888643088483207,0.9888643088483207,accepted,channel_two8_deg;channel_four4_path_tdm_deg,18.13671107585153,16.851560306451788,0.642575384699871,13,47,98.83877015483546,0.3087681079098434,66,0.039540000000000006,99.99269254541016,12.0,/Users/john.pacino/openflight_sessions/session_20260809_113433_trackman.jsonl,/Users/john.pacino/openflight_sessions/iwr6843/iwr6843_20260809_114237_390_021.l3dump
84,9Iron,config/iwr6843_l3dump_wide_24f3ms_53bin_iq16.cfg,18.932999999999993,18.067916596005926,-0.8650834039940669,0.8650834039940669,accepted,channel_four4_path_tdm_deg,-1.3279797289705226,18.067916596005926,9.697948162488224,13,41,105.15279898925516,0.23631975583892723,58,0.04294500000000001,105.28762127490235,12.0,/Users/john.pacino/openflight_sessions/session_20260809_113433_trackman.jsonl,/Users/john.pacino/openflight_sessions/iwr6843/iwr6843_20260809_114252_872_022.l3dump
85,9Iron,config/iwr6843_l3dump_wide_24f3ms_53bin_iq16.cfg,20.15499999999999,19.47796056429857,-0.6770394357014204,0.6770394357014204,accepted,channel_four4_path_tdm_deg,-1.4805074065976467,19.47796056429857,10.479233985448108,11,40,104.2851095365116,0.2426063362012399,68,0.039540000000000006,104.88031906494142,12.0,/Users/john.pacino/openflight_sessions/session_20260809_113433_trackman.jsonl,/Users/john.pacino/openflight_sessions/iwr6843/iwr6843_20260809_114307_552_023.l3dump
86,9Iron,config/iwr6843_l3dump_wide_24f3ms_53bin_iq16.cfg,18.308000000000007,28.88005217563667,10.572052175636664,10.572052175636664,accepted,channel_two8_deg,28.88005217563667,20.527573796067678,4.176239189784496,10,33,111.15610460737683,0.19318642911448003,58,0.042810000000000015,112.00810773925782,12.0,/Users/john.pacino/openflight_sessions/session_20260809_113433_trackman.jsonl,/Users/john.pacino/openflight_sessions/iwr6843/iwr6843_20260809_114332_680_024.l3dump
87,7Iron,config/iwr6843_l3dump_wide_24f3ms_53bin_iq16.cfg,15.797999999999995,20.487327448529708,4.689327448529713,4.689327448529713,accepted,channel_two8_deg;channel_four4_path_tdm_deg,21.008201884924276,19.96645301213514,0.5208744363945677,7,26,116.08020899948107,0.22659502375915078,62,0.039675,116.0811298388672,12.0,/Users/john.pacino/openflight_sessions/session_20260809_113433_trackman.jsonl,/Users/john.pacino/openflight_sessions/iwr6843/iwr6843_20260809_114407_119_025.l3dump
88,7Iron,config/iwr6843_l3dump_wide_24f3ms_53bin_iq16.cfg,17.067000000000004,17.261656009127535,0.1946560091275309,0.1946560091275309,accepted,channel_two8_deg;channel_four4_path_tdm_deg,16.86385448196252,17.65945753629255,0.39780152716501505,9,29,114.79872328650843,0.2583251628188612,44,0.03846,114.55374655151368,12.0,/Users/john.pacino/openflight_sessions/session_20260809_113433_trackman.jsonl,/Users/john.pacino/openflight_sessions/iwr6843/iwr6843_20260809_114425_456_026.l3dump
89,7Iron,config/iwr6843_l3dump_wide_24f3ms_53bin_iq16.cfg,12.382000000000001,26.54132287208389,14.159322872083887,14.159322872083887,accepted,channel_two8_deg,26.54132287208389,13.472425994081647,6.534448439001121,10,40,109.25287905907543,0.265073580962263,83,0.040215,110.48072445190431,12.0,/Users/john.pacino/openflight_sessions/session_20260809_113433_trackman.jsonl,/Users/john.pacino/openflight_sessions/iwr6843/iwr6843_20260809_114444_514_027.l3dump
90,7Iron,config/iwr6843_l3dump_wide_24f3ms_53bin_iq16.cfg,15.15,13.13112179277134,-2.01887820722866,2.01887820722866,accepted,channel_four4_path_tdm_deg,-0.9853691860283713,13.13112179277134,7.058245489399855,10,36,103.86689960025244,0.2705604005929777,67,0.037215,104.67666795996095,12.0,/Users/john.pacino/openflight_sessions/session_20260809_113433_trackman.jsonl,/Users/john.pacino/openflight_sessions/iwr6843/iwr6843_20260809_114500_163_028.l3dump
91,7Iron,config/iwr6843_l3dump_wide_24f3ms_53bin_iq16.cfg,14.649999999999995,15.624907498760336,0.9749074987603414,0.9749074987603414,accepted,channel_two8_deg,15.624907498760336,1.9356356056830468,6.844635946538645,6,22,116.55971873752823,0.295877433329556,47,0.03927,116.28478094384766,12.0,/Users/john.pacino/openflight_sessions/session_20260809_113433_trackman.jsonl,/Users/john.pacino/openflight_sessions/iwr6843/iwr6843_20260809_114519_526_029.l3dump
92,7Iron,config/iwr6843_l3dump_wide_24f3ms_53bin_iq16.cfg,15.321999999999994,15.875581133502486,0.553581133502492,0.553581133502492,accepted,channel_four4_path_tdm_deg,1.138227553489589,15.875581133502486,7.3686767900064485,10,31,105.88221735028912,0.32633682347003223,44,0.042405,107.32413232470704,12.0,/Users/john.pacino/openflight_sessions/session_20260809_113433_trackman.jsonl,/Users/john.pacino/openflight_sessions/iwr6843/iwr6843_20260809_114539_230_030.l3dump
93,7Iron,config/iwr6843_l3dump_wide_24f3ms_53bin_iq16.cfg,15.319000000000008,21.291222950185137,5.972222950185129,5.972222950185129,accepted,channel_two8_deg,21.291222950185137,12.190905958729918,4.55015849572761,8,24,116.14351226198482,0.24966615986167917,56,0.042405,116.89573425878908,12.0,/Users/john.pacino/openflight_sessions/session_20260809_113433_trackman.jsonl,/Users/john.pacino/openflight_sessions/iwr6843/iwr6843_20260809_114555_064_031.l3dump
94,7Iron,config/iwr6843_l3dump_wide_24f3ms_53bin_iq16.cfg,15.71399999999999,16.41404503413358,0.7000450341335895,0.7000450341335895,accepted,channel_two8_deg;channel_four4_path_tdm_deg,17.298769068475757,15.5293209997914,0.8847240343421783,7,24,117.15440056735324,0.3124652519814158,39,0.04092000000000001,117.71033867871095,12.0,/Users/john.pacino/openflight_sessions/session_20260809_113433_trackman.jsonl,/Users/john.pacino/openflight_sessions/iwr6843/iwr6843_20260809_114626_947_032.l3dump
95,7Iron,config/iwr6843_l3dump_wide_24f3ms_53bin_iq16.cfg,14.629999999999947,12.346859113503657,-2.283140886496291,2.283140886496291,accepted,channel_four4_path_tdm_deg,-0.7446500565720621,12.346859113503657,6.54575458503786,10,34,101.81837272633139,0.17911459510728586,52,0.037485000000000004,102.64015691015626,12.0,/Users/john.pacino/openflight_sessions/session_20260809_113433_trackman.jsonl,/Users/john.pacino/openflight_sessions/iwr6843/iwr6843_20260809_114642_614_033.l3dump
96,7Iron,config/iwr6843_l3dump_wide_24f3ms_53bin_iq16.cfg,15.256999999999973,14.353097952966392,-0.903902047033581,0.903902047033581,accepted,channel_four4_path_tdm_deg,-1.226668593012105,14.353097952966392,7.789883272989249,9,31,104.20471415510373,0.30323351304069784,51,0.03927000000000001,105.18579572241212,12.0,/Users/john.pacino/openflight_sessions/session_20260809_113433_trackman.jsonl,/Users/john.pacino/openflight_sessions/iwr6843/iwr6843_20260809_114659_747_034.l3dump
97,7Iron,config/iwr6843_l3dump_wide_24f3ms_53bin_iq16.cfg,16.633999999999983,14.384481020225687,-2.2495189797742956,2.2495189797742956,accepted,channel_four4_path_tdm_deg,-1.5547336187858845,14.384481020225687,7.969607319505786,9,32,103.72026056771472,0.21443384565749696,55,0.037485000000000004,104.37119130249025,12.0,/Users/john.pacino/openflight_sessions/session_20260809_113433_trackman.jsonl,/Users/john.pacino/openflight_sessions/iwr6843/iwr6843_20260809_114718_204_035.l3dump
98,7Iron,config/iwr6843_l3dump_wide_24f3ms_53bin_iq16.cfg,14.661999999999976,15.604192350720913,0.9421923507209371,0.9421923507209371,accepted,channel_four4_path_tdm_deg,-0.8588425139459319,15.604192350720913,8.231517432333423,11,37,104.09889588888853,0.2624478004557617,61,0.040215,104.57484240747071,12.0,/Users/john.pacino/openflight_sessions/session_20260809_113433_trackman.jsonl,/Users/john.pacino/openflight_sessions/iwr6843/iwr6843_20260809_114733_718_036.l3dump
99,7Iron,config/iwr6843_l3dump_wide_24f3ms_53bin_iq16.cfg,12.329,18.470631703420317,6.141631703420316,6.141631703420316,accepted,channel_two8_deg;channel_four4_path_tdm_deg,21.664292723371336,15.276970683469298,3.193661019951019,11,38,111.2253970365557,0.30182817917262417,73,0.04335000000000001,112.8227121591797,12.0,/Users/john.pacino/openflight_sessions/session_20260809_113433_trackman.jsonl,/Users/john.pacino/openflight_sessions/iwr6843/iwr6843_20260809_114751_777_037.l3dump
100,7Iron,config/iwr6843_l3dump_wide_24f3ms_53bin_iq16.cfg,16.244999999999997,29.26615696001002,13.021156960010021,13.021156960010021,accepted,channel_two8_deg,29.26615696001002,15.905659015481541,6.680248972264239,9,31,110.06016200787248,0.2177059654147575,57,0.04335000000000001,110.48072445190431,12.0,/Users/john.pacino/openflight_sessions/session_20260809_113433_trackman.jsonl,/Users/john.pacino/openflight_sessions/iwr6843/iwr6843_20260809_114810_031_038.l3dump
101,7Iron,config/iwr6843_l3dump_wide_24f3ms_53bin_iq16.cfg,14.76499999999999,18.861943427166302,4.0969434271663125,4.0969434271663125,accepted,channel_four4_path_tdm_deg,8.916108683758797,18.861943427166302,4.972917371703753,8,24,108.16245852796399,0.315765617703789,42,0.043920000000000015,108.85151561206055,12.0,/Users/john.pacino/openflight_sessions/session_20260809_113433_trackman.jsonl,/Users/john.pacino/openflight_sessions/iwr6843/iwr6843_20260809_114825_615_039.l3dump
102,7Iron,config/iwr6843_l3dump_wide_24f3ms_53bin_iq16.cfg,15.913000000000004,14.45966416961388,-1.4533358303861235,1.4533358303861235,accepted,channel_four4_path_tdm_deg,-1.3887942292995974,14.45966416961388,7.924229199456739,11,34,102.25768275574731,0.24612343131541,47,0.03735000000000001,101.82555249023439,12.0,/Users/john.pacino/openflight_sessions/session_20260809_113433_trackman.jsonl,/Users/john.pacino/openflight_sessions/iwr6843/iwr6843_20260809_114840_825_040.l3dump
103,7Iron,config/iwr6843_l3dump_wide_24f3ms_53bin_iq16.cfg,19.524999999999995,18.442720668590407,-1.0822793314095875,1.0822793314095875,accepted,channel_four4_path_tdm_deg,-1.478002569656364,18.442720668590407,9.960361619123386,10,33,105.33493324117262,0.3637285863551885,53,0.045,105.38944682739259,12.0,/Users/john.pacino/openflight_sessions/session_20260809_113433_trackman.jsonl,/Users/john.pacino/openflight_sessions/iwr6843/iwr6843_20260809_114853_678_041.l3dump
104,7Iron,config/iwr6843_l3dump_wide_24f3ms_53bin_iq16.cfg,15.07599999999998,15.023683449473012,-0.052316550526967376,0.052316550526967376,accepted,channel_four4_path_tdm_deg,-0.6570651856620301,15.023683449473012,7.8403743175675205,9,32,105.6519900429452,0.3059963731030493,66,0.04473,106.40770235229493,12.0,/Users/john.pacino/openflight_sessions/session_20260809_113433_trackman.jsonl,/Users/john.pacino/openflight_sessions/iwr6843/iwr6843_20260809_114907_277_042.l3dump
