tm_sequence,club,config,tm_launch_angle_deg,live_launch_angle_deg,logged_effective_tilt_deg,normalized_tilt_deg,normalized_launch_angle_deg,error_deg,absolute_error_deg,session_log_path,iwr_dump_path
1,9Iron,dense_36f2ms_32bin_iq8,18.82799999999999,15.812722995633083,10.76,12.0,17.052722995633083,-1.775277004366906,1.775277004366906,/Users/john.pacino/openflight_sessions/session_20260809_103715_trackman.jsonl,/Users/john.pacino/openflight_sessions/iwr6843/iwr6843_20260809_103852_642_001.l3dump
2,9Iron,dense_36f2ms_32bin_iq8,24.050999999999988,23.046224857116478,10.906,12.0,24.14022485711648,0.08922485711649131,0.08922485711649131,/Users/john.pacino/openflight_sessions/session_20260809_103715_trackman.jsonl,/Users/john.pacino/openflight_sessions/iwr6843/iwr6843_20260809_103940_737_002.l3dump
3,9Iron,dense_36f2ms_32bin_iq8,12.057999999999986,18.780145572265603,10.877,12.0,19.9031455722656,7.845145572265615,7.845145572265615,/Users/john.pacino/openflight_sessions/session_20260809_103715_trackman.jsonl,/Users/john.pacino/openflight_sessions/iwr6843/iwr6843_20260809_104041_799_003.l3dump
4,9Iron,dense_36f2ms_32bin_iq8,20.395000000000003,17.31235693367617,10.905,12.0,18.40735693367617,-1.9876430663238338,1.9876430663238338,/Users/john.pacino/openflight_sessions/session_20260809_103715_trackman.jsonl,/Users/john.pacino/openflight_sessions/iwr6843/iwr6843_20260809_104056_141_004.l3dump
5,9Iron,dense_36f2ms_32bin_iq8,19.111999999999995,13.622482602974086,10.847,12.0,14.775482602974087,-4.336517397025908,4.336517397025908,/Users/john.pacino/openflight_sessions/session_20260809_103715_trackman.jsonl,/Users/john.pacino/openflight_sessions/iwr6843/iwr6843_20260809_104120_777_005.l3dump
6,9Iron,dense_36f2ms_32bin_iq8,23.24800000000001,20.52327539714577,10.907,12.0,21.61627539714577,-1.6317246028542414,1.6317246028542414,/Users/john.pacino/openflight_sessions/session_20260809_103715_trackman.jsonl,/Users/john.pacino/openflight_sessions/iwr6843/iwr6843_20260809_104139_745_006.l3dump
7,9Iron,dense_36f2ms_32bin_iq8,21.186999999999983,16.953549315811753,10.847,12.0,18.106549315811755,-3.0804506841882286,3.0804506841882286,/Users/john.pacino/openflight_sessions/session_20260809_103715_trackman.jsonl,/Users/john.pacino/openflight_sessions/iwr6843/iwr6843_20260809_104204_001_007.l3dump
8,9Iron,dense_36f2ms_32bin_iq8,21.837999999999997,19.398418054810328,10.847,12.0,20.551418054810327,-1.2865819451896705,1.2865819451896705,/Users/john.pacino/openflight_sessions/session_20260809_103715_trackman.jsonl,/Users/john.pacino/openflight_sessions/iwr6843/iwr6843_20260809_104229_232_008.l3dump
9,9Iron,dense_36f2ms_32bin_iq8,19.82799999999998,15.06524953526808,10.79,12.0,16.27524953526808,-3.5527504647319006,3.5527504647319006,/Users/john.pacino/openflight_sessions/session_20260809_103715_trackman.jsonl,/Users/john.pacino/openflight_sessions/iwr6843/iwr6843_20260809_104250_675_009.l3dump
10,9Iron,dense_36f2ms_32bin_iq8,16.92099999999999,28.4829714218595,10.846,12.0,29.6369714218595,12.71597142185951,12.71597142185951,/Users/john.pacino/openflight_sessions/session_20260809_103715_trackman.jsonl,/Users/john.pacino/openflight_sessions/iwr6843/iwr6843_20260809_104310_730_010.l3dump
11,9Iron,dense_36f2ms_32bin_iq8,20.986999999999995,14.764877060414333,10.818,12.0,15.946877060414334,-5.040122939585661,5.040122939585661,/Users/john.pacino/openflight_sessions/session_20260809_103715_trackman.jsonl,/Users/john.pacino/openflight_sessions/iwr6843/iwr6843_20260809_104334_921_011.l3dump
13,9Iron,dense_36f2ms_32bin_iq8,18.199,13.575865231677948,10.847,12.0,14.728865231677949,-3.470134768322053,3.470134768322053,/Users/john.pacino/openflight_sessions/session_20260809_105136_trackman.jsonl,/Users/john.pacino/openflight_sessions/iwr6843/iwr6843_20260809_105259_654_003.l3dump
14,9Iron,dense_36f2ms_32bin_iq8,23.280999999999988,19.745233186379068,10.906,12.0,20.83923318637907,-2.4417668136209194,2.4417668136209194,/Users/john.pacino/openflight_sessions/session_20260809_105136_trackman.jsonl,/Users/john.pacino/openflight_sessions/iwr6843/iwr6843_20260809_105317_669_004.l3dump
15,9Iron,dense_36f2ms_32bin_iq8,21.110999999999994,18.30405897283116,10.905,12.0,19.399058972831163,-1.7119410271688302,1.7119410271688302,/Users/john.pacino/openflight_sessions/session_20260809_105706_trackman.jsonl,/Users/john.pacino/openflight_sessions/iwr6843/iwr6843_20260809_105723_005_001.l3dump
16,9Iron,dense_36f2ms_32bin_iq8,20.846,18.43979505938553,10.993,12.0,19.44679505938553,-1.3992049406144709,1.3992049406144709,/Users/john.pacino/openflight_sessions/session_20260809_105706_trackman.jsonl,/Users/john.pacino/openflight_sessions/iwr6843/iwr6843_20260809_105745_377_002.l3dump
17,9Iron,dense_36f2ms_32bin_iq8,21.75000000000001,17.442763138504098,10.935,12.0,18.507763138504096,-3.2422368614959147,3.2422368614959147,/Users/john.pacino/openflight_sessions/session_20260809_105706_trackman.jsonl,/Users/john.pacino/openflight_sessions/iwr6843/iwr6843_20260809_105806_912_003.l3dump
18,9Iron,dense_36f2ms_32bin_iq8,11.933999999999989,12.963266138084764,10.817,12.0,14.146266138084764,2.2122661380847752,2.2122661380847752,/Users/john.pacino/openflight_sessions/session_20260809_105706_trackman.jsonl,/Users/john.pacino/openflight_sessions/iwr6843/iwr6843_20260809_110203_483_004.l3dump
19,9Iron,dense_36f2ms_32bin_iq8,21.618000000000006,19.17187066016805,10.789,12.0,20.382870660168052,-1.2351293398319534,1.2351293398319534,/Users/john.pacino/openflight_sessions/session_20260809_105706_trackman.jsonl,/Users/john.pacino/openflight_sessions/iwr6843/iwr6843_20260809_110216_790_005.l3dump
20,9Iron,dense_36f2ms_32bin_iq8,15.913999999999985,13.711877133639462,10.876,12.0,14.835877133639462,-1.0781228663605233,1.0781228663605233,/Users/john.pacino/openflight_sessions/session_20260809_105706_trackman.jsonl,/Users/john.pacino/openflight_sessions/iwr6843/iwr6843_20260809_110238_956_006.l3dump
21,9Iron,dense_36f2ms_32bin_iq8,21.541000000000007,18.676596964127405,10.847,12.0,19.829596964127404,-1.7114030358726033,1.7114030358726033,/Users/john.pacino/openflight_sessions/session_20260809_105706_trackman.jsonl,/Users/john.pacino/openflight_sessions/iwr6843/iwr6843_20260809_110251_829_007.l3dump
22,9Iron,dense_36f2ms_32bin_iq8,19.436999999999987,13.717000573773968,10.847,12.0,14.870000573773968,-4.566999426226019,4.566999426226019,/Users/john.pacino/openflight_sessions/session_20260809_105706_trackman.jsonl,/Users/john.pacino/openflight_sessions/iwr6843/iwr6843_20260809_110312_094_008.l3dump
23,9Iron,dense_36f2ms_32bin_iq8,19.85000000000001,14.686665743729792,10.876,12.0,15.810665743729793,-4.039334256270216,4.039334256270216,/Users/john.pacino/openflight_sessions/session_20260809_105706_trackman.jsonl,/Users/john.pacino/openflight_sessions/iwr6843/iwr6843_20260809_110324_313_009.l3dump
24,9Iron,dense_36f2ms_32bin_iq8,21.001999999999992,15.749863321753772,10.848,12.0,16.901863321753773,-4.100136678246219,4.100136678246219,/Users/john.pacino/openflight_sessions/session_20260809_105706_trackman.jsonl,/Users/john.pacino/openflight_sessions/iwr6843/iwr6843_20260809_110338_659_010.l3dump
25,9Iron,dense_36f2ms_32bin_iq8,18.271999999999995,13.198076547858893,10.789,12.0,14.409076547858893,-3.8629234521411018,3.8629234521411018,/Users/john.pacino/openflight_sessions/session_20260809_105706_trackman.jsonl,/Users/john.pacino/openflight_sessions/iwr6843/iwr6843_20260809_110356_324_011.l3dump
26,9Iron,dense_36f2ms_32bin_iq8,17.694000000000003,14.155754048020945,10.848,12.0,15.307754048020945,-2.386245951979058,2.386245951979058,/Users/john.pacino/openflight_sessions/session_20260809_105706_trackman.jsonl,/Users/john.pacino/openflight_sessions/iwr6843/iwr6843_20260809_110416_300_012.l3dump
27,9Iron,dense_36f2ms_32bin_iq8,15.733000000000004,14.087828977526023,10.818,12.0,15.269828977526023,-0.4631710224739809,0.4631710224739809,/Users/john.pacino/openflight_sessions/session_20260809_105706_trackman.jsonl,/Users/john.pacino/openflight_sessions/iwr6843/iwr6843_20260809_110430_952_013.l3dump
28,9Iron,dense_36f2ms_32bin_iq8,3.7129999999999934,11.411355048045374,10.76,12.0,12.651355048045374,8.93835504804538,8.93835504804538,/Users/john.pacino/openflight_sessions/session_20260809_105706_trackman.jsonl,/Users/john.pacino/openflight_sessions/iwr6843/iwr6843_20260809_110451_906_014.l3dump
29,9Iron,dense_36f2ms_32bin_iq8,22.051999999999992,18.165749097154013,10.847,12.0,19.31874909715401,-2.733250902845981,2.733250902845981,/Users/john.pacino/openflight_sessions/session_20260809_105706_trackman.jsonl,/Users/john.pacino/openflight_sessions/iwr6843/iwr6843_20260809_110504_888_015.l3dump
30,9Iron,dense_36f2ms_32bin_iq8,19.563,17.044794695642945,12.084,12.0,16.960794695642946,-2.602205304357053,2.602205304357053,/Users/john.pacino/openflight_sessions/session_20260809_111239_trackman.jsonl,/Users/john.pacino/openflight_sessions/iwr6843/iwr6843_20260809_111304_873_001.l3dump
31,9Iron,dense_36f2ms_32bin_iq8,19.862000000000002,18.984197017326636,12.142,12.0,18.842197017326637,-1.0198029826733652,1.0198029826733652,/Users/john.pacino/openflight_sessions/session_20260809_111239_trackman.jsonl,/Users/john.pacino/openflight_sessions/iwr6843/iwr6843_20260809_111337_707_002.l3dump
32,9Iron,dense_36f2ms_32bin_iq8,20.518999999999995,20.056181712130236,12.172,12.0,19.884181712130236,-0.6348182878697592,0.6348182878697592,/Users/john.pacino/openflight_sessions/session_20260809_111239_trackman.jsonl,/Users/john.pacino/openflight_sessions/iwr6843/iwr6843_20260809_111402_385_003.l3dump
33,9Iron,dense_36f2ms_32bin_iq8,16.297999999999995,14.534221194367236,12.026,12.0,14.508221194367236,-1.7897788056327588,1.7897788056327588,/Users/john.pacino/openflight_sessions/session_20260809_111239_trackman.jsonl,/Users/john.pacino/openflight_sessions/iwr6843/iwr6843_20260809_111432_771_004.l3dump
34,9Iron,dense_36f2ms_32bin_iq8,21.578999999999997,20.404986064014324,11.998,12.0,20.406986064014326,-1.172013935985671,1.172013935985671,/Users/john.pacino/openflight_sessions/session_20260809_111239_trackman.jsonl,/Users/john.pacino/openflight_sessions/iwr6843/iwr6843_20260809_111446_022_005.l3dump
35,9Iron,dense_36f2ms_32bin_iq8,19.87499999999999,15.968096906429306,12.082,12.0,15.886096906429305,-3.988903093570684,3.988903093570684,/Users/john.pacino/openflight_sessions/session_20260809_111239_trackman.jsonl,/Users/john.pacino/openflight_sessions/iwr6843/iwr6843_20260809_111506_120_006.l3dump
36,9Iron,dense_36f2ms_32bin_iq8,17.875,15.283252049654674,11.968,12.0,15.315252049654674,-2.5597479503453258,2.5597479503453258,/Users/john.pacino/openflight_sessions/session_20260809_111239_trackman.jsonl,/Users/john.pacino/openflight_sessions/iwr6843/iwr6843_20260809_111520_310_007.l3dump
37,9Iron,dense_36f2ms_32bin_iq8,19.61399999999999,19.333278138584216,12.056,12.0,19.277278138584215,-0.336721861415775,0.336721861415775,/Users/john.pacino/openflight_sessions/session_20260809_111239_trackman.jsonl,/Users/john.pacino/openflight_sessions/iwr6843/iwr6843_20260809_111536_008_008.l3dump
38,9Iron,dense_36f2ms_32bin_iq8,19.239999999999984,17.087859680586675,12.084,12.0,17.003859680586675,-2.236140319413309,2.236140319413309,/Users/john.pacino/openflight_sessions/session_20260809_111239_trackman.jsonl,/Users/john.pacino/openflight_sessions/iwr6843/iwr6843_20260809_111551_296_009.l3dump
39,9Iron,dense_36f2ms_32bin_iq8,18.15099999999999,15.109237636506181,11.998,12.0,15.111237636506182,-3.039762363493807,3.039762363493807,/Users/john.pacino/openflight_sessions/session_20260809_111239_trackman.jsonl,/Users/john.pacino/openflight_sessions/iwr6843/iwr6843_20260809_111610_198_010.l3dump
40,9Iron,dense_36f2ms_32bin_iq8,17.771999999999984,17.13913007537211,12.055,12.0,17.08413007537211,-0.6878699246278757,0.6878699246278757,/Users/john.pacino/openflight_sessions/session_20260809_111239_trackman.jsonl,/Users/john.pacino/openflight_sessions/iwr6843/iwr6843_20260809_111623_837_011.l3dump
41,9Iron,dense_36f2ms_32bin_iq8,17.134999999999987,16.87346116287779,12.026,12.0,16.84746116287779,-0.28753883712219874,0.28753883712219874,/Users/john.pacino/openflight_sessions/session_20260809_111239_trackman.jsonl,/Users/john.pacino/openflight_sessions/iwr6843/iwr6843_20260809_111644_633_012.l3dump
42,9Iron,dense_36f2ms_32bin_iq8,19.181999999999995,16.370072281832627,12.055,12.0,16.315072281832627,-2.866927718167368,2.866927718167368,/Users/john.pacino/openflight_sessions/session_20260809_111239_trackman.jsonl,/Users/john.pacino/openflight_sessions/iwr6843/iwr6843_20260809_111659_763_013.l3dump
43,9Iron,wide_24f3ms_53bin_iq16,20.186999999999983,20.46099666887387,12.084,12.0,20.376996668873872,0.18999666887388855,0.18999666887388855,/Users/john.pacino/openflight_sessions/session_20260809_111902_trackman.jsonl,/Users/john.pacino/openflight_sessions/iwr6843/iwr6843_20260809_111926_148_001.l3dump
44,9Iron,wide_24f3ms_53bin_iq16,19.703999999999997,19.64508131152467,12.113,12.0,19.53208131152467,-0.17191868847532632,0.17191868847532632,/Users/john.pacino/openflight_sessions/session_20260809_111902_trackman.jsonl,/Users/john.pacino/openflight_sessions/iwr6843/iwr6843_20260809_111948_007_002.l3dump
46,9Iron,wide_24f3ms_53bin_iq16,19.142999999999997,19.32916371095745,12.026,12.0,19.30316371095745,0.16016371095745185,0.16016371095745185,/Users/john.pacino/openflight_sessions/session_20260809_111902_trackman.jsonl,/Users/john.pacino/openflight_sessions/iwr6843/iwr6843_20260809_112107_663_004.l3dump
47,9Iron,wide_24f3ms_53bin_iq16,20.176000000000002,19.753410395168977,12.025,12.0,19.72841039516898,-0.4475896048310233,0.4475896048310233,/Users/john.pacino/openflight_sessions/session_20260809_111902_trackman.jsonl,/Users/john.pacino/openflight_sessions/iwr6843/iwr6843_20260809_112222_669_005.l3dump
48,9Iron,wide_24f3ms_53bin_iq16,18.461999999999996,18.287897090705197,12.142,12.0,18.145897090705198,-0.31610290929479845,0.31610290929479845,/Users/john.pacino/openflight_sessions/session_20260809_111902_trackman.jsonl,/Users/john.pacino/openflight_sessions/iwr6843/iwr6843_20260809_112302_270_006.l3dump
49,9Iron,wide_24f3ms_53bin_iq16,18.522000000000006,17.196225779496203,11.997,12.0,17.199225779496203,-1.3227742205038027,1.3227742205038027,/Users/john.pacino/openflight_sessions/session_20260809_111902_trackman.jsonl,/Users/john.pacino/openflight_sessions/iwr6843/iwr6843_20260809_112320_901_007.l3dump
50,9Iron,wide_24f3ms_53bin_iq16,20.358999999999995,19.72738777813287,12.055,12.0,19.67238777813287,-0.6866122218671258,0.6866122218671258,/Users/john.pacino/openflight_sessions/session_20260809_111902_trackman.jsonl,/Users/john.pacino/openflight_sessions/iwr6843/iwr6843_20260809_112345_386_008.l3dump
51,9Iron,wide_24f3ms_53bin_iq16,17.565000000000023,17.392493419318328,12.229,12.0,17.16349341931833,-0.4015065806816942,0.4015065806816942,/Users/john.pacino/openflight_sessions/session_20260809_111902_trackman.jsonl,/Users/john.pacino/openflight_sessions/iwr6843/iwr6843_20260809_112410_572_009.l3dump
52,9Iron,wide_24f3ms_53bin_iq16,19.44699999999999,20.376606987048604,12.171,12.0,20.205606987048604,0.7586069870486156,0.7586069870486156,/Users/john.pacino/openflight_sessions/session_20260809_111902_trackman.jsonl,/Users/john.pacino/openflight_sessions/iwr6843/iwr6843_20260809_112436_236_010.l3dump
53,9Iron,wide_24f3ms_53bin_iq16,19.762999999999995,19.345032134952604,12.086,12.0,19.259032134952605,-0.5039678650473896,0.5039678650473896,/Users/john.pacino/openflight_sessions/session_20260809_111902_trackman.jsonl,/Users/john.pacino/openflight_sessions/iwr6843/iwr6843_20260809_112506_986_011.l3dump
54,9Iron,wide_24f3ms_53bin_iq16,20.082999999999995,19.652975372893387,12.085,12.0,19.567975372893386,-0.5150246271066088,0.5150246271066088,/Users/john.pacino/openflight_sessions/session_20260809_111902_trackman.jsonl,/Users/john.pacino/openflight_sessions/iwr6843/iwr6843_20260809_112532_956_012.l3dump
55,9Iron,wide_24f3ms_53bin_iq16,17.520999999999997,16.792748539378636,12.026,12.0,16.766748539378636,-0.7542514606213615,0.7542514606213615,/Users/john.pacino/openflight_sessions/session_20260809_111902_trackman.jsonl,/Users/john.pacino/openflight_sessions/iwr6843/iwr6843_20260809_112617_860_013.l3dump
56,9Iron,wide_24f3ms_53bin_iq16,18.683999999999983,17.583296725571635,12.084,12.0,17.499296725571636,-1.1847032744283474,1.1847032744283474,/Users/john.pacino/openflight_sessions/session_20260809_111902_trackman.jsonl,/Users/john.pacino/openflight_sessions/iwr6843/iwr6843_20260809_112642_160_014.l3dump
57,9Iron,wide_24f3ms_53bin_iq16,17.842999999999986,17.80522566290949,12.085,12.0,17.72022566290949,-0.12277433709049745,0.12277433709049745,/Users/john.pacino/openflight_sessions/session_20260809_111902_trackman.jsonl,/Users/john.pacino/openflight_sessions/iwr6843/iwr6843_20260809_112706_058_015.l3dump
58,9Iron,wide_24f3ms_53bin_iq16,19.710000000000008,16.729348354377137,12.027,12.0,16.702348354377136,-3.0076516456228717,3.0076516456228717,/Users/john.pacino/openflight_sessions/session_20260809_111902_trackman.jsonl,/Users/john.pacino/openflight_sessions/iwr6843/iwr6843_20260809_112920_053_016.l3dump
60,9Iron,wide_24f3ms_53bin_iq16,21.039999999999996,20.581868054103225,12.055,12.0,20.526868054103225,-0.5131319458967702,0.5131319458967702,/Users/john.pacino/openflight_sessions/session_20260809_111902_trackman.jsonl,/Users/john.pacino/openflight_sessions/iwr6843/iwr6843_20260809_113046_536_018.l3dump
62,9Iron,wide_24f3ms_53bin_iq16,17.558999999999997,16.64201556744624,12.084,12.0,16.55801556744624,-1.0009844325537571,1.0009844325537571,/Users/john.pacino/openflight_sessions/session_20260809_111902_trackman.jsonl,/Users/john.pacino/openflight_sessions/iwr6843/iwr6843_20260809_113146_980_020.l3dump
63,9Iron,wide_24f3ms_53bin_iq16,21.94699999999997,21.086226720517587,12.027,12.0,21.059226720517586,-0.8877732794823849,0.8877732794823849,/Users/john.pacino/openflight_sessions/session_20260809_111902_trackman.jsonl,/Users/john.pacino/openflight_sessions/iwr6843/iwr6843_20260809_113208_656_021.l3dump
64,9Iron,wide_24f3ms_53bin_iq16,20.032000000000004,19.137689345183503,11.968,12.0,19.169689345183503,-0.8623106548165005,0.8623106548165005,/Users/john.pacino/openflight_sessions/session_20260809_113433_trackman.jsonl,/Users/john.pacino/openflight_sessions/iwr6843/iwr6843_20260809_113449_571_001.l3dump
65,9Iron,wide_24f3ms_53bin_iq16,21.833999999999996,22.142353816039765,12.201,12.0,21.941353816039765,0.1073538160397689,0.1073538160397689,/Users/john.pacino/openflight_sessions/session_20260809_113433_trackman.jsonl,/Users/john.pacino/openflight_sessions/iwr6843/iwr6843_20260809_113516_751_002.l3dump
66,9Iron,wide_24f3ms_53bin_iq16,21.64999999999998,21.932738724844313,12.085,12.0,21.847738724844312,0.19773872484433141,0.19773872484433141,/Users/john.pacino/openflight_sessions/session_20260809_113433_trackman.jsonl,/Users/john.pacino/openflight_sessions/iwr6843/iwr6843_20260809_113546_514_003.l3dump
67,9Iron,wide_24f3ms_53bin_iq16,20.68699999999998,19.799033903400364,12.055,12.0,19.744033903400364,-0.9429660965996156,0.9429660965996156,/Users/john.pacino/openflight_sessions/session_20260809_113433_trackman.jsonl,/Users/john.pacino/openflight_sessions/iwr6843/iwr6843_20260809_113633_392_004.l3dump
68,9Iron,wide_24f3ms_53bin_iq16,20.854999999999997,19.54643323314094,11.997,12.0,19.54943323314094,-1.3055667668590552,1.3055667668590552,/Users/john.pacino/openflight_sessions/session_20260809_113433_trackman.jsonl,/Users/john.pacino/openflight_sessions/iwr6843/iwr6843_20260809_113657_539_005.l3dump
69,9Iron,wide_24f3ms_53bin_iq16,16.327999999999996,14.581364691254933,12.054,12.0,14.527364691254933,-1.800635308745063,1.800635308745063,/Users/john.pacino/openflight_sessions/session_20260809_113433_trackman.jsonl,/Users/john.pacino/openflight_sessions/iwr6843/iwr6843_20260809_113728_852_006.l3dump
70,9Iron,wide_24f3ms_53bin_iq16,20.496999999999996,20.0243998640162,12.085,12.0,19.9393998640162,-0.5576001359837974,0.5576001359837974,/Users/john.pacino/openflight_sessions/session_20260809_113433_trackman.jsonl,/Users/john.pacino/openflight_sessions/iwr6843/iwr6843_20260809_113747_478_007.l3dump
71,9Iron,wide_24f3ms_53bin_iq16,20.32499999999999,20.34153068259824,12.113,12.0,20.22853068259824,-0.09646931740174836,0.09646931740174836,/Users/john.pacino/openflight_sessions/session_20260809_113433_trackman.jsonl,/Users/john.pacino/openflight_sessions/iwr6843/iwr6843_20260809_113830_727_009.l3dump
72,9Iron,wide_24f3ms_53bin_iq16,19.690999999999978,18.972697612522097,12.23,12.0,18.742697612522097,-0.9483023874778809,0.9483023874778809,/Users/john.pacino/openflight_sessions/session_20260809_113433_trackman.jsonl,/Users/john.pacino/openflight_sessions/iwr6843/iwr6843_20260809_113910_354_010.l3dump
73,9Iron,wide_24f3ms_53bin_iq16,18.82699999999999,18.5142567280012,12.085,12.0,18.4292567280012,-0.39774327199879167,0.39774327199879167,/Users/john.pacino/openflight_sessions/session_20260809_113433_trackman.jsonl,/Users/john.pacino/openflight_sessions/iwr6843/iwr6843_20260809_113930_522_011.l3dump
74,9Iron,wide_24f3ms_53bin_iq16,19.51499999999999,17.263928194504857,12.114,12.0,17.149928194504856,-2.365071805495134,2.365071805495134,/Users/john.pacino/openflight_sessions/session_20260809_113433_trackman.jsonl,/Users/john.pacino/openflight_sessions/iwr6843/iwr6843_20260809_113948_990_012.l3dump
75,9Iron,wide_24f3ms_53bin_iq16,23.20599999999999,24.21568268210998,12.172,12.0,24.043682682109978,0.837682682109989,0.837682682109989,/Users/john.pacino/openflight_sessions/session_20260809_113433_trackman.jsonl,/Users/john.pacino/openflight_sessions/iwr6843/iwr6843_20260809_114009_851_013.l3dump
76,9Iron,wide_24f3ms_53bin_iq16,19.06699999999998,17.290264479265517,12.144,12.0,17.14626447926552,-1.9207355207344605,1.9207355207344605,/Users/john.pacino/openflight_sessions/session_20260809_113433_trackman.jsonl,/Users/john.pacino/openflight_sessions/iwr6843/iwr6843_20260809_114029_936_014.l3dump
77,9Iron,wide_24f3ms_53bin_iq16,18.83999999999998,17.350731342921318,12.055,12.0,17.295731342921318,-1.5442686570786606,1.5442686570786606,/Users/john.pacino/openflight_sessions/session_20260809_113433_trackman.jsonl,/Users/john.pacino/openflight_sessions/iwr6843/iwr6843_20260809_114048_395_015.l3dump
78,9Iron,wide_24f3ms_53bin_iq16,18.435999999999996,16.747554672678465,12.055,12.0,16.692554672678465,-1.7434453273215311,1.7434453273215311,/Users/john.pacino/openflight_sessions/session_20260809_113433_trackman.jsonl,/Users/john.pacino/openflight_sessions/iwr6843/iwr6843_20260809_114106_681_016.l3dump
79,9Iron,wide_24f3ms_53bin_iq16,18.220999999999986,16.835124547894406,12.172,12.0,16.663124547894405,-1.5578754521055806,1.5578754521055806,/Users/john.pacino/openflight_sessions/session_20260809_113433_trackman.jsonl,/Users/john.pacino/openflight_sessions/iwr6843/iwr6843_20260809_114125_814_017.l3dump
80,9Iron,wide_24f3ms_53bin_iq16,17.821999999999996,17.12185135849575,12.142,12.0,16.97985135849575,-0.8421486415042452,0.8421486415042452,/Users/john.pacino/openflight_sessions/session_20260809_113433_trackman.jsonl,/Users/john.pacino/openflight_sessions/iwr6843/iwr6843_20260809_114142_992_018.l3dump
81,9Iron,wide_24f3ms_53bin_iq16,21.593999999999998,20.96530789654998,12.172,12.0,20.79330789654998,-0.8006921034500181,0.8006921034500181,/Users/john.pacino/openflight_sessions/session_20260809_113433_trackman.jsonl,/Users/john.pacino/openflight_sessions/iwr6843/iwr6843_20260809_114203_200_019.l3dump
82,9Iron,wide_24f3ms_53bin_iq16,18.13100000000001,17.163745061668067,12.201,12.0,16.962745061668066,-1.1682549383319447,1.1682549383319447,/Users/john.pacino/openflight_sessions/session_20260809_113433_trackman.jsonl,/Users/john.pacino/openflight_sessions/iwr6843/iwr6843_20260809_114220_561_020.l3dump
83,9Iron,wide_24f3ms_53bin_iq16,18.48299999999998,17.530680918060334,12.026,12.0,17.504680918060334,-0.9783190819396452,0.9783190819396452,/Users/john.pacino/openflight_sessions/session_20260809_113433_trackman.jsonl,/Users/john.pacino/openflight_sessions/iwr6843/iwr6843_20260809_114237_390_021.l3dump
84,9Iron,wide_24f3ms_53bin_iq16,18.932999999999993,18.26551440958017,12.115,12.0,18.15051440958017,-0.7824855904198245,0.7824855904198245,/Users/john.pacino/openflight_sessions/session_20260809_113433_trackman.jsonl,/Users/john.pacino/openflight_sessions/iwr6843/iwr6843_20260809_114252_872_022.l3dump
85,9Iron,wide_24f3ms_53bin_iq16,20.15499999999999,20.0544626549327,12.084,12.0,19.9704626549327,-0.18453734506729091,0.18453734506729091,/Users/john.pacino/openflight_sessions/session_20260809_113433_trackman.jsonl,/Users/john.pacino/openflight_sessions/iwr6843/iwr6843_20260809_114307_552_023.l3dump
86,9Iron,wide_24f3ms_53bin_iq16,18.308000000000007,19.661018883620127,12.056,12.0,19.605018883620126,1.2970188836201189,1.2970188836201189,/Users/john.pacino/openflight_sessions/session_20260809_113433_trackman.jsonl,/Users/john.pacino/openflight_sessions/iwr6843/iwr6843_20260809_114332_680_024.l3dump
87,7Iron,wide_24f3ms_53bin_iq16,15.797999999999995,18.105412079466433,12.202,12.0,17.903412079466435,2.10541207946644,2.10541207946644,/Users/john.pacino/openflight_sessions/session_20260809_113433_trackman.jsonl,/Users/john.pacino/openflight_sessions/iwr6843/iwr6843_20260809_114407_119_025.l3dump
88,7Iron,wide_24f3ms_53bin_iq16,17.067000000000004,17.38790204608099,12.114,12.0,17.273902046080988,0.20690204608098384,0.20690204608098384,/Users/john.pacino/openflight_sessions/session_20260809_113433_trackman.jsonl,/Users/john.pacino/openflight_sessions/iwr6843/iwr6843_20260809_114425_456_026.l3dump
89,7Iron,wide_24f3ms_53bin_iq16,12.382000000000001,12.997311101454127,12.085,12.0,12.912311101454126,0.5303111014541244,0.5303111014541244,/Users/john.pacino/openflight_sessions/session_20260809_113433_trackman.jsonl,/Users/john.pacino/openflight_sessions/iwr6843/iwr6843_20260809_114444_514_027.l3dump
90,7Iron,wide_24f3ms_53bin_iq16,15.15,14.340145573249355,12.206,12.0,14.134145573249356,-1.0158544267506446,1.0158544267506446,/Users/john.pacino/openflight_sessions/session_20260809_113433_trackman.jsonl,/Users/john.pacino/openflight_sessions/iwr6843/iwr6843_20260809_114500_163_028.l3dump
91,7Iron,wide_24f3ms_53bin_iq16,14.649999999999995,11.75533150959292,12.173,12.0,11.58233150959292,-3.0676684904070743,3.0676684904070743,/Users/john.pacino/openflight_sessions/session_20260809_113433_trackman.jsonl,/Users/john.pacino/openflight_sessions/iwr6843/iwr6843_20260809_114519_526_029.l3dump
92,7Iron,wide_24f3ms_53bin_iq16,15.321999999999994,15.4675477224732,12.114,12.0,15.353547722473198,0.03154772247320459,0.03154772247320459,/Users/john.pacino/openflight_sessions/session_20260809_113433_trackman.jsonl,/Users/john.pacino/openflight_sessions/iwr6843/iwr6843_20260809_114539_230_030.l3dump
93,7Iron,wide_24f3ms_53bin_iq16,15.319000000000008,14.823583862095969,12.23,12.0,14.593583862095969,-0.7254161379040394,0.7254161379040394,/Users/john.pacino/openflight_sessions/session_20260809_113433_trackman.jsonl,/Users/john.pacino/openflight_sessions/iwr6843/iwr6843_20260809_114555_064_031.l3dump
94,7Iron,wide_24f3ms_53bin_iq16,15.71399999999999,15.10841925824185,12.171,12.0,14.937419258241851,-0.7765807417581385,0.7765807417581385,/Users/john.pacino/openflight_sessions/session_20260809_113433_trackman.jsonl,/Users/john.pacino/openflight_sessions/iwr6843/iwr6843_20260809_114626_947_032.l3dump
95,7Iron,wide_24f3ms_53bin_iq16,14.629999999999947,14.192616641289554,12.144,12.0,14.048616641289554,-0.5813833587103936,0.5813833587103936,/Users/john.pacino/openflight_sessions/session_20260809_113433_trackman.jsonl,/Users/john.pacino/openflight_sessions/iwr6843/iwr6843_20260809_114642_614_033.l3dump
96,7Iron,wide_24f3ms_53bin_iq16,15.256999999999973,14.59233105542458,12.056,12.0,14.536331055424581,-0.720668944575392,0.720668944575392,/Users/john.pacino/openflight_sessions/session_20260809_113433_trackman.jsonl,/Users/john.pacino/openflight_sessions/iwr6843/iwr6843_20260809_114659_747_034.l3dump
97,7Iron,wide_24f3ms_53bin_iq16,16.633999999999983,15.930913263828067,12.26,12.0,15.670913263828067,-0.9630867361719151,0.9630867361719151,/Users/john.pacino/openflight_sessions/session_20260809_113433_trackman.jsonl,/Users/john.pacino/openflight_sessions/iwr6843/iwr6843_20260809_114718_204_035.l3dump
98,7Iron,wide_24f3ms_53bin_iq16,14.661999999999976,14.726338458664912,12.087,12.0,14.639338458664913,-0.022661541335063262,0.022661541335063262,/Users/john.pacino/openflight_sessions/session_20260809_113433_trackman.jsonl,/Users/john.pacino/openflight_sessions/iwr6843/iwr6843_20260809_114733_718_036.l3dump
99,7Iron,wide_24f3ms_53bin_iq16,12.329,13.997300446149776,12.231,12.0,13.766300446149776,1.4373004461497754,1.4373004461497754,/Users/john.pacino/openflight_sessions/session_20260809_113433_trackman.jsonl,/Users/john.pacino/openflight_sessions/iwr6843/iwr6843_20260809_114751_777_037.l3dump
100,7Iron,wide_24f3ms_53bin_iq16,16.244999999999997,15.563639833367148,12.23,12.0,15.333639833367148,-0.9113601666328499,0.9113601666328499,/Users/john.pacino/openflight_sessions/session_20260809_113433_trackman.jsonl,/Users/john.pacino/openflight_sessions/iwr6843/iwr6843_20260809_114810_031_038.l3dump
101,7Iron,wide_24f3ms_53bin_iq16,14.76499999999999,16.953192891607202,12.172,12.0,16.7811928916072,2.0161928916072114,2.0161928916072114,/Users/john.pacino/openflight_sessions/session_20260809_113433_trackman.jsonl,/Users/john.pacino/openflight_sessions/iwr6843/iwr6843_20260809_114825_615_039.l3dump
102,7Iron,wide_24f3ms_53bin_iq16,15.913000000000004,15.20278464972247,12.201,12.0,15.00178464972247,-0.9112153502775335,0.9112153502775335,/Users/john.pacino/openflight_sessions/session_20260809_113433_trackman.jsonl,/Users/john.pacino/openflight_sessions/iwr6843/iwr6843_20260809_114840_825_040.l3dump
103,7Iron,wide_24f3ms_53bin_iq16,19.524999999999995,18.517070045707715,12.201,12.0,18.316070045707715,-1.2089299542922802,1.2089299542922802,/Users/john.pacino/openflight_sessions/session_20260809_113433_trackman.jsonl,/Users/john.pacino/openflight_sessions/iwr6843/iwr6843_20260809_114853_678_041.l3dump
104,7Iron,wide_24f3ms_53bin_iq16,15.07599999999998,14.72113009297587,12.114,12.0,14.607130092975869,-0.4688699070241107,0.4688699070241107,/Users/john.pacino/openflight_sessions/session_20260809_113433_trackman.jsonl,/Users/john.pacino/openflight_sessions/iwr6843/iwr6843_20260809_114907_277_042.l3dump
