block,club,shot,n,ratio_db,spread_deg,tx1_angle_mad,tx3_angle_mad,tx1_phase_resid_deg,tx3_phase_resid_deg,tx1_rx_span_db,tx3_rx_span_db,clip_tx1,clip_tx2,clip_tx3
low_2.875in,9Iron,12,26,-0.11524443606559127,3.194863130629467,2.0870338275158495,3.4624964120576394,6.83882268756308,10.2328015328351,3.847530045939972,4.104275391009644,0.0,0.0,0.0
low_2.875in,9Iron,13,28,-0.319209286733944,2.441458385327291,3.0499636617057266,1.8851882622630418,8.10295277387784,8.339515583577768,4.707576827888332,4.911546899733782,0.0,0.0,0.0
low_2.875in,9Iron,14,34,-0.9220313078108096,2.9454548175676782,1.2683677301516267,1.780328718525925,8.837616568594022,6.059648435015347,3.689609599273249,3.6547744503419226,0.0,0.0,0.0
low_2.875in,9Iron,15,25,-0.9271678218886702,3.0778796711806153,2.397713871924931,2.53162334660506,11.080816066268293,6.901984606434314,4.240600792689654,4.139464881156724,0.0,0.0,0.0
low_2.875in,9Iron,16,35,-0.35767356470205847,3.343886967337607,1.534597141489522,1.7604705686545685,8.754061979701367,7.377429212173322,5.961859424870065,4.1109650611153405,0.0,0.0,0.0
low_2.875in,9Iron,17,35,0.6275115841876013,2.9153911321935033,3.2114570775302838,3.504928130944177,8.601845938945997,7.223056646751741,4.559871964525579,5.04579370461507,0.0,0.0,0.0
low_2.875in,9Iron,18,35,-0.1251511820329021,2.535306517798954,2.1628914722198744,2.2526956404005496,8.050648869909285,7.617300005692268,4.011240094168302,3.8060580890966444,0.0,0.0,0.0
low_2.875in,9Iron,19,29,0.8528853677955152,2.7616347300571746,3.2283343856246187,3.107849729341101,7.319691444503882,7.216922322687876,5.187777582853314,4.910232452730455,0.0,0.0,0.0
low_2.875in,9Iron,20,33,1.8806466353129145,2.7385055912542238,2.418549960603689,2.792411088880364,7.659327209115939,7.60700467159368,3.9262289974276814,5.218788775032321,0.0,0.0,0.0
low_2.875in,9Iron,21,30,1.0031500317138815,1.7690207869630126,2.6519970389474388,2.5394318267232965,9.025739189484042,8.312775734346467,4.488199894958222,5.142843380409092,0.0,0.0,0.0
low_2.875in,9Iron,22,32,0.8526252364900966,2.9756392990594653,2.7776004158943524,2.9461020263232043,7.602734375020505,7.870193348944277,4.4234326168744325,4.435224850720507,0.0,0.0,0.0
low_2.875in,9Iron,23,26,-0.5197727411898947,4.560542548161763,2.268883664612944,3.0333870101643505,7.428717745643659,9.320136416927339,4.464372876428628,4.879599280476315,0.0,0.0,0.0
low_2.875in,9Iron,24,36,0.6749399799406628,3.4495831777726824,1.983767131549202,2.601228438681409,7.309092949433598,7.004628158967022,4.278229383578255,4.132003083902568,0.0,0.0,0.0
low_2.875in,9Iron,25,30,-1.672213812097235,5.735042800145454,3.8706733850028137,2.2091488665842602,10.386185236181685,7.2957717260478905,4.347539866201668,4.001643753031056,0.0,0.0,0.0
high_5.25in,9Iron,1,32,-0.45022302397716696,2.1277673084624666,4.762814036662841,3.5842596446498955,7.937011740760404,7.238270242743669,5.584482395060448,4.883776456099987,0.0,0.0,0.0
high_5.25in,9Iron,2,38,-0.045422243506320015,5.550656675509757,5.222673505169409,4.215541847805021,10.082076480378866,7.0450872018453845,5.908802398257649,5.495059592004466,0.0,0.0,0.0
high_5.25in,9Iron,3,28,-2.8442220589050438,2.7176292133707936,3.6094843004050476,3.8937159331601054,11.633364778724719,9.319913782212865,4.984307087375605,5.738732886183857,0.0,0.0,0.0
high_5.25in,9Iron,4,33,0.16854596986656453,4.407947971767845,2.981399967822372,4.018746037103073,11.038996216738912,6.767545483209964,7.413762364724148,6.140643228105553,0.0,0.0,0.0
high_5.25in,9Iron,5,29,-0.47236835863492094,3.8977955734242826,4.286987337309721,1.9856644394531955,10.691233891162033,9.40051928285949,7.587601559906303,4.418291908658127,0.0,0.0,0.0
high_5.25in,9Iron,6,32,-0.428493161893026,3.7854647303639597,2.8500672490602783,3.5445648299735524,13.266624796839883,9.464921073819134,6.789367344959906,5.420065640136469,0.0,0.0,0.0
high_5.25in,9Iron,7,35,-1.6102466739683499,5.0476339336218405,3.7786459035915128,4.22121915544709,8.086555202661987,9.021667379993561,5.3570170144844385,4.4757120584714905,0.0,0.0,0.0
high_5.25in,9Iron,8,27,-2.8340885499557675,3.796703710853164,5.683057606407103,2.8564034082615946,11.436869918834958,6.840222552187948,6.425718934821674,5.96102080438204,0.011464884696016772,0.031118972746331238,0.031118972746331238
high_5.25in,9Iron,9,28,0.2081629774770191,4.446894078860434,3.2502264693248355,4.556689521487332,10.03283908848758,10.293951354918086,4.83503628288447,5.632405438904634,0.0,0.0,0.0
high_5.25in,9Iron,10,28,-1.4640481894690414,4.716881367377486,4.709896278078476,2.8095305599032914,10.574767760211017,6.509231009146251,7.672045981151962,4.980350471862328,0.0,0.0,0.0
high_5.25in,9Iron,11,24,-2.283977435278315,4.771703759155773,4.9347407224827675,5.438949735114689,8.504217634344196,8.569867946702775,7.640255320685148,4.935052839057464,0.0,0.0,0.0
high_5.25in,9Iron,12,32,-3.5686584925862603,5.532526887860111,4.90207066199272,4.811353193633091,11.28133099521945,7.4146400194766375,7.605406190772914,6.495036529452987,0.0,0.0,0.0
high_5.25in,9Iron,13,29,-1.9455830417928874,4.8883404459849435,4.6254238053567285,3.184531432226642,12.155798402052381,8.674361830103654,5.786396434435055,5.568376487999853,0.0,0.0,0.0
high_5.25in,9Iron,14,25,-1.9024451323746963,3.8370289196523024,3.337682752822145,3.1409037342605926,13.776789121588262,11.48552870191368,8.002130944418477,6.156483495136093,0.0,0.0,0.0
high_5.25in,9Iron,15,28,0.08315587609796499,4.953214568993659,6.654087737821599,4.118603704303451,11.736595962073476,7.756909163213685,6.567356294798242,5.320246408266517,0.0,0.0,0.0
high_5.25in,9Iron,16,30,1.4831969515553056,3.2954226123226356,3.1586920295639063,4.051304773042641,10.081407517477324,11.645136562331794,6.063227510160324,5.886298204792781,0.0,0.008189203354297694,0.004913522012578617
high_5.25in,5Iron,17,27,-0.48628237569336974,2.2665968652181103,3.297594248682664,3.2486648159518356,7.021248014740168,7.953326721311544,4.767231222170961,4.69472469282605,0.0,0.0,0.0
high_5.25in,5Iron,18,26,-2.391262207376223,3.1045942723956044,3.1888377952544484,2.4073969153266193,10.833347352642246,7.08369902272295,5.365406507154342,4.521408028348528,0.0,0.0,0.0
high_5.25in,5Iron,19,20,-3.8130809171487203,3.9986664406827774,2.5737301704151783,2.579511039840087,8.69562700113449,5.707136898999913,5.720830051345706,4.866016672894246,0.0,0.0,0.0
high_5.25in,5Iron,20,28,-1.30291778396571,2.593149989598551,2.4384697264961788,2.8199794847715554,8.037049736588546,8.032815693951388,4.633383648376249,4.462166690624609,0.008189203354297694,0.018016247379454925,0.01637840670859539
high_5.25in,5Iron,21,26,-1.4431586865737753,3.4409470025288624,2.5470903262825164,1.498464387961575,7.715432299356781,8.022512605474699,4.442608144116903,4.927536141067262,0.0,0.0,0.0
high_5.25in,5Iron,22,22,0.7119649860891643,2.4185225211922967,3.3964850218456326,1.6500650090500688,7.817924232676788,6.679433608713616,5.295022743410513,4.767571171866358,0.0,0.0,0.0
high_5.25in,5Iron,23,24,-0.9006369064119364,1.967299947377728,2.4843202805219504,1.2125818456749302,6.966804466007611,4.753952849311106,4.450935685481755,3.456035114834576,0.0,0.0,0.0
high_5.25in,5Iron,24,33,-1.6568822171908126,3.5001802035365444,2.281204796984298,2.1678115364017323,10.133753418476916,8.476360610209793,6.362215873209486,3.9732140449010585,0.0,0.0,0.0
high_5.25in,5Iron,25,43,-3.7911658461071687,2.186031892828895,1.3228254867193296,1.5051190663889589,6.187543312834714,5.340247383528166,3.718217518873124,3.749348529420819,0.0,0.0,0.0
high_5.25in,5Iron,26,18,-1.8432324064676138,2.6181289980217413,3.9752406420174666,3.332161032528034,9.616834329414866,5.925114128413281,5.912154706484619,6.6810328872197555,0.031118972746331238,0.039308176100628936,0.03275681341719078
high_5.25in,5Iron,27,22,-0.4193772563261259,3.460384006877165,1.8947054773969887,1.8541633406607794,8.674410863071156,7.3506385390161935,4.332379672736668,4.508094709222339,0.0,0.0,0.0
high_5.25in,5Iron,28,26,-0.19986173177155445,4.071646501861842,2.6022599036874756,3.506163320988472,10.12191509247496,8.651359582490656,5.810348400859425,4.652420034498438,0.0,0.0,0.0
high_5.25in,5Iron,29,21,-1.907706542166052,5.348548763985885,3.03850331285914,2.7778216506064632,9.36202486865629,8.802245868732786,5.239866231175887,5.1090399417804555,0.0,0.0,0.0
high_5.25in,5Iron,30,24,-1.848893414410061,6.237555776617965,4.060053914144523,2.4758443122541873,10.174091568902206,6.843565807521889,8.148758631785366,5.833900662570946,0.0,0.0,0.0
high_5.25in,5Iron,31,25,-2.789545300336642,3.1960538592861525,5.003353433488399,1.9551927976706018,12.664233922054793,6.6949611004077445,6.396877707284988,5.746908547218746,0.0,0.0,0.0
low_2.875in,5Iron,1,29,-1.954500265682939,6.680717717283237,3.720669504157893,2.707078217674736,12.907739529273025,8.7767747953493,7.139123039863076,5.3114455543938375,0.0,0.0,0.004913522012578617
low_2.875in,5Iron,2,24,-0.7356795710325011,4.0256049356503585,2.4501280573161788,2.5067368798570087,8.845308545893445,6.957829766901186,5.7050151134691856,3.377304569091144,0.0,0.0,0.0
low_2.875in,5Iron,3,31,-0.9350054535934027,2.613502320212782,2.211276983991393,1.761530889186247,4.822313064538033,5.013685003749274,4.266035186798304,3.855034346135141,0.0,0.0,0.0
low_2.875in,5Iron,4,17,2.177201549033029,2.177931902394098,2.5101091994144307,1.7376083650999963,8.470805988228685,9.36417445903682,5.098363008274591,4.305192096600871,0.0,0.003275681341719078,0.0
low_2.875in,5Iron,5,23,-4.382631530431102,4.172058277705904,3.464460107257393,1.6606084409093835,9.789619343425413,6.95496479557741,5.114804061332371,5.007926837749078,0.0,0.0,0.0
low_2.875in,5Iron,6,36,-2.4379778451689216,2.357001526498099,1.8432857708867498,1.9940233713806848,6.054705742888393,4.662003271255742,4.16911818689098,4.112091530096528,0.0,0.0,0.001637840670859539
low_2.875in,5Iron,7,28,-1.3831999914948065,2.3317291124535893,1.5166084943915594,1.409128674029497,9.190133795235996,5.3820637943171175,4.653900519274327,3.546300777014861,0.0,0.0,0.0
low_2.875in,5Iron,8,27,-0.4375059964852308,3.1865394659129684,2.5867466224677997,2.248959721097844,6.5920903300557105,7.727907367854955,5.014374816798293,4.416840605493058,0.0,0.0,0.0
low_2.875in,5Iron,9,28,-0.09263642842014416,1.9324608404953771,2.4074594114598,1.4954584703374554,9.024547026600246,6.633344909545038,4.600094419545362,4.054219183263543,0.0,0.0,0.0
low_2.875in,5Iron,10,36,-1.2358632010018251,3.5040597465610954,2.283590000180195,1.906770535024715,9.878849526376845,7.788008666124128,4.478319823107187,3.759492363767058,0.0,0.0,0.0
low_2.875in,5Iron,11,29,-1.2632990582283823,1.4852398071032074,1.7650146311067818,1.081902324090792,6.108671741610314,5.335333321114983,4.789365677616935,3.595602471618074,0.0,0.0,0.0
low_2.875in,5Iron,12,29,0.09248669212426197,3.0093979685977486,3.088258952678453,1.6068608207039823,8.334402067150252,5.677571826627603,5.1211453101782425,4.178941437733743,0.0,0.0,0.0
low_2.875in,5Iron,13,23,-0.4458920474794062,3.1742116980408523,3.2533379463523167,1.4421040099327946,8.190067583933173,6.8791918248029145,4.477570848825405,4.503127488284854,0.0,0.0,0.0
low_2.875in,Driver,15,44,1.839503939487378,2.908049323945911,3.1797867694544557,3.6281837843312257,11.193273774980202,11.363371979538613,5.933984517949399,5.775865695991397,0.0,0.0,0.0
low_2.875in,Driver,16,40,2.1762613224360643,4.010340892138514,3.359939110871376,2.976337394188457,7.959206148986173,9.160288734242343,5.005648022752267,5.083602166517458,0.0,0.0,0.0
low_2.875in,Driver,17,44,2.8658476804847837,3.132886091664667,2.970916725606899,3.0224932127851476,9.6719213099515,11.132678108997318,5.460471420197333,5.049296521951991,0.0,0.0,0.0
low_2.875in,Driver,18,48,2.298167092463111,2.7060977800098938,3.8810582432095257,3.4903358403245672,9.250368243214666,10.619149460653734,4.861463800555724,5.427660060376862,0.0,0.0,0.0
low_2.875in,Driver,19,25,-0.032625295355153724,3.2400426530892137,1.9038496587131792,1.883513466098444,6.681969907014781,6.781220887910164,3.856665723240691,4.11336305504159,0.0,0.0,0.0
low_2.875in,Driver,20,43,1.2576776753191599,2.301824259132778,2.7940905206086777,3.85247013120902,10.15987922103105,10.945718792819703,4.972874713278625,6.614624748689542,0.0,0.0,0.0
low_2.875in,Driver,21,28,-1.926240609433421,1.9056461020203912,1.5888306040414228,1.0822596609310464,7.0720203567207225,5.434558961619501,4.195657847007725,3.253844467756098,0.0,0.0,0.0
low_2.875in,Driver,22,42,2.9173269302761096,2.0010985907400527,3.2321677803979734,2.898606407116394,12.255444256610254,11.599267612356329,6.226981709179448,5.938304143244325,0.0,0.0,0.0
low_2.875in,Driver,23,48,1.8764239151321405,2.8641448571759027,4.84433416465942,4.559973574692123,11.610111140753988,9.259128248018056,6.177430897637546,5.930045863253607,0.0,0.0,0.0
high_5.25in,Driver,24,24,0.4709724576132599,2.1505936978299283,1.3055713369147597,1.5978030787589486,7.24596186881211,8.646962572683305,3.2077978544682995,4.321919034657501,0.0,0.0,0.0
high_5.25in,Driver,25,22,-1.4097438665774105,3.200380485576225,3.9095142959307276,2.748101444350055,10.885189407208205,6.279028705220895,3.9845107342862036,4.288660491815074,0.0,0.0,0.0
high_5.25in,Driver,26,38,-0.13980883080245593,4.066544569286404,1.931085179347888,4.360456395239866,7.272742263818046,8.070590694911985,5.297614199961217,5.319872409347788,0.0,0.0,0.0
high_5.25in,Driver,27,42,-0.31261810202999213,2.597511517216579,2.915147977849746,2.564909709739455,5.718570954256581,7.35349662777595,3.9191533594611707,4.713051050536888,0.0,0.0,0.0
high_5.25in,Driver,28,26,-1.0482669562228664,3.8090788759400223,5.062894587925573,3.0033519736562075,10.480365963029218,8.067445597825355,5.770167231319038,5.8021385930615015,0.0,0.0,0.0
high_5.25in,Driver,29,22,-0.983818308261025,9.139386279951076,7.709844544547767,2.05683039313757,13.197094856060117,6.929114849487614,8.253128692107154,6.540105413853752,0.0,0.0,0.0
high_5.25in,Driver,30,43,1.3972604624646343,2.894373625023521,2.6360044320817746,3.818699404457722,8.717918764383187,7.834616108634386,4.762953353613972,3.829718213034125,0.0,0.0,0.0
high_5.25in,Driver,31,44,2.50771778796865,2.595203783937418,2.341432533113494,2.1765376699260885,9.684206828493345,7.962544404958848,4.619106506201234,4.7230738008563335,0.0,0.0,0.0
high_5.25in,Driver,32,23,-2.0837503917475813,2.1470325103832506,3.730422484169627,2.112967529585694,6.633598600164329,6.207410666624218,4.438329124334028,4.024316206042788,0.0,0.0,0.0
high_5.25in,Driver,33,44,1.5481149593387913,2.241737089778894,3.9099645004903048,3.0232549104861057,8.24636979088483,6.824342527347412,3.6521528481598327,3.820724594214518,0.0,0.0,0.0
high_5.25in,Driver,34,23,-2.6611413511810045,5.951072438345422,6.114084175791774,2.033111901975823,11.101735404992196,8.23271737664589,8.87404124693149,5.426381980413312,0.0,0.0,0.0
high_5.25in,Driver,35,37,2.736473634075372,2.572642948532023,3.7281971098460165,3.565470656536827,9.324717651257398,8.417811490758858,5.208996118700263,5.036213356167129,0.0,0.0,0.0
high_5.25in,Driver,36,44,0.7330666220262234,2.5506993194055596,3.0657131814229324,4.098674989952833,6.818111373203468,8.177624164902774,4.285902303758418,4.502202609286616,0.0,0.0,0.0
high_5.25in,Driver,37,25,-1.637633203736063,2.8218248704324838,3.401105751995921,2.292562805919296,8.822009171568702,7.160374991143162,4.9946949011639195,4.448076479561788,0.0,0.0,0.0
high_5.25in,Driver,38,41,2.368638194879082,3.3954995548005327,2.2427744763041733,2.7122676628515174,8.567459983961339,9.09482549675109,4.867070530254953,3.2442925063418415,0.0,0.0,0.0
high_5.25in,Driver,39,23,-1.5508186090861873,2.9181657145652933,3.6952941973369446,2.439243802209832,7.262893128336725,6.89291377763428,6.189308017976382,3.365615326812845,0.0,0.0,0.0
high_5.25in,Driver,40,41,2.2248788861707025,2.7457837613934246,3.2067551015340934,3.0614100599070273,6.982867932695579,8.410989902411288,4.8129180404170375,4.542398318164269,0.0,0.0,0.0
